path,slab,tile,z0,y0,x0,win_lo_z,win_lo_y,win_lo_x,win_hi_z,win_hi_y,win_hi_x,clamped,n_vox,n_pred,n_lab,n_pred_and_lab,n_pred_near_lab,coverage_strict,coverage_near4,reverse_strict,status
z0/tile_y0_x1344.npz,z0,tile_y0_x1344,0,0,1344,64,192,1536,192,320,1664,0,2097152,810788,24232,24232,24318,0.029887,0.029993,1.0,ok
z0/tile_y0_x1792.npz,z0,tile_y0_x1792,0,0,1792,64,192,1984,192,320,2112,0,2097152,810054,23546,23546,23611,0.029067,0.029147,1.0,ok
z0/tile_y0_x2240.npz,z0,tile_y0_x2240,0,0,2240,64,192,2432,192,320,2560,0,2097152,806204,19473,19473,19655,0.024154,0.02438,1.0,ok
z0/tile_y0_x896.npz,z0,tile_y0_x896,0,0,896,64,192,1088,192,320,1216,0,2097152,804794,17760,17760,18292,0.022068,0.022729,1.0,ok
z0/tile_y1344_x0.npz,z0,tile_y1344_x0,0,1344,0,64,1536,192,192,1664,320,0,2097152,271986,269033,269033,271883,0.989143,0.999621,1.0,ok
z0/tile_y1344_x1344.npz,z0,tile_y1344_x1344,0,1344,1344,64,1536,1536,192,1664,1664,0,2097152,199478,176080,176080,198106,0.882704,0.993122,1.0,ok
z0/tile_y1344_x1792.npz,z0,tile_y1344_x1792,0,1344,1792,64,1536,1984,192,1664,2112,0,2097152,78973,78378,78378,78969,0.992466,0.999949,1.0,ok
z0/tile_y1344_x2240.npz,z0,tile_y1344_x2240,0,1344,2240,64,1536,2432,192,1664,2560,0,2097152,349365,53377,53377,65412,0.152783,0.187231,1.0,ok
z0/tile_y1344_x2688.npz,z0,tile_y1344_x2688,0,1344,2688,64,1536,2880,192,1664,3008,0,2097152,983847,196703,196703,197292,0.199933,0.200531,1.0,ok
z0/tile_y1344_x3136.npz,z0,tile_y1344_x3136,0,1344,3136,64,1536,3328,192,1664,3456,0,2097152,977727,200058,200058,209701,0.204615,0.214478,1.0,ok
z0/tile_y1344_x3584.npz,z0,tile_y1344_x3584,0,1344,3584,64,1536,3776,192,1664,3797,1,344064,130454,1191,1191,1191,0.00913,0.00913,1.0,ok
z0/tile_y1344_x448.npz,z0,tile_y1344_x448,0,1344,448,64,1536,640,192,1664,768,0,2097152,433317,410744,410744,429135,0.947906,0.990349,1.0,ok
z0/tile_y1344_x896.npz,z0,tile_y1344_x896,0,1344,896,64,1536,1088,192,1664,1216,0,2097152,318780,284586,284586,309237,0.892735,0.970064,1.0,ok
z0/tile_y1792_x0.npz,z0,tile_y1792_x0,0,1792,0,64,1984,192,192,2112,320,0,2097152,113131,103408,103408,111590,0.914055,0.986379,1.0,ok
z0/tile_y1792_x1344.npz,z0,tile_y1792_x1344,0,1792,1344,64,1984,1536,192,2112,1664,0,2097152,792143,4580,4580,4724,0.005782,0.005964,1.0,ok
z0/tile_y1792_x1792.npz,z0,tile_y1792_x1792,0,1792,1792,64,1984,1984,192,2112,2112,0,2097152,527304,436959,436959,525219,0.828666,0.996046,1.0,ok
z0/tile_y1792_x2240.npz,z0,tile_y1792_x2240,0,1792,2240,64,1984,2432,192,2112,2560,0,2097152,130906,119176,119176,130553,0.910394,0.997303,1.0,ok
z0/tile_y1792_x2688.npz,z0,tile_y1792_x2688,0,1792,2688,64,1984,2880,192,2112,3008,0,2097152,111163,105877,105877,111158,0.952448,0.999955,1.0,ok
z0/tile_y1792_x3136.npz,z0,tile_y1792_x3136,0,1792,3136,64,1984,3328,192,2112,3456,0,2097152,796603,777617,777617,795562,0.976166,0.998693,1.0,ok
z0/tile_y1792_x3584.npz,z0,tile_y1792_x3584,0,1792,3584,64,1984,3776,192,2112,3797,1,344064,25849,2317,2317,2622,0.089636,0.101435,1.0,ok
z0/tile_y1792_x448.npz,z0,tile_y1792_x448,0,1792,448,64,1984,640,192,2112,768,0,2097152,789093,2513,2513,2553,0.003185,0.003235,1.0,ok
z0/tile_y1792_x896.npz,z0,tile_y1792_x896,0,1792,896,64,1984,1088,192,2112,1216,0,2097152,792644,4296,4296,4500,0.00542,0.005677,1.0,ok
z0/tile_y2240_x0.npz,z0,tile_y2240_x0,0,2240,0,64,2432,192,192,2560,320,0,2097152,800324,12299,12299,13877,0.015368,0.017339,1.0,ok
z0/tile_y2240_x1344.npz,z0,tile_y2240_x1344,0,2240,1344,64,2432,1536,192,2560,1664,0,2097152,799834,10702,10702,11114,0.01338,0.013895,1.0,ok
z0/tile_y2240_x1792.npz,z0,tile_y2240_x1792,0,2240,1792,64,2432,1984,192,2560,2112,0,2097152,807317,19307,19307,20019,0.023915,0.024797,1.0,ok
z0/tile_y2240_x2240.npz,z0,tile_y2240_x2240,0,2240,2240,64,2432,2432,192,2560,2560,0,2097152,630686,598,598,664,0.000948,0.001053,1.0,ok
z0/tile_y2240_x2688.npz,z0,tile_y2240_x2688,0,2240,2688,64,2432,2880,192,2560,3008,0,2097152,574442,6376,6376,6652,0.011099,0.01158,1.0,ok
z0/tile_y2240_x3136.npz,z0,tile_y2240_x3136,0,2240,3136,64,2432,3328,192,2560,3456,0,2097152,812315,24936,24936,25882,0.030697,0.031862,1.0,ok
z0/tile_y2240_x448.npz,z0,tile_y2240_x448,0,2240,448,64,2432,640,192,2560,768,0,2097152,795927,2519,2519,2640,0.003165,0.003317,1.0,ok
z0/tile_y2240_x896.npz,z0,tile_y2240_x896,0,2240,896,64,2432,1088,192,2560,1216,0,2097152,804071,16999,16999,17389,0.021141,0.021626,1.0,ok
z0/tile_y2688_x1344.npz,z0,tile_y2688_x1344,0,2688,1344,64,2880,1536,192,3008,1664,0,2097152,793814,6920,6920,7095,0.008717,0.008938,1.0,ok
z0/tile_y2688_x1792.npz,z0,tile_y2688_x1792,0,2688,1792,64,2880,1984,192,3008,2112,0,2097152,803324,16295,16295,16415,0.020284,0.020434,1.0,ok
z0/tile_y2688_x2240.npz,z0,tile_y2688_x2240,0,2688,2240,64,2880,2432,192,3008,2560,0,2097152,806051,17095,17095,17289,0.021208,0.021449,1.0,ok
z0/tile_y2688_x2688.npz,z0,tile_y2688_x2688,0,2688,2688,64,2880,2880,192,3008,3008,0,2097152,810691,24038,24038,24248,0.029651,0.02991,1.0,ok
z0/tile_y2688_x3136.npz,z0,tile_y2688_x3136,0,2688,3136,64,2880,3328,192,3008,3456,0,2097152,810379,23533,23533,23930,0.029039,0.029529,1.0,ok
z0/tile_y2688_x448.npz,z0,tile_y2688_x448,0,2688,448,64,2880,640,192,3008,768,0,2097152,816900,30467,30467,30468,0.037296,0.037297,1.0,ok
z0/tile_y2688_x896.npz,z0,tile_y2688_x896,0,2688,896,64,2880,1088,192,3008,1216,0,2097152,794455,0,0,0,0.0,0.0,,ok
z0/tile_y3136_x1344.npz,z0,tile_y3136_x1344,0,3136,1344,64,3328,1536,192,3456,1664,0,2097152,823652,37022,37022,37173,0.044949,0.045132,1.0,ok
z0/tile_y3136_x1792.npz,z0,tile_y3136_x1792,0,3136,1792,64,3328,1984,192,3456,2112,0,2097152,822317,35440,35440,35743,0.043098,0.043466,1.0,ok
z0/tile_y3136_x2240.npz,z0,tile_y3136_x2240,0,3136,2240,64,3328,2432,192,3456,2560,0,2097152,805195,15143,15143,15603,0.018807,0.019378,1.0,ok
z0/tile_y3136_x2688.npz,z0,tile_y3136_x2688,0,3136,2688,64,3328,2880,192,3456,3008,0,2097152,814687,28208,28208,28229,0.034624,0.03465,1.0,ok
z0/tile_y3136_x448.npz,z0,tile_y3136_x448,0,3136,448,64,3328,640,192,3456,768,0,2097152,798932,9810,9810,12494,0.012279,0.015638,1.0,ok
z0/tile_y3136_x896.npz,z0,tile_y3136_x896,0,3136,896,64,3328,1088,192,3456,1216,0,2097152,808225,21647,21647,21774,0.026783,0.026941,1.0,ok
z0/tile_y3584_x1344.npz,z0,tile_y3584_x1344,0,3584,1344,64,3776,1536,192,3797,1664,1,344064,133167,489,489,579,0.003672,0.004348,1.0,ok
z0/tile_y3584_x1792.npz,z0,tile_y3584_x1792,0,3584,1792,64,3776,1984,192,3797,2112,1,344064,130752,1185,1185,1199,0.009063,0.00917,1.0,ok
z0/tile_y3584_x2240.npz,z0,tile_y3584_x2240,0,3584,2240,64,3776,2432,192,3797,2560,1,344064,129024,0,0,0,0.0,0.0,,ok
z0/tile_y3584_x896.npz,z0,tile_y3584_x896,0,3584,896,64,3776,1088,192,3797,1216,1,344064,215057,0,0,0,0.0,0.0,,ok
z0/tile_y448_x0.npz,z0,tile_y448_x0,0,448,0,64,640,192,192,768,320,0,2097152,1591570,0,0,0,0.0,0.0,,ok
z0/tile_y448_x1344.npz,z0,tile_y448_x1344,0,448,1344,64,640,1536,192,768,1664,0,2097152,840825,53669,53669,54384,0.063829,0.064679,1.0,ok
z0/tile_y448_x1792.npz,z0,tile_y448_x1792,0,448,1792,64,640,1984,192,768,2112,0,2097152,835589,47986,47986,49025,0.057428,0.058671,1.0,ok
z0/tile_y448_x2240.npz,z0,tile_y448_x2240,0,448,2240,64,640,2432,192,768,2560,0,2097152,829619,41873,41873,42205,0.050473,0.050873,1.0,ok
z0/tile_y448_x2688.npz,z0,tile_y448_x2688,0,448,2688,64,640,2880,192,768,3008,0,2097152,820476,33673,33673,33919,0.041041,0.041341,1.0,ok
z0/tile_y448_x3136.npz,z0,tile_y448_x3136,0,448,3136,64,640,3328,192,768,3456,0,2097152,799117,11701,11701,12649,0.014642,0.015829,1.0,ok
z0/tile_y448_x448.npz,z0,tile_y448_x448,0,448,448,64,640,640,192,768,768,0,2097152,814643,27436,27436,27934,0.033679,0.03429,1.0,ok
z0/tile_y448_x896.npz,z0,tile_y448_x896,0,448,896,64,640,1088,192,768,1216,0,2097152,838677,50713,50713,51933,0.060468,0.061923,1.0,ok
z0/tile_y896_x0.npz,z0,tile_y896_x0,0,896,0,64,1088,192,192,1216,320,0,2097152,826222,37978,37978,39315,0.045966,0.047584,1.0,ok
z0/tile_y896_x1344.npz,z0,tile_y896_x1344,0,896,1344,64,1088,1536,192,1216,1664,0,2097152,829576,36971,36971,42254,0.044566,0.050934,1.0,ok
z0/tile_y896_x1792.npz,z0,tile_y896_x1792,0,896,1792,64,1088,1984,192,1216,2112,0,2097152,852598,63834,63834,65427,0.07487,0.076738,1.0,ok
z0/tile_y896_x2240.npz,z0,tile_y896_x2240,0,896,2240,64,1088,2432,192,1216,2560,0,2097152,845856,56330,56330,57465,0.066595,0.067937,1.0,ok
z0/tile_y896_x2688.npz,z0,tile_y896_x2688,0,896,2688,64,1088,2880,192,1216,3008,0,2097152,872544,79657,79657,85670,0.091293,0.098184,1.0,ok
z0/tile_y896_x3136.npz,z0,tile_y896_x3136,0,896,3136,64,1088,3328,192,1216,3456,0,2097152,803773,11951,11951,12267,0.014869,0.015262,1.0,ok
z0/tile_y896_x3584.npz,z0,tile_y896_x3584,0,896,3584,64,1088,3776,192,1216,3797,1,344064,215030,0,0,0,0.0,0.0,,ok
z0/tile_y896_x448.npz,z0,tile_y896_x448,0,896,448,64,1088,640,192,1216,768,0,2097152,919066,117264,117264,132159,0.12759,0.143797,1.0,ok
z0/tile_y896_x896.npz,z0,tile_y896_x896,0,896,896,64,1088,1088,192,1216,1216,0,2097152,900820,111780,111780,113602,0.124087,0.12611,1.0,ok
z10080/tile_y1344_x0.npz,z10080,tile_y1344_x0,10080,1344,0,10144,1536,192,10272,1664,320,0,2097152,635588,6311,6311,6537,0.009929,0.010285,1.0,ok
z10080/tile_y1344_x1344.npz,z10080,tile_y1344_x1344,10080,1344,1344,10144,1536,1536,10272,1664,1664,0,2097152,595462,593037,593037,595143,0.995928,0.999464,1.0,ok
z10080/tile_y1344_x1792.npz,z10080,tile_y1344_x1792,10080,1344,1792,10144,1536,1984,10272,1664,2112,0,2097152,657244,654500,654500,656558,0.995825,0.998956,1.0,ok
z10080/tile_y1344_x2240.npz,z10080,tile_y1344_x2240,10080,1344,2240,10144,1536,2432,10272,1664,2560,0,2097152,548450,546705,546705,548344,0.996818,0.999807,1.0,ok
z10080/tile_y1344_x2688.npz,z10080,tile_y1344_x2688,10080,1344,2688,10144,1536,2880,10272,1664,3008,0,2097152,555521,553346,553346,555383,0.996085,0.999752,1.0,ok
z10080/tile_y1344_x448.npz,z10080,tile_y1344_x448,10080,1344,448,10144,1536,640,10272,1664,768,0,2097152,677872,675611,675611,677448,0.996665,0.999375,1.0,ok
z10080/tile_y1344_x896.npz,z10080,tile_y1344_x896,10080,1344,896,10144,1536,1088,10272,1664,1216,0,2097152,563576,562041,562041,563473,0.997276,0.999817,1.0,ok
z10080/tile_y1792_x0.npz,z10080,tile_y1792_x0,10080,1792,0,10144,1984,192,10272,2112,320,0,2097152,1252873,0,0,0,0.0,0.0,,ok
z10080/tile_y1792_x1344.npz,z10080,tile_y1792_x1344,10080,1792,1344,10144,1984,1536,10272,2112,1664,0,2097152,616196,612338,612338,614970,0.993739,0.99801,1.0,ok
z10080/tile_y1792_x1792.npz,z10080,tile_y1792_x1792,10080,1792,1792,10144,1984,1984,10272,2112,2112,0,2097152,569114,567774,567774,569075,0.997645,0.999931,1.0,ok
z10080/tile_y1792_x2240.npz,z10080,tile_y1792_x2240,10080,1792,2240,10144,1984,2432,10272,2112,2560,0,2097152,726614,725065,725065,726533,0.997868,0.999889,1.0,ok
z10080/tile_y1792_x2688.npz,z10080,tile_y1792_x2688,10080,1792,2688,10144,1984,2880,10272,2112,3008,0,2097152,420140,417949,417949,418872,0.994785,0.996982,1.0,ok
z10080/tile_y1792_x448.npz,z10080,tile_y1792_x448,10080,1792,448,10144,1984,640,10272,2112,768,0,2097152,462492,461708,461708,462471,0.998305,0.999955,1.0,ok
z10080/tile_y1792_x896.npz,z10080,tile_y1792_x896,10080,1792,896,10144,1984,1088,10272,2112,1216,0,2097152,561785,559686,559686,561516,0.996264,0.999521,1.0,ok
z10080/tile_y2240_x0.npz,z10080,tile_y2240_x0,10080,2240,0,10144,2432,192,10272,2560,320,0,2097152,262144,0,0,0,0.0,0.0,,ok
z10080/tile_y2240_x1344.npz,z10080,tile_y2240_x1344,10080,2240,1344,10144,2432,1536,10272,2560,1664,0,2097152,657580,653691,653691,656543,0.994086,0.998423,1.0,ok
z10080/tile_y2240_x1792.npz,z10080,tile_y2240_x1792,10080,2240,1792,10144,2432,1984,10272,2560,2112,0,2097152,686569,684546,684546,686248,0.997053,0.999532,1.0,ok
z10080/tile_y2240_x2240.npz,z10080,tile_y2240_x2240,10080,2240,2240,10144,2432,2432,10272,2560,2560,0,2097152,414913,405944,405944,408784,0.978383,0.985228,1.0,ok
z10080/tile_y2240_x2688.npz,z10080,tile_y2240_x2688,10080,2240,2688,10144,2432,2880,10272,2560,3008,0,2097152,843262,0,0,0,0.0,0.0,,ok
z10080/tile_y2240_x448.npz,z10080,tile_y2240_x448,10080,2240,448,10144,2432,640,10272,2560,768,0,2097152,414449,7131,7131,7880,0.017206,0.019013,1.0,ok
z10080/tile_y2240_x896.npz,z10080,tile_y2240_x896,10080,2240,896,10144,2432,1088,10272,2560,1216,0,2097152,521496,517742,517742,518845,0.992801,0.994917,1.0,ok
z10080/tile_y896_x0.npz,z10080,tile_y896_x0,10080,896,0,10144,1088,192,10272,1216,320,0,2097152,262144,0,0,0,0.0,0.0,,ok
z10080/tile_y896_x1344.npz,z10080,tile_y896_x1344,10080,896,1344,10144,1088,1536,10272,1216,1664,0,2097152,580075,573503,573503,577545,0.98867,0.995638,1.0,ok
z10080/tile_y896_x1792.npz,z10080,tile_y896_x1792,10080,896,1792,10144,1088,1984,10272,1216,2112,0,2097152,260489,253068,253068,254549,0.971511,0.977197,1.0,ok
z10080/tile_y896_x2240.npz,z10080,tile_y896_x2240,10080,896,2240,10144,1088,2432,10272,1216,2560,0,2097152,514509,7,7,13,1.4e-05,2.5e-05,1.0,ok
z10080/tile_y896_x2688.npz,z10080,tile_y896_x2688,10080,896,2688,10144,1088,2880,10272,1216,3008,0,2097152,1074913,0,0,0,0.0,0.0,,ok
z10080/tile_y896_x448.npz,z10080,tile_y896_x448,10080,896,448,10144,1088,640,10272,1216,768,0,2097152,276318,272589,272589,273235,0.986505,0.988843,1.0,ok
z10080/tile_y896_x896.npz,z10080,tile_y896_x896,10080,896,896,10144,1088,1088,10272,1216,1216,0,2097152,652318,649855,649855,651641,0.996224,0.998962,1.0,ok
z10304/tile_y1344_x0.npz,z10304,tile_y1344_x0,10304,1344,0,10368,1536,192,10496,1664,320,0,2097152,733499,9590,9590,10523,0.013074,0.014346,1.0,ok
z10304/tile_y1344_x1344.npz,z10304,tile_y1344_x1344,10304,1344,1344,10368,1536,1536,10496,1664,1664,0,2097152,505462,502052,502052,504676,0.993254,0.998445,1.0,ok
z10304/tile_y1344_x1792.npz,z10304,tile_y1344_x1792,10304,1344,1792,10368,1536,1984,10496,1664,2112,0,2097152,575903,574020,574020,575273,0.99673,0.998906,1.0,ok
z10304/tile_y1344_x2240.npz,z10304,tile_y1344_x2240,10304,1344,2240,10368,1536,2432,10496,1664,2560,0,2097152,566811,559957,559957,564113,0.987908,0.99524,1.0,ok
z10304/tile_y1344_x2688.npz,z10304,tile_y1344_x2688,10304,1344,2688,10368,1536,2880,10496,1664,3008,0,2097152,550823,549812,549812,550779,0.998165,0.99992,1.0,ok
z10304/tile_y1344_x448.npz,z10304,tile_y1344_x448,10304,1344,448,10368,1536,640,10496,1664,768,0,2097152,625164,622518,622518,624549,0.995768,0.999016,1.0,ok
z10304/tile_y1344_x896.npz,z10304,tile_y1344_x896,10304,1344,896,10368,1536,1088,10496,1664,1216,0,2097152,580503,577666,577666,579904,0.995113,0.998968,1.0,ok
z10304/tile_y1792_x0.npz,z10304,tile_y1792_x0,10304,1792,0,10368,1984,192,10496,2112,320,0,2097152,1712946,0,0,0,0.0,0.0,,ok
z10304/tile_y1792_x1344.npz,z10304,tile_y1792_x1344,10304,1792,1344,10368,1984,1536,10496,2112,1664,0,2097152,596609,592842,592842,595897,0.993686,0.998807,1.0,ok
z10304/tile_y1792_x1792.npz,z10304,tile_y1792_x1792,10304,1792,1792,10368,1984,1984,10496,2112,2112,0,2097152,587739,586338,586338,587577,0.997616,0.999724,1.0,ok
z10304/tile_y1792_x2240.npz,z10304,tile_y1792_x2240,10304,1792,2240,10368,1984,2432,10496,2112,2560,0,2097152,698026,695358,695358,697391,0.996178,0.99909,1.0,ok
z10304/tile_y1792_x2688.npz,z10304,tile_y1792_x2688,10304,1792,2688,10368,1984,2880,10496,2112,3008,0,2097152,120069,11843,11843,11884,0.098635,0.098976,1.0,ok
z10304/tile_y1792_x448.npz,z10304,tile_y1792_x448,10304,1792,448,10368,1984,640,10496,2112,768,0,2097152,615912,612487,612487,615073,0.994439,0.998638,1.0,ok
z10304/tile_y1792_x896.npz,z10304,tile_y1792_x896,10304,1792,896,10368,1984,1088,10496,2112,1216,0,2097152,581581,578721,578721,580927,0.995082,0.998875,1.0,ok
z10304/tile_y2240_x1344.npz,z10304,tile_y2240_x1344,10304,2240,1344,10368,2432,1536,10496,2560,1664,0,2097152,589035,587126,587126,588638,0.996759,0.999326,1.0,ok
z10304/tile_y2240_x1792.npz,z10304,tile_y2240_x1792,10304,2240,1792,10368,2432,1984,10496,2560,2112,0,2097152,494233,483818,483818,484687,0.978927,0.980685,1.0,ok
z10304/tile_y2240_x2240.npz,z10304,tile_y2240_x2240,10304,2240,2240,10368,2432,2432,10496,2560,2560,0,2097152,301782,295471,295471,296613,0.979088,0.982872,1.0,ok
z10304/tile_y2240_x2688.npz,z10304,tile_y2240_x2688,10304,2240,2688,10368,2432,2880,10496,2560,3008,0,2097152,589824,0,0,0,0.0,0.0,,ok
z10304/tile_y2240_x448.npz,z10304,tile_y2240_x448,10304,2240,448,10368,2432,640,10496,2560,768,0,2097152,542125,0,0,0,0.0,0.0,,ok
z10304/tile_y2240_x896.npz,z10304,tile_y2240_x896,10304,2240,896,10368,2432,1088,10496,2560,1216,0,2097152,584024,580232,580232,582611,0.993507,0.997581,1.0,ok
z10304/tile_y448_x1344.npz,z10304,tile_y448_x1344,10304,448,1344,10368,640,1536,10496,768,1664,0,2097152,0,0,0,0,,,,ok
z10304/tile_y448_x896.npz,z10304,tile_y448_x896,10304,448,896,10368,640,1088,10496,768,1216,0,2097152,0,0,0,0,,,,ok
z10304/tile_y896_x0.npz,z10304,tile_y896_x0,10304,896,0,10368,1088,192,10496,1216,320,0,2097152,262144,0,0,0,0.0,0.0,,ok
z10304/tile_y896_x1344.npz,z10304,tile_y896_x1344,10304,896,1344,10368,1088,1536,10496,1216,1664,0,2097152,475338,470224,470224,473302,0.989241,0.995717,1.0,ok
z10304/tile_y896_x1792.npz,z10304,tile_y896_x1792,10304,896,1792,10368,1088,1984,10496,1216,2112,0,2097152,535821,531579,531579,534138,0.992083,0.996859,1.0,ok
z10304/tile_y896_x2240.npz,z10304,tile_y896_x2240,10304,896,2240,10368,1088,2432,10496,1216,2560,0,2097152,375140,362606,362606,370210,0.966588,0.986858,1.0,ok
z10304/tile_y896_x2688.npz,z10304,tile_y896_x2688,10304,896,2688,10368,1088,2880,10496,1216,3008,0,2097152,705657,0,0,0,0.0,0.0,,ok
z10304/tile_y896_x448.npz,z10304,tile_y896_x448,10304,896,448,10368,1088,640,10496,1216,768,0,2097152,62313,55753,55753,56052,0.894725,0.899523,1.0,ok
z10304/tile_y896_x896.npz,z10304,tile_y896_x896,10304,896,896,10368,1088,1088,10496,1216,1216,0,2097152,656427,653385,653385,655731,0.995366,0.99894,1.0,ok
z10528/tile_y1344_x0.npz,z10528,tile_y1344_x0,10528,1344,0,10592,1536,192,10720,1664,320,0,2097152,1752654,0,0,0,0.0,0.0,,ok
z10528/tile_y1344_x1344.npz,z10528,tile_y1344_x1344,10528,1344,1344,10592,1536,1536,10720,1664,1664,0,2097152,491917,487995,487995,490685,0.992027,0.997496,1.0,ok
z10528/tile_y1344_x1792.npz,z10528,tile_y1344_x1792,10528,1344,1792,10592,1536,1984,10720,1664,2112,0,2097152,640947,637438,637438,640114,0.994525,0.9987,1.0,ok
z10528/tile_y1344_x2240.npz,z10528,tile_y1344_x2240,10528,1344,2240,10592,1536,2432,10720,1664,2560,0,2097152,649489,647317,647317,649276,0.996656,0.999672,1.0,ok
z10528/tile_y1344_x2688.npz,z10528,tile_y1344_x2688,10528,1344,2688,10592,1536,2880,10720,1664,3008,0,2097152,391265,989,989,989,0.002528,0.002528,1.0,ok
z10528/tile_y1344_x448.npz,z10528,tile_y1344_x448,10528,1344,448,10592,1536,640,10720,1664,768,0,2097152,679613,677058,677058,679254,0.996241,0.999472,1.0,ok
z10528/tile_y1344_x896.npz,z10528,tile_y1344_x896,10528,1344,896,10592,1536,1088,10720,1664,1216,0,2097152,658227,655678,655678,657834,0.996127,0.999403,1.0,ok
z10528/tile_y1792_x0.npz,z10528,tile_y1792_x0,10528,1792,0,10592,1984,192,10720,2112,320,0,2097152,908332,0,0,0,0.0,0.0,,ok
z10528/tile_y1792_x1344.npz,z10528,tile_y1792_x1344,10528,1792,1344,10592,1984,1536,10720,2112,1664,0,2097152,627469,626392,626392,627418,0.998284,0.999919,1.0,ok
z10528/tile_y1792_x1792.npz,z10528,tile_y1792_x1792,10528,1792,1792,10592,1984,1984,10720,2112,2112,0,2097152,557074,549880,549880,553255,0.987086,0.993145,1.0,ok
z10528/tile_y1792_x2240.npz,z10528,tile_y1792_x2240,10528,1792,2240,10592,1984,2432,10720,2112,2560,0,2097152,642874,640975,640975,642690,0.997046,0.999714,1.0,ok
z10528/tile_y1792_x2688.npz,z10528,tile_y1792_x2688,10528,1792,2688,10592,1984,2880,10720,2112,3008,0,2097152,999184,0,0,0,0.0,0.0,,ok
z10528/tile_y1792_x448.npz,z10528,tile_y1792_x448,10528,1792,448,10592,1984,640,10720,2112,768,0,2097152,728281,722538,722538,726336,0.992114,0.997329,1.0,ok
z10528/tile_y1792_x896.npz,z10528,tile_y1792_x896,10528,1792,896,10592,1984,1088,10720,2112,1216,0,2097152,562202,559784,559784,561705,0.995699,0.999116,1.0,ok
z10528/tile_y2240_x1344.npz,z10528,tile_y2240_x1344,10528,2240,1344,10592,2432,1536,10720,2560,1664,0,2097152,372598,367897,367897,369012,0.987383,0.990376,1.0,ok
z10528/tile_y2240_x1792.npz,z10528,tile_y2240_x1792,10528,2240,1792,10592,2432,1984,10720,2560,2112,0,2097152,188110,178582,178582,184183,0.949349,0.979124,1.0,ok
z10528/tile_y2240_x2240.npz,z10528,tile_y2240_x2240,10528,2240,2240,10592,2432,2432,10720,2560,2560,0,2097152,235466,16405,16405,16408,0.06967,0.069683,1.0,ok
z10528/tile_y2240_x2688.npz,z10528,tile_y2240_x2688,10528,2240,2688,10592,2432,2880,10720,2560,3008,0,2097152,0,0,0,0,,,,ok
z10528/tile_y2240_x448.npz,z10528,tile_y2240_x448,10528,2240,448,10592,2432,640,10720,2560,768,0,2097152,679243,0,0,0,0.0,0.0,,ok
z10528/tile_y2240_x896.npz,z10528,tile_y2240_x896,10528,2240,896,10592,2432,1088,10720,2560,1216,0,2097152,571509,564937,564937,568601,0.988501,0.994912,1.0,ok
z10528/tile_y448_x1344.npz,z10528,tile_y448_x1344,10528,448,1344,10592,640,1536,10720,768,1664,0,2097152,1251740,0,0,0,0.0,0.0,,ok
z10528/tile_y448_x1792.npz,z10528,tile_y448_x1792,10528,448,1792,10592,640,1984,10720,768,2112,0,2097152,196427,0,0,0,0.0,0.0,,ok
z10528/tile_y448_x896.npz,z10528,tile_y448_x896,10528,448,896,10592,640,1088,10720,768,1216,0,2097152,1378075,0,0,0,0.0,0.0,,ok
z10528/tile_y896_x1344.npz,z10528,tile_y896_x1344,10528,896,1344,10592,1088,1536,10720,1216,1664,0,2097152,630880,629464,629464,630662,0.997756,0.999654,1.0,ok
z10528/tile_y896_x1792.npz,z10528,tile_y896_x1792,10528,896,1792,10592,1088,1984,10720,1216,2112,0,2097152,578257,577369,577369,578168,0.998464,0.999846,1.0,ok
z10528/tile_y896_x2240.npz,z10528,tile_y896_x2240,10528,896,2240,10592,1088,2432,10720,1216,2560,0,2097152,571064,570009,570009,570905,0.998153,0.999722,1.0,ok
z10528/tile_y896_x2688.npz,z10528,tile_y896_x2688,10528,896,2688,10592,1088,2880,10720,1216,3008,0,2097152,160046,1,1,1,6e-06,6e-06,1.0,ok
z10528/tile_y896_x448.npz,z10528,tile_y896_x448,10528,896,448,10592,1088,640,10720,1216,768,0,2097152,705303,0,0,0,0.0,0.0,,ok
z10528/tile_y896_x896.npz,z10528,tile_y896_x896,10528,896,896,10592,1088,1088,10720,1216,1216,0,2097152,566743,564278,564278,566254,0.995651,0.999137,1.0,ok
z10752/tile_y1344_x1344.npz,z10752,tile_y1344_x1344,10752,1344,1344,10816,1536,1536,10944,1664,1664,0,2097152,511429,504972,504972,507257,0.987375,0.991842,1.0,ok
z10752/tile_y1344_x1792.npz,z10752,tile_y1344_x1792,10752,1344,1792,10816,1536,1984,10944,1664,2112,0,2097152,489619,484337,484337,487908,0.989212,0.996505,1.0,ok
z10752/tile_y1344_x2240.npz,z10752,tile_y1344_x2240,10752,1344,2240,10816,1536,2432,10944,1664,2560,0,2097152,680177,676014,676014,679173,0.99388,0.998524,1.0,ok
z10752/tile_y1344_x2688.npz,z10752,tile_y1344_x2688,10752,1344,2688,10816,1536,2880,10944,1664,3008,0,2097152,1327104,0,0,0,0.0,0.0,,ok
z10752/tile_y1344_x448.npz,z10752,tile_y1344_x448,10752,1344,448,10816,1536,640,10944,1664,768,0,2097152,160627,156335,156335,157448,0.97328,0.980209,1.0,ok
z10752/tile_y1344_x896.npz,z10752,tile_y1344_x896,10752,1344,896,10816,1536,1088,10944,1664,1216,0,2097152,499180,495580,495580,497843,0.992788,0.997322,1.0,ok
z10752/tile_y1792_x1344.npz,z10752,tile_y1792_x1344,10752,1792,1344,10816,1984,1536,10944,2112,1664,0,2097152,446084,444555,444555,445833,0.996572,0.999437,1.0,ok
z10752/tile_y1792_x1792.npz,z10752,tile_y1792_x1792,10752,1792,1792,10816,1984,1984,10944,2112,2112,0,2097152,700084,695260,695260,698103,0.993109,0.99717,1.0,ok
z10752/tile_y1792_x2240.npz,z10752,tile_y1792_x2240,10752,1792,2240,10816,1984,2432,10944,2112,2560,0,2097152,761792,759757,759757,761553,0.997329,0.999686,1.0,ok
z10752/tile_y1792_x2688.npz,z10752,tile_y1792_x2688,10752,1792,2688,10816,1984,2880,10944,2112,3008,0,2097152,1466807,0,0,0,0.0,0.0,,ok
z10752/tile_y1792_x448.npz,z10752,tile_y1792_x448,10752,1792,448,10816,1984,640,10944,2112,768,0,2097152,1523472,0,0,0,0.0,0.0,,ok
z10752/tile_y1792_x896.npz,z10752,tile_y1792_x896,10752,1792,896,10816,1984,1088,10944,2112,1216,0,2097152,190435,88333,88333,89442,0.463849,0.469672,1.0,ok
z10752/tile_y2240_x1344.npz,z10752,tile_y2240_x1344,10752,2240,1344,10816,2432,1536,10944,2560,1664,0,2097152,1464588,0,0,0,0.0,0.0,,ok
z10752/tile_y2240_x1792.npz,z10752,tile_y2240_x1792,10752,2240,1792,10816,2432,1984,10944,2560,2112,0,2097152,935557,0,0,0,0.0,0.0,,ok
z10752/tile_y2240_x2240.npz,z10752,tile_y2240_x2240,10752,2240,2240,10816,2432,2432,10944,2560,2560,0,2097152,923906,0,0,0,0.0,0.0,,ok
z10752/tile_y2240_x896.npz,z10752,tile_y2240_x896,10752,2240,896,10816,2432,1088,10944,2560,1216,0,2097152,524288,0,0,0,0.0,0.0,,ok
z10752/tile_y448_x1344.npz,z10752,tile_y448_x1344,10752,448,1344,10816,640,1536,10944,768,1664,0,2097152,714355,711262,711262,713984,0.99567,0.999481,1.0,ok
z10752/tile_y448_x1792.npz,z10752,tile_y448_x1792,10752,448,1792,10816,640,1984,10944,768,2112,0,2097152,381588,375178,375178,377440,0.983202,0.98913,1.0,ok
z10752/tile_y448_x2240.npz,z10752,tile_y448_x2240,10752,448,2240,10816,640,2432,10944,768,2560,0,2097152,409807,1550,1550,1687,0.003782,0.004117,1.0,ok
z10752/tile_y448_x2688.npz,z10752,tile_y448_x2688,10752,448,2688,10816,640,2880,10944,768,3008,0,2097152,0,0,0,0,,,,ok
z10752/tile_y448_x896.npz,z10752,tile_y448_x896,10752,448,896,10816,640,1088,10944,768,1216,0,2097152,248879,187793,187793,195057,0.754555,0.783742,1.0,ok
z10752/tile_y896_x1344.npz,z10752,tile_y896_x1344,10752,896,1344,10816,1088,1536,10944,1216,1664,0,2097152,556861,554782,554782,556658,0.996267,0.999635,1.0,ok
z10752/tile_y896_x1792.npz,z10752,tile_y896_x1792,10752,896,1792,10816,1088,1984,10944,1216,2112,0,2097152,590318,586721,586721,589242,0.993907,0.998177,1.0,ok
z10752/tile_y896_x2240.npz,z10752,tile_y896_x2240,10752,896,2240,10816,1088,2432,10944,1216,2560,0,2097152,661729,657357,657357,660200,0.993393,0.997689,1.0,ok
z10752/tile_y896_x2688.npz,z10752,tile_y896_x2688,10752,896,2688,10816,1088,2880,10944,1216,3008,0,2097152,1279497,0,0,0,0.0,0.0,,ok
z10752/tile_y896_x448.npz,z10752,tile_y896_x448,10752,896,448,10816,1088,640,10944,1216,768,0,2097152,1210624,0,0,0,0.0,0.0,,ok
z10752/tile_y896_x896.npz,z10752,tile_y896_x896,10752,896,896,10816,1088,1088,10944,1216,1216,0,2097152,565744,560941,560941,564029,0.99151,0.996969,1.0,ok
z10976/tile_y1344_x0.npz,z10976,tile_y1344_x0,10976,1344,0,11040,1536,192,11168,1664,320,0,2097152,1634075,0,0,0,0.0,0.0,,ok
z10976/tile_y1344_x1344.npz,z10976,tile_y1344_x1344,10976,1344,1344,11040,1536,1536,11168,1664,1664,0,2097152,1432063,0,0,0,0.0,0.0,,ok
z10976/tile_y1344_x1792.npz,z10976,tile_y1344_x1792,10976,1344,1792,11040,1536,1984,11168,1664,2112,0,2097152,802026,356,356,363,0.000444,0.000453,1.0,ok
z10976/tile_y1344_x2240.npz,z10976,tile_y1344_x2240,10976,1344,2240,11040,1536,2432,11168,1664,2560,0,2097152,418244,29339,29339,29377,0.070148,0.070239,1.0,ok
z10976/tile_y1344_x2688.npz,z10976,tile_y1344_x2688,10976,1344,2688,11040,1536,2880,11168,1664,3008,0,2097152,1104609,0,0,0,0.0,0.0,,ok
z10976/tile_y1344_x448.npz,z10976,tile_y1344_x448,10976,1344,448,11040,1536,640,11168,1664,768,0,2097152,933888,0,0,0,0.0,0.0,,ok
z10976/tile_y1344_x896.npz,z10976,tile_y1344_x896,10976,1344,896,11040,1536,1088,11168,1664,1216,0,2097152,902911,7117,7117,7148,0.007882,0.007917,1.0,ok
z10976/tile_y1792_x0.npz,z10976,tile_y1792_x0,10976,1792,0,11040,1984,192,11168,2112,320,0,2097152,1579136,0,0,0,0.0,0.0,,ok
z10976/tile_y1792_x1792.npz,z10976,tile_y1792_x1792,10976,1792,1792,11040,1984,1984,11168,2112,2112,0,2097152,2017471,0,0,0,0.0,0.0,,ok
z10976/tile_y1792_x2240.npz,z10976,tile_y1792_x2240,10976,1792,2240,11040,1984,2432,11168,2112,2560,0,2097152,1700608,0,0,0,0.0,0.0,,ok
z10976/tile_y1792_x2688.npz,z10976,tile_y1792_x2688,10976,1792,2688,11040,1984,2880,11168,2112,3008,0,2097152,1213440,0,0,0,0.0,0.0,,ok
z10976/tile_y2240_x2688.npz,z10976,tile_y2240_x2688,10976,2240,2688,11040,2432,2880,11168,2560,3008,0,2097152,262144,0,0,0,0.0,0.0,,ok
z10976/tile_y448_x1344.npz,z10976,tile_y448_x1344,10976,448,1344,11040,640,1536,11168,768,1664,0,2097152,551485,546689,546689,549986,0.991303,0.997282,1.0,ok
z10976/tile_y448_x1792.npz,z10976,tile_y448_x1792,10976,448,1792,11040,640,1984,11168,768,2112,0,2097152,542996,535764,535764,540750,0.986681,0.995864,1.0,ok
z10976/tile_y448_x2240.npz,z10976,tile_y448_x2240,10976,448,2240,11040,640,2432,11168,768,2560,0,2097152,55161,23962,23962,24001,0.434401,0.435108,1.0,ok
z10976/tile_y448_x896.npz,z10976,tile_y448_x896,10976,448,896,11040,640,1088,11168,768,1216,0,2097152,465917,0,0,0,0.0,0.0,,ok
z10976/tile_y896_x1344.npz,z10976,tile_y896_x1344,10976,896,1344,11040,1088,1536,11168,1216,1664,0,2097152,253302,251203,251203,253135,0.991713,0.999341,1.0,ok
z10976/tile_y896_x1792.npz,z10976,tile_y896_x1792,10976,896,1792,11040,1088,1984,11168,1216,2112,0,2097152,441495,436672,436672,439898,0.989076,0.996383,1.0,ok
z10976/tile_y896_x2240.npz,z10976,tile_y896_x2240,10976,896,2240,11040,1088,2432,11168,1216,2560,0,2097152,690298,686158,686158,689296,0.994003,0.998548,1.0,ok
z10976/tile_y896_x2688.npz,z10976,tile_y896_x2688,10976,896,2688,11040,1088,2880,11168,1216,3008,0,2097152,0,0,0,0,,,,ok
z10976/tile_y896_x896.npz,z10976,tile_y896_x896,10976,896,896,11040,1088,1088,11168,1216,1216,0,2097152,27053,0,0,0,0.0,0.0,,ok
z1120/tile_y1344_x1344.npz,z1120,tile_y1344_x1344,1120,1344,1344,1184,1536,1536,1312,1664,1664,0,2097152,590103,587690,587690,589928,0.995911,0.999703,1.0,ok
z1120/tile_y1344_x1792.npz,z1120,tile_y1344_x1792,1120,1344,1792,1184,1536,1984,1312,1664,2112,0,2097152,591026,589091,589091,590789,0.996726,0.999599,1.0,ok
z1120/tile_y1344_x2240.npz,z1120,tile_y1344_x2240,1120,1344,2240,1184,1536,2432,1312,1664,2560,0,2097152,625341,623694,623694,625277,0.997366,0.999898,1.0,ok
z1120/tile_y1344_x448.npz,z1120,tile_y1344_x448,1120,1344,448,1184,1536,640,1312,1664,768,0,2097152,533041,531127,531127,532851,0.996409,0.999644,1.0,ok
z1120/tile_y1344_x896.npz,z1120,tile_y1344_x896,1120,1344,896,1184,1536,1088,1312,1664,1216,0,2097152,431152,428649,428649,430572,0.994195,0.998655,1.0,ok
z1120/tile_y1792_x0.npz,z1120,tile_y1792_x0,1120,1792,0,1184,1984,192,1312,2112,320,0,2097152,974068,0,0,0,0.0,0.0,,ok
z1120/tile_y1792_x1344.npz,z1120,tile_y1792_x1344,1120,1792,1344,1184,1984,1536,1312,2112,1664,0,2097152,654766,652339,652339,654283,0.996293,0.999262,1.0,ok
z1120/tile_y1792_x1792.npz,z1120,tile_y1792_x1792,1120,1792,1792,1184,1984,1984,1312,2112,2112,0,2097152,676935,675133,675133,676858,0.997338,0.999886,1.0,ok
z1120/tile_y1792_x2240.npz,z1120,tile_y1792_x2240,1120,1792,2240,1184,1984,2432,1312,2112,2560,0,2097152,557030,556182,556182,556867,0.998478,0.999707,1.0,ok
z1120/tile_y1792_x448.npz,z1120,tile_y1792_x448,1120,1792,448,1184,1984,640,1312,2112,768,0,2097152,526546,524935,524935,525854,0.99694,0.998686,1.0,ok
z1120/tile_y1792_x896.npz,z1120,tile_y1792_x896,1120,1792,896,1184,1984,1088,1312,2112,1216,0,2097152,506383,503113,503113,505600,0.993542,0.998454,1.0,ok
z1120/tile_y2240_x1344.npz,z1120,tile_y2240_x1344,1120,2240,1344,1184,2432,1536,1312,2560,1664,0,2097152,537461,536241,536241,537303,0.99773,0.999706,1.0,ok
z1120/tile_y2240_x1792.npz,z1120,tile_y2240_x1792,1120,2240,1792,1184,2432,1984,1312,2560,2112,0,2097152,533099,532329,532329,533052,0.998556,0.999912,1.0,ok
z1120/tile_y2240_x2240.npz,z1120,tile_y2240_x2240,1120,2240,2240,1184,2432,2432,1312,2560,2560,0,2097152,1206809,0,0,0,0.0,0.0,,ok
z1120/tile_y2240_x448.npz,z1120,tile_y2240_x448,1120,2240,448,1184,2432,640,1312,2560,768,0,2097152,1138043,0,0,0,0.0,0.0,,ok
z1120/tile_y2240_x896.npz,z1120,tile_y2240_x896,1120,2240,896,1184,2432,1088,1312,2560,1216,0,2097152,377827,368959,368959,374123,0.976529,0.990197,1.0,ok
z1120/tile_y896_x1344.npz,z1120,tile_y896_x1344,1120,896,1344,1184,1088,1536,1312,1216,1664,0,2097152,501466,497779,497779,499167,0.992648,0.995415,1.0,ok
z1120/tile_y896_x1792.npz,z1120,tile_y896_x1792,1120,896,1792,1184,1088,1984,1312,1216,2112,0,2097152,228666,131706,131706,132189,0.575975,0.578088,1.0,ok
z1120/tile_y896_x2240.npz,z1120,tile_y896_x2240,1120,896,2240,1184,1088,2432,1312,1216,2560,0,2097152,263810,6427,6427,6466,0.024362,0.02451,1.0,ok
z1120/tile_y896_x448.npz,z1120,tile_y896_x448,1120,896,448,1184,1088,640,1312,1216,768,0,2097152,1142141,0,0,0,0.0,0.0,,ok
z1120/tile_y896_x896.npz,z1120,tile_y896_x896,1120,896,896,1184,1088,1088,1312,1216,1216,0,2097152,680453,678172,678172,679989,0.996648,0.999318,1.0,ok
z11200/tile_y1344_x0.npz,z11200,tile_y1344_x0,11200,1344,0,11264,1536,192,11392,1664,320,0,2097152,414291,763,763,904,0.001842,0.002182,1.0,ok
z11200/tile_y1344_x1344.npz,z11200,tile_y1344_x1344,11200,1344,1344,11264,1536,1536,11392,1664,1664,0,2097152,119886,80111,80111,108145,0.668226,0.902065,1.0,ok
z11200/tile_y1344_x1792.npz,z11200,tile_y1344_x1792,11200,1344,1792,11264,1536,1984,11392,1664,2112,0,2097152,136444,122937,122937,125380,0.901007,0.918912,1.0,ok
z11200/tile_y1344_x2240.npz,z11200,tile_y1344_x2240,11200,1344,2240,11264,1536,2432,11392,1664,2560,0,2097152,59239,49715,49715,56095,0.839228,0.946927,1.0,ok
z11200/tile_y1344_x2688.npz,z11200,tile_y1344_x2688,11200,1344,2688,11264,1536,2880,11392,1664,3008,0,2097152,597120,0,0,0,0.0,0.0,,ok
z11200/tile_y1344_x3136.npz,z11200,tile_y1344_x3136,11200,1344,3136,11264,1536,3328,11392,1664,3456,0,2097152,0,0,0,0,,,,ok
z11200/tile_y1344_x3584.npz,z11200,tile_y1344_x3584,11200,1344,3584,11264,1536,3776,11392,1664,3797,1,344064,86016,0,0,0,0.0,0.0,,ok
z11200/tile_y1344_x448.npz,z11200,tile_y1344_x448,11200,1344,448,11264,1536,640,11392,1664,768,0,2097152,492288,461608,461608,489710,0.937679,0.994763,1.0,ok
z11200/tile_y1344_x896.npz,z11200,tile_y1344_x896,11200,1344,896,11264,1536,1088,11392,1664,1216,0,2097152,222951,174302,174302,217695,0.781795,0.976425,1.0,ok
z11200/tile_y1792_x0.npz,z11200,tile_y1792_x0,11200,1792,0,11264,1984,192,11392,2112,320,0,2097152,619165,1222,1222,1253,0.001974,0.002024,1.0,ok
z11200/tile_y448_x1344.npz,z11200,tile_y448_x1344,11200,448,1344,11264,640,1536,11392,768,1664,0,2097152,131430,38230,38230,38246,0.290877,0.290999,1.0,ok
z11200/tile_y448_x1792.npz,z11200,tile_y448_x1792,11200,448,1792,11264,640,1984,11392,768,2112,0,2097152,137301,90497,90497,91789,0.659114,0.668524,1.0,ok
z11200/tile_y448_x2240.npz,z11200,tile_y448_x2240,11200,448,2240,11264,640,2432,11392,768,2560,0,2097152,160350,44294,44294,45110,0.276233,0.281322,1.0,ok
z11200/tile_y896_x1344.npz,z11200,tile_y896_x1344,11200,896,1344,11264,1088,1536,11392,1216,1664,0,2097152,51950,49123,49123,50725,0.945582,0.97642,1.0,ok
z11200/tile_y896_x1792.npz,z11200,tile_y896_x1792,11200,896,1792,11264,1088,1984,11392,1216,2112,0,2097152,157904,128725,128725,140466,0.815211,0.889566,1.0,ok
z11200/tile_y896_x2240.npz,z11200,tile_y896_x2240,11200,896,2240,11264,1088,2432,11392,1216,2560,0,2097152,54158,48323,48323,50818,0.89226,0.938329,1.0,ok
z11200/tile_y896_x2688.npz,z11200,tile_y896_x2688,11200,896,2688,11264,1088,2880,11392,1216,3008,0,2097152,893672,0,0,0,0.0,0.0,,ok
z11200/tile_y896_x896.npz,z11200,tile_y896_x896,11200,896,896,11264,1088,1088,11392,1216,1216,0,2097152,952576,0,0,0,0.0,0.0,,ok
z11368/tile_y0_x1344.npz,z11368,tile_y0_x1344,11368,0,1344,11432,192,1536,11560,320,1664,0,2097152,131072,0,0,0,0.0,0.0,,ok
z11368/tile_y0_x1792.npz,z11368,tile_y0_x1792,11368,0,1792,11432,192,1984,11560,320,2112,0,2097152,131072,0,0,0,0.0,0.0,,ok
z11368/tile_y1344_x0.npz,z11368,tile_y1344_x0,11368,1344,0,11432,1536,192,11560,1664,320,0,2097152,788256,0,0,0,0.0,0.0,,ok
z11368/tile_y1344_x1344.npz,z11368,tile_y1344_x1344,11368,1344,1344,11432,1536,1536,11560,1664,1664,0,2097152,404245,310988,310988,398128,0.769306,0.984868,1.0,ok
z11368/tile_y1344_x1792.npz,z11368,tile_y1344_x1792,11368,1344,1792,11432,1536,1984,11560,1664,2112,0,2097152,190,0,0,0,0.0,0.0,,ok
z11368/tile_y1344_x2240.npz,z11368,tile_y1344_x2240,11368,1344,2240,11432,1536,2432,11560,1664,2560,0,2097152,786432,0,0,0,0.0,0.0,,ok
z11368/tile_y1344_x2688.npz,z11368,tile_y1344_x2688,11368,1344,2688,11432,1536,2880,11560,1664,3008,0,2097152,131072,0,0,0,0.0,0.0,,ok
z11368/tile_y1344_x3136.npz,z11368,tile_y1344_x3136,11368,1344,3136,11432,1536,3328,11560,1664,3456,0,2097152,131072,0,0,0,0.0,0.0,,ok
z11368/tile_y1344_x3584.npz,z11368,tile_y1344_x3584,11368,1344,3584,11432,1536,3776,11560,1664,3797,1,344064,80645,0,0,0,0.0,0.0,,ok
z11368/tile_y1344_x448.npz,z11368,tile_y1344_x448,11368,1344,448,11432,1536,640,11560,1664,768,0,2097152,378893,287408,287408,364422,0.758547,0.961807,1.0,ok
z11368/tile_y1344_x896.npz,z11368,tile_y1344_x896,11368,1344,896,11432,1536,1088,11560,1664,1216,0,2097152,190445,157311,157311,181048,0.826018,0.950658,1.0,ok
z11368/tile_y1792_x0.npz,z11368,tile_y1792_x0,11368,1792,0,11432,1984,192,11560,2112,320,0,2097152,872448,0,0,0,0.0,0.0,,ok
z11368/tile_y1792_x1344.npz,z11368,tile_y1792_x1344,11368,1792,1344,11432,1984,1536,11560,2112,1664,0,2097152,811522,0,0,0,0.0,0.0,,ok
z11368/tile_y1792_x1792.npz,z11368,tile_y1792_x1792,11368,1792,1792,11432,1984,1984,11560,2112,2112,0,2097152,482683,401323,401323,478841,0.831442,0.99204,1.0,ok
z11368/tile_y1792_x2240.npz,z11368,tile_y1792_x2240,11368,1792,2240,11432,1984,2432,11560,2112,2560,0,2097152,12687,3733,3733,5808,0.294238,0.457791,1.0,ok
z11368/tile_y1792_x2688.npz,z11368,tile_y1792_x2688,11368,1792,2688,11432,1984,2880,11560,2112,3008,0,2097152,434137,0,0,0,0.0,0.0,,ok
z11368/tile_y1792_x3136.npz,z11368,tile_y1792_x3136,11368,1792,3136,11432,1984,3328,11560,2112,3456,0,2097152,640189,564999,564999,633568,0.88255,0.989658,1.0,ok
z11368/tile_y1792_x3584.npz,z11368,tile_y1792_x3584,11368,1792,3584,11432,1984,3776,11560,2112,3797,1,344064,143554,0,0,0,0.0,0.0,,ok
z11368/tile_y1792_x448.npz,z11368,tile_y1792_x448,11368,1792,448,11432,1984,640,11560,2112,768,0,2097152,131072,0,0,0,0.0,0.0,,ok
z11368/tile_y1792_x896.npz,z11368,tile_y1792_x896,11368,1792,896,11432,1984,1088,11560,2112,1216,0,2097152,131072,0,0,0,0.0,0.0,,ok
z11368/tile_y2240_x0.npz,z11368,tile_y2240_x0,11368,2240,0,11432,2432,192,11560,2560,320,0,2097152,131072,0,0,0,0.0,0.0,,ok
z11368/tile_y2240_x1344.npz,z11368,tile_y2240_x1344,11368,2240,1344,11432,2432,1536,11560,2560,1664,0,2097152,131729,0,0,0,0.0,0.0,,ok
z11368/tile_y2240_x1792.npz,z11368,tile_y2240_x1792,11368,2240,1792,11432,2432,1984,11560,2560,2112,0,2097152,131176,0,0,0,0.0,0.0,,ok
z11368/tile_y2240_x2240.npz,z11368,tile_y2240_x2240,11368,2240,2240,11432,2432,2432,11560,2560,2560,0,2097152,853418,0,0,0,0.0,0.0,,ok
z11368/tile_y2240_x2688.npz,z11368,tile_y2240_x2688,11368,2240,2688,11432,2432,2880,11560,2560,3008,0,2097152,786432,0,0,0,0.0,0.0,,ok
z11368/tile_y2240_x3136.npz,z11368,tile_y2240_x3136,11368,2240,3136,11432,2432,3328,11560,2560,3456,0,2097152,131122,0,0,0,0.0,0.0,,ok
z11368/tile_y2240_x3584.npz,z11368,tile_y2240_x3584,11368,2240,3584,11432,2432,3776,11560,2560,3797,1,344064,21504,0,0,0,0.0,0.0,,ok
z11368/tile_y2240_x448.npz,z11368,tile_y2240_x448,11368,2240,448,11432,2432,640,11560,2560,768,0,2097152,133346,0,0,0,0.0,0.0,,ok
z11368/tile_y2240_x896.npz,z11368,tile_y2240_x896,11368,2240,896,11432,2432,1088,11560,2560,1216,0,2097152,131520,0,0,0,0.0,0.0,,ok
z11368/tile_y2688_x0.npz,z11368,tile_y2688_x0,11368,2688,0,11432,2880,192,11560,3008,320,0,2097152,131077,0,0,0,0.0,0.0,,ok
z11368/tile_y2688_x1344.npz,z11368,tile_y2688_x1344,11368,2688,1344,11432,2880,1536,11560,3008,1664,0,2097152,134791,0,0,0,0.0,0.0,,ok
z11368/tile_y2688_x1792.npz,z11368,tile_y2688_x1792,11368,2688,1792,11432,2880,1984,11560,3008,2112,0,2097152,132841,0,0,0,0.0,0.0,,ok
z11368/tile_y2688_x2240.npz,z11368,tile_y2688_x2240,11368,2688,2240,11432,2880,2432,11560,3008,2560,0,2097152,133536,0,0,0,0.0,0.0,,ok
z11368/tile_y2688_x2688.npz,z11368,tile_y2688_x2688,11368,2688,2688,11432,2880,2880,11560,3008,3008,0,2097152,671744,0,0,0,0.0,0.0,,ok
z11368/tile_y2688_x3136.npz,z11368,tile_y2688_x3136,11368,2688,3136,11432,2880,3328,11560,3008,3456,0,2097152,786432,0,0,0,0.0,0.0,,ok
z11368/tile_y2688_x448.npz,z11368,tile_y2688_x448,11368,2688,448,11432,2880,640,11560,3008,768,0,2097152,131072,0,0,0,0.0,0.0,,ok
z11368/tile_y2688_x896.npz,z11368,tile_y2688_x896,11368,2688,896,11432,2880,1088,11560,3008,1216,0,2097152,134225,0,0,0,0.0,0.0,,ok
z11368/tile_y3136_x1344.npz,z11368,tile_y3136_x1344,11368,3136,1344,11432,3328,1536,11560,3456,1664,0,2097152,131592,0,0,0,0.0,0.0,,ok
z11368/tile_y3136_x1792.npz,z11368,tile_y3136_x1792,11368,3136,1792,11432,3328,1984,11560,3456,2112,0,2097152,133110,0,0,0,0.0,0.0,,ok
z11368/tile_y3136_x2240.npz,z11368,tile_y3136_x2240,11368,3136,2240,11432,3328,2432,11560,3456,2560,0,2097152,131072,0,0,0,0.0,0.0,,ok
z11368/tile_y3136_x2688.npz,z11368,tile_y3136_x2688,11368,3136,2688,11432,3328,2880,11560,3456,3008,0,2097152,786482,0,0,0,0.0,0.0,,ok
z11368/tile_y3136_x896.npz,z11368,tile_y3136_x896,11368,3136,896,11432,3328,1088,11560,3456,1216,0,2097152,131072,0,0,0,0.0,0.0,,ok
z11368/tile_y3584_x1344.npz,z11368,tile_y3584_x1344,11368,3584,1344,11432,3776,1536,11560,3797,1664,1,344064,21504,0,0,0,0.0,0.0,,ok
z11368/tile_y3584_x1792.npz,z11368,tile_y3584_x1792,11368,3584,1792,11432,3776,1984,11560,3797,2112,1,344064,23765,0,0,0,0.0,0.0,,ok
z11368/tile_y3584_x2240.npz,z11368,tile_y3584_x2240,11368,3584,2240,11432,3776,2432,11560,3797,2560,1,344064,21504,0,0,0,0.0,0.0,,ok
z11368/tile_y448_x1344.npz,z11368,tile_y448_x1344,11368,448,1344,11432,640,1536,11560,768,1664,0,2097152,1302528,0,0,0,0.0,0.0,,ok
z11368/tile_y448_x1792.npz,z11368,tile_y448_x1792,11368,448,1792,11432,640,1984,11560,768,2112,0,2097152,1228800,0,0,0,0.0,0.0,,ok
z11368/tile_y448_x2240.npz,z11368,tile_y448_x2240,11368,448,2240,11432,640,2432,11560,768,2560,0,2097152,671744,0,0,0,0.0,0.0,,ok
z11368/tile_y448_x2688.npz,z11368,tile_y448_x2688,11368,448,2688,11432,640,2880,11560,768,3008,0,2097152,131072,0,0,0,0.0,0.0,,ok
z11368/tile_y448_x896.npz,z11368,tile_y448_x896,11368,448,896,11432,640,1088,11560,768,1216,0,2097152,131072,0,0,0,0.0,0.0,,ok
z11368/tile_y896_x0.npz,z11368,tile_y896_x0,11368,896,0,11432,1088,192,11560,1216,320,0,2097152,131072,0,0,0,0.0,0.0,,ok
z11368/tile_y896_x1344.npz,z11368,tile_y896_x1344,11368,896,1344,11432,1088,1536,11560,1216,1664,0,2097152,1572864,0,0,0,0.0,0.0,,ok
z11368/tile_y896_x1792.npz,z11368,tile_y896_x1792,11368,896,1792,11432,1088,1984,11560,1216,2112,0,2097152,786432,0,0,0,0.0,0.0,,ok
z11368/tile_y896_x2240.npz,z11368,tile_y896_x2240,11368,896,2240,11432,1088,2432,11560,1216,2560,0,2097152,786432,0,0,0,0.0,0.0,,ok
z11368/tile_y896_x2688.npz,z11368,tile_y896_x2688,11368,896,2688,11432,1088,2880,11560,1216,3008,0,2097152,131072,0,0,0,0.0,0.0,,ok
z11368/tile_y896_x3136.npz,z11368,tile_y896_x3136,11368,896,3136,11432,1088,3328,11560,1216,3456,0,2097152,131072,0,0,0,0.0,0.0,,ok
z11368/tile_y896_x448.npz,z11368,tile_y896_x448,11368,896,448,11432,1088,640,11560,1216,768,0,2097152,131072,0,0,0,0.0,0.0,,ok
z11368/tile_y896_x896.npz,z11368,tile_y896_x896,11368,896,896,11432,1088,1088,11560,1216,1216,0,2097152,484584,0,0,0,0.0,0.0,,ok
z1344/tile_y1344_x1344.npz,z1344,tile_y1344_x1344,1344,1344,1344,1408,1536,1536,1536,1664,1664,0,2097152,585282,583068,583068,584976,0.996217,0.999477,1.0,ok
z1344/tile_y1344_x1792.npz,z1344,tile_y1344_x1792,1344,1344,1792,1408,1536,1984,1536,1664,2112,0,2097152,539463,536456,536456,539182,0.994426,0.999479,1.0,ok
z1344/tile_y1344_x2240.npz,z1344,tile_y1344_x2240,1344,1344,2240,1408,1536,2432,1536,1664,2560,0,2097152,594809,593873,593873,594795,0.998426,0.999976,1.0,ok
z1344/tile_y1344_x448.npz,z1344,tile_y1344_x448,1344,1344,448,1408,1536,640,1536,1664,768,0,2097152,467265,466107,466107,466844,0.997522,0.999099,1.0,ok
z1344/tile_y1344_x896.npz,z1344,tile_y1344_x896,1344,1344,896,1408,1536,1088,1536,1664,1216,0,2097152,642745,637736,637736,641200,0.992207,0.997596,1.0,ok
z1344/tile_y1792_x0.npz,z1344,tile_y1792_x0,1344,1792,0,1408,1984,192,1536,2112,320,0,2097152,445767,8825,8825,9595,0.019797,0.021525,1.0,ok
z1344/tile_y1792_x1344.npz,z1344,tile_y1792_x1344,1344,1792,1344,1408,1984,1536,1536,2112,1664,0,2097152,558491,555277,555277,557543,0.994245,0.998303,1.0,ok
z1344/tile_y1792_x1792.npz,z1344,tile_y1792_x1792,1344,1792,1792,1408,1984,1984,1536,2112,2112,0,2097152,582089,578696,578696,580991,0.994171,0.998114,1.0,ok
z1344/tile_y1792_x2240.npz,z1344,tile_y1792_x2240,1344,1792,2240,1408,1984,2432,1536,2112,2560,0,2097152,156355,149695,149695,150739,0.957405,0.964082,1.0,ok
z1344/tile_y1792_x448.npz,z1344,tile_y1792_x448,1344,1792,448,1408,1984,640,1536,2112,768,0,2097152,522265,521629,521629,522211,0.998782,0.999897,1.0,ok
z1344/tile_y1792_x896.npz,z1344,tile_y1792_x896,1344,1792,896,1408,1984,1088,1536,2112,1216,0,2097152,577854,575130,575130,577750,0.995286,0.99982,1.0,ok
z1344/tile_y2240_x0.npz,z1344,tile_y2240_x0,1344,2240,0,1408,2432,192,1536,2560,320,0,2097152,0,0,0,0,,,,ok
z1344/tile_y2240_x1344.npz,z1344,tile_y2240_x1344,1344,2240,1344,1408,2432,1536,1536,2560,1664,0,2097152,335937,330245,330245,333309,0.983056,0.992177,1.0,ok
z1344/tile_y2240_x1792.npz,z1344,tile_y2240_x1792,1344,2240,1792,1408,2432,1984,1536,2560,2112,0,2097152,473824,460041,460041,461520,0.970911,0.974033,1.0,ok
z1344/tile_y2240_x2240.npz,z1344,tile_y2240_x2240,1344,2240,2240,1408,2432,2432,1536,2560,2560,0,2097152,719877,0,0,0,0.0,0.0,,ok
z1344/tile_y2240_x448.npz,z1344,tile_y2240_x448,1344,2240,448,1408,2432,640,1536,2560,768,0,2097152,823959,0,0,0,0.0,0.0,,ok
z1344/tile_y2240_x896.npz,z1344,tile_y2240_x896,1344,2240,896,1408,2432,1088,1536,2560,1216,0,2097152,411475,4258,4258,5046,0.010348,0.012263,1.0,ok
z1344/tile_y448_x1344.npz,z1344,tile_y448_x1344,1344,448,1344,1408,640,1536,1536,768,1664,0,2097152,0,0,0,0,,,,ok
z1344/tile_y448_x1792.npz,z1344,tile_y448_x1792,1344,448,1792,1408,640,1984,1536,768,2112,0,2097152,0,0,0,0,,,,ok
z1344/tile_y448_x896.npz,z1344,tile_y448_x896,1344,448,896,1408,640,1088,1536,768,1216,0,2097152,0,0,0,0,,,,ok
z1344/tile_y896_x1344.npz,z1344,tile_y896_x1344,1344,896,1344,1408,1088,1536,1536,1216,1664,0,2097152,580136,578018,578018,579852,0.996349,0.99951,1.0,ok
z1344/tile_y896_x1792.npz,z1344,tile_y896_x1792,1344,896,1792,1408,1088,1984,1536,1216,2112,0,2097152,636343,633405,633405,635867,0.995383,0.999252,1.0,ok
z1344/tile_y896_x2240.npz,z1344,tile_y896_x2240,1344,896,2240,1408,1088,2432,1536,1216,2560,0,2097152,522988,519126,519126,520552,0.992616,0.995342,1.0,ok
z1344/tile_y896_x448.npz,z1344,tile_y896_x448,1344,896,448,1408,1088,640,1536,1216,768,0,2097152,1124079,0,0,0,0.0,0.0,,ok
z1344/tile_y896_x896.npz,z1344,tile_y896_x896,1344,896,896,1408,1088,1088,1536,1216,1216,0,2097152,526911,525857,525857,526838,0.998,0.999861,1.0,ok
z1568/tile_y1344_x0.npz,z1568,tile_y1344_x0,1568,1344,0,1632,1536,192,1760,1664,320,0,2097152,917504,0,0,0,0.0,0.0,,ok
z1568/tile_y1344_x1344.npz,z1568,tile_y1344_x1344,1568,1344,1344,1632,1536,1536,1760,1664,1664,0,2097152,552106,551361,551361,552093,0.998651,0.999976,1.0,ok
z1568/tile_y1344_x1792.npz,z1568,tile_y1344_x1792,1568,1344,1792,1632,1536,1984,1760,1664,2112,0,2097152,557338,555563,555563,557280,0.996815,0.999896,1.0,ok
z1568/tile_y1344_x2240.npz,z1568,tile_y1344_x2240,1568,1344,2240,1632,1536,2432,1760,1664,2560,0,2097152,452513,451326,451326,452208,0.997377,0.999326,1.0,ok
z1568/tile_y1344_x448.npz,z1568,tile_y1344_x448,1568,1344,448,1632,1536,640,1760,1664,768,0,2097152,536014,534996,534996,536012,0.998101,0.999996,1.0,ok
z1568/tile_y1344_x896.npz,z1568,tile_y1344_x896,1568,1344,896,1632,1536,1088,1760,1664,1216,0,2097152,491645,490592,490592,491642,0.997858,0.999994,1.0,ok
z1568/tile_y1792_x0.npz,z1568,tile_y1792_x0,1568,1792,0,1632,1984,192,1760,2112,320,0,2097152,111698,107161,107161,110478,0.959382,0.989078,1.0,ok
z1568/tile_y1792_x1344.npz,z1568,tile_y1792_x1344,1568,1792,1344,1632,1984,1536,1760,2112,1664,0,2097152,498930,498185,498185,498906,0.998507,0.999952,1.0,ok
z1568/tile_y1792_x1792.npz,z1568,tile_y1792_x1792,1568,1792,1792,1632,1984,1984,1760,2112,2112,0,2097152,593801,593275,593275,593724,0.999114,0.99987,1.0,ok
z1568/tile_y1792_x2240.npz,z1568,tile_y1792_x2240,1568,1792,2240,1632,1984,2432,1760,2112,2560,0,2097152,410120,403190,403190,405470,0.983103,0.988662,1.0,ok
z1568/tile_y1792_x448.npz,z1568,tile_y1792_x448,1568,1792,448,1632,1984,640,1760,2112,768,0,2097152,552528,550529,550529,552176,0.996382,0.999363,1.0,ok
z1568/tile_y1792_x896.npz,z1568,tile_y1792_x896,1568,1792,896,1632,1984,1088,1760,2112,1216,0,2097152,499952,499198,499198,499855,0.998492,0.999806,1.0,ok
z1568/tile_y2240_x0.npz,z1568,tile_y2240_x0,1568,2240,0,1632,2432,192,1760,2560,320,0,2097152,0,0,0,0,,,,ok
z1568/tile_y2240_x1344.npz,z1568,tile_y2240_x1344,1568,2240,1344,1632,2432,1536,1760,2560,1664,0,2097152,720896,0,0,0,0.0,0.0,,ok
z1568/tile_y2240_x1792.npz,z1568,tile_y2240_x1792,1568,2240,1792,1632,2432,1984,1760,2560,2112,0,2097152,911477,0,0,0,0.0,0.0,,ok
z1568/tile_y2240_x2240.npz,z1568,tile_y2240_x2240,1568,2240,2240,1632,2432,2432,1760,2560,2560,0,2097152,655270,0,0,0,0.0,0.0,,ok
z1568/tile_y2240_x448.npz,z1568,tile_y2240_x448,1568,2240,448,1632,2432,640,1760,2560,768,0,2097152,458752,0,0,0,0.0,0.0,,ok
z1568/tile_y2240_x896.npz,z1568,tile_y2240_x896,1568,2240,896,1632,2432,1088,1760,2560,1216,0,2097152,458752,0,0,0,0.0,0.0,,ok
z1568/tile_y448_x1344.npz,z1568,tile_y448_x1344,1568,448,1344,1632,640,1536,1760,768,1664,0,2097152,0,0,0,0,,,,ok
z1568/tile_y448_x1792.npz,z1568,tile_y448_x1792,1568,448,1792,1632,640,1984,1760,768,2112,0,2097152,0,0,0,0,,,,ok
z1568/tile_y448_x2240.npz,z1568,tile_y448_x2240,1568,448,2240,1632,640,2432,1760,768,2560,0,2097152,0,0,0,0,,,,ok
z1568/tile_y896_x1344.npz,z1568,tile_y896_x1344,1568,896,1344,1632,1088,1536,1760,1216,1664,0,2097152,608757,606221,606221,608201,0.995834,0.999087,1.0,ok
z1568/tile_y896_x1792.npz,z1568,tile_y896_x1792,1568,896,1792,1632,1088,1984,1760,1216,2112,0,2097152,567515,566869,566869,567449,0.998862,0.999884,1.0,ok
z1568/tile_y896_x2240.npz,z1568,tile_y896_x2240,1568,896,2240,1632,1088,2432,1760,1216,2560,0,2097152,293413,287007,287007,289791,0.978167,0.987656,1.0,ok
z1568/tile_y896_x448.npz,z1568,tile_y896_x448,1568,896,448,1632,1088,640,1760,1216,768,0,2097152,825183,0,0,0,0.0,0.0,,ok
z1568/tile_y896_x896.npz,z1568,tile_y896_x896,1568,896,896,1632,1088,1088,1760,1216,1216,0,2097152,657927,655740,655740,657662,0.996676,0.999597,1.0,ok
z1792/tile_y1344_x0.npz,z1792,tile_y1344_x0,1792,1344,0,1856,1536,192,1984,1664,320,0,2097152,904064,0,0,0,0.0,0.0,,ok
z1792/tile_y1344_x1344.npz,z1792,tile_y1344_x1344,1792,1344,1344,1856,1536,1536,1984,1664,1664,0,2097152,601698,600651,600651,601668,0.99826,0.99995,1.0,ok
z1792/tile_y1344_x1792.npz,z1792,tile_y1344_x1792,1792,1344,1792,1856,1536,1984,1984,1664,2112,0,2097152,537057,536339,536339,536982,0.998663,0.99986,1.0,ok
z1792/tile_y1344_x2240.npz,z1792,tile_y1344_x2240,1792,1344,2240,1856,1536,2432,1984,1664,2560,0,2097152,541387,539589,539589,541233,0.996679,0.999716,1.0,ok
z1792/tile_y1344_x448.npz,z1792,tile_y1344_x448,1792,1344,448,1856,1536,640,1984,1664,768,0,2097152,396691,395809,395809,396258,0.997777,0.998908,1.0,ok
z1792/tile_y1344_x896.npz,z1792,tile_y1344_x896,1792,1344,896,1856,1536,1088,1984,1664,1216,0,2097152,581042,580272,580272,581027,0.998675,0.999974,1.0,ok
z1792/tile_y1792_x0.npz,z1792,tile_y1792_x0,1792,1792,0,1856,1984,192,1984,2112,320,0,2097152,52429,26128,26128,27375,0.49835,0.522135,1.0,ok
z1792/tile_y1792_x1344.npz,z1792,tile_y1792_x1344,1792,1792,1344,1856,1984,1536,1984,2112,1664,0,2097152,581567,580294,580294,581432,0.997811,0.999768,1.0,ok
z1792/tile_y1792_x1792.npz,z1792,tile_y1792_x1792,1792,1792,1792,1856,1984,1984,1984,2112,2112,0,2097152,590366,588651,588651,590209,0.997095,0.999734,1.0,ok
z1792/tile_y1792_x2240.npz,z1792,tile_y1792_x2240,1792,1792,2240,1856,1984,2432,1984,2112,2560,0,2097152,615304,611459,611459,612783,0.993751,0.995903,1.0,ok
z1792/tile_y1792_x448.npz,z1792,tile_y1792_x448,1792,1792,448,1856,1984,640,1984,2112,768,0,2097152,429688,428067,428067,429109,0.996227,0.998653,1.0,ok
z1792/tile_y1792_x896.npz,z1792,tile_y1792_x896,1792,1792,896,1856,1984,1088,1984,2112,1216,0,2097152,454719,453759,453759,454686,0.997889,0.999927,1.0,ok
z1792/tile_y2240_x0.npz,z1792,tile_y2240_x0,1792,2240,0,1856,2432,192,1984,2560,320,0,2097152,0,0,0,0,,,,ok
z1792/tile_y2240_x1344.npz,z1792,tile_y2240_x1344,1792,2240,1344,1856,2432,1536,1984,2560,1664,0,2097152,1196032,0,0,0,0.0,0.0,,ok
z1792/tile_y2240_x1792.npz,z1792,tile_y2240_x1792,1792,2240,1792,1856,2432,1984,1984,2560,2112,0,2097152,1351377,0,0,0,0.0,0.0,,ok
z1792/tile_y2240_x2240.npz,z1792,tile_y2240_x2240,1792,2240,2240,1856,2432,2432,1984,2560,2560,0,2097152,1002496,0,0,0,0.0,0.0,,ok
z1792/tile_y2240_x448.npz,z1792,tile_y2240_x448,1792,2240,448,1856,2432,640,1984,2560,768,0,2097152,1416217,0,0,0,0.0,0.0,,ok
z1792/tile_y2240_x896.npz,z1792,tile_y2240_x896,1792,2240,896,1856,2432,1088,1984,2560,1216,0,2097152,951053,0,0,0,0.0,0.0,,ok
z1792/tile_y448_x1344.npz,z1792,tile_y448_x1344,1792,448,1344,1856,640,1536,1984,768,1664,0,2097152,0,0,0,0,,,,ok
z1792/tile_y448_x1792.npz,z1792,tile_y448_x1792,1792,448,1792,1856,640,1984,1984,768,2112,0,2097152,0,0,0,0,,,,ok
z1792/tile_y896_x1344.npz,z1792,tile_y896_x1344,1792,896,1344,1856,1088,1536,1984,1216,1664,0,2097152,561596,560305,560305,561558,0.997701,0.999932,1.0,ok
z1792/tile_y896_x1792.npz,z1792,tile_y896_x1792,1792,896,1792,1856,1088,1984,1984,1216,2112,0,2097152,551433,549913,549913,551218,0.997244,0.99961,1.0,ok
z1792/tile_y896_x2240.npz,z1792,tile_y896_x2240,1792,896,2240,1856,1088,2432,1984,1216,2560,0,2097152,125087,28439,28439,29820,0.227354,0.238394,1.0,ok
z1792/tile_y896_x448.npz,z1792,tile_y896_x448,1792,896,448,1856,1088,640,1984,1216,768,0,2097152,917504,0,0,0,0.0,0.0,,ok
z1792/tile_y896_x896.npz,z1792,tile_y896_x896,1792,896,896,1856,1088,1088,1984,1216,1216,0,2097152,739301,0,0,0,0.0,0.0,,ok
z2016/tile_y1344_x0.npz,z2016,tile_y1344_x0,2016,1344,0,2080,1536,192,2208,1664,320,0,2097152,1762915,0,0,0,0.0,0.0,,ok
z2016/tile_y1344_x1344.npz,z2016,tile_y1344_x1344,2016,1344,1344,2080,1536,1536,2208,1664,1664,0,2097152,630899,629240,629240,630724,0.99737,0.999723,1.0,ok
z2016/tile_y1344_x1792.npz,z2016,tile_y1344_x1792,2016,1344,1792,2080,1536,1984,2208,1664,2112,0,2097152,564761,562852,562852,564079,0.99662,0.998792,1.0,ok
z2016/tile_y1344_x2240.npz,z2016,tile_y1344_x2240,2016,1344,2240,2080,1536,2432,2208,1664,2560,0,2097152,470784,469471,469471,470378,0.997211,0.999138,1.0,ok
z2016/tile_y1344_x448.npz,z2016,tile_y1344_x448,2016,1344,448,2080,1536,640,2208,1664,768,0,2097152,526316,525963,525963,526301,0.999329,0.999972,1.0,ok
z2016/tile_y1344_x896.npz,z2016,tile_y1344_x896,2016,1344,896,2080,1536,1088,2208,1664,1216,0,2097152,591410,590582,590582,591382,0.9986,0.999953,1.0,ok
z2016/tile_y1792_x0.npz,z2016,tile_y1792_x0,2016,1792,0,2080,1984,192,2208,2112,320,0,2097152,80137,75443,75443,76394,0.941425,0.953292,1.0,ok
z2016/tile_y1792_x1344.npz,z2016,tile_y1792_x1344,2016,1792,1344,2080,1984,1536,2208,2112,1664,0,2097152,664235,662773,662773,664151,0.997799,0.999874,1.0,ok
z2016/tile_y1792_x1792.npz,z2016,tile_y1792_x1792,2016,1792,1792,2080,1984,1984,2208,2112,2112,0,2097152,513640,513191,513191,513634,0.999126,0.999988,1.0,ok
z2016/tile_y1792_x2240.npz,z2016,tile_y1792_x2240,2016,1792,2240,2080,1984,2432,2208,2112,2560,0,2097152,542576,540835,540835,542439,0.996791,0.999748,1.0,ok
z2016/tile_y1792_x448.npz,z2016,tile_y1792_x448,2016,1792,448,2080,1984,640,2208,2112,768,0,2097152,516125,515428,515428,516046,0.99865,0.999847,1.0,ok
z2016/tile_y1792_x896.npz,z2016,tile_y1792_x896,2016,1792,896,2080,1984,1088,2208,2112,1216,0,2097152,603673,602791,602791,603657,0.998539,0.999973,1.0,ok
z2016/tile_y2240_x1344.npz,z2016,tile_y2240_x1344,2016,2240,1344,2080,2432,1536,2208,2560,1664,0,2097152,493839,487716,487716,489086,0.987601,0.990375,1.0,ok
z2016/tile_y2240_x1792.npz,z2016,tile_y2240_x1792,2016,2240,1792,2080,2432,1984,2208,2560,2112,0,2097152,176182,172532,172532,172639,0.979283,0.97989,1.0,ok
z2016/tile_y2240_x2240.npz,z2016,tile_y2240_x2240,2016,2240,2240,2080,2432,2432,2208,2560,2560,0,2097152,1141253,0,0,0,0.0,0.0,,ok
z2016/tile_y2240_x448.npz,z2016,tile_y2240_x448,2016,2240,448,2080,2432,640,2208,2560,768,0,2097152,964192,0,0,0,0.0,0.0,,ok
z2016/tile_y2240_x896.npz,z2016,tile_y2240_x896,2016,2240,896,2080,2432,1088,2208,2560,1216,0,2097152,142494,137801,137801,138789,0.967065,0.973999,1.0,ok
z2016/tile_y448_x1792.npz,z2016,tile_y448_x1792,2016,448,1792,2080,640,1984,2208,768,2112,0,2097152,0,0,0,0,,,,ok
z2016/tile_y448_x2240.npz,z2016,tile_y448_x2240,2016,448,2240,2080,640,2432,2208,768,2560,0,2097152,0,0,0,0,,,,ok
z2016/tile_y896_x1344.npz,z2016,tile_y896_x1344,2016,896,1344,2080,1088,1536,2208,1216,1664,0,2097152,193362,77872,77872,78420,0.402726,0.405561,1.0,ok
z2016/tile_y896_x1792.npz,z2016,tile_y896_x1792,2016,896,1792,2080,1088,1984,2208,1216,2112,0,2097152,758301,755340,755340,756549,0.996095,0.99769,1.0,ok
z2016/tile_y896_x2240.npz,z2016,tile_y896_x2240,2016,896,2240,2080,1088,2432,2208,1216,2560,0,2097152,292478,290326,290326,291217,0.992642,0.995689,1.0,ok
z2016/tile_y896_x448.npz,z2016,tile_y896_x448,2016,896,448,2080,1088,640,2208,1216,768,0,2097152,0,0,0,0,,,,ok
z2016/tile_y896_x896.npz,z2016,tile_y896_x896,2016,896,896,2080,1088,1088,2208,1216,1216,0,2097152,786432,0,0,0,0.0,0.0,,ok
z224/tile_y1344_x0.npz,z224,tile_y1344_x0,224,1344,0,288,1536,192,416,1664,320,0,2097152,1327757,0,0,0,0.0,0.0,,ok
z224/tile_y1344_x1344.npz,z224,tile_y1344_x1344,224,1344,1344,288,1536,1536,416,1664,1664,0,2097152,122321,86334,86334,117963,0.705799,0.964372,1.0,ok
z224/tile_y1344_x1792.npz,z224,tile_y1344_x1792,224,1344,1792,288,1536,1984,416,1664,2112,0,2097152,524288,0,0,0,0.0,0.0,,ok
z224/tile_y1344_x3136.npz,z224,tile_y1344_x3136,224,1344,3136,288,1536,3328,416,1664,3456,0,2097152,0,0,0,0,,,,ok
z224/tile_y1344_x3584.npz,z224,tile_y1344_x3584,224,1344,3584,288,1536,3776,416,1664,3797,1,344064,86016,0,0,0,0.0,0.0,,ok
z224/tile_y1344_x448.npz,z224,tile_y1344_x448,224,1344,448,288,1536,640,416,1664,768,0,2097152,49070,37541,37541,44386,0.76505,0.904545,1.0,ok
z224/tile_y1344_x896.npz,z224,tile_y1344_x896,224,1344,896,288,1536,1088,416,1664,1216,0,2097152,17292,6413,6413,6788,0.370865,0.392551,1.0,ok
z224/tile_y1792_x0.npz,z224,tile_y1792_x0,224,1792,0,288,1984,192,416,2112,320,0,2097152,149241,65351,65351,74588,0.437889,0.499782,1.0,ok
z224/tile_y1792_x1344.npz,z224,tile_y1792_x1344,224,1792,1344,288,1984,1536,416,2112,1664,0,2097152,72253,67511,67511,69479,0.93437,0.961607,1.0,ok
z224/tile_y1792_x1792.npz,z224,tile_y1792_x1792,224,1792,1792,288,1984,1984,416,2112,2112,0,2097152,633583,587881,587881,631331,0.927867,0.996446,1.0,ok
z224/tile_y1792_x2240.npz,z224,tile_y1792_x2240,224,1792,2240,288,1984,2432,416,2112,2560,0,2097152,655360,0,0,0,0.0,0.0,,ok
z224/tile_y1792_x2688.npz,z224,tile_y1792_x2688,224,1792,2688,288,1984,2880,416,2112,3008,0,2097152,1062912,0,0,0,0.0,0.0,,ok
z224/tile_y1792_x3136.npz,z224,tile_y1792_x3136,224,1792,3136,288,1984,3328,416,2112,3456,0,2097152,320676,234349,234349,320537,0.730797,0.999567,1.0,ok
z224/tile_y1792_x3584.npz,z224,tile_y1792_x3584,224,1792,3584,288,1984,3776,416,2112,3797,1,344064,61824,0,0,0,0.0,0.0,,ok
z224/tile_y1792_x448.npz,z224,tile_y1792_x448,224,1792,448,288,1984,640,416,2112,768,0,2097152,17752,15303,15303,17579,0.862044,0.990255,1.0,ok
z224/tile_y1792_x896.npz,z224,tile_y1792_x896,224,1792,896,288,1984,1088,416,2112,1216,0,2097152,52912,30006,30006,39559,0.567093,0.747638,1.0,ok
z224/tile_y2240_x1344.npz,z224,tile_y2240_x1344,224,2240,1344,288,2432,1536,416,2560,1664,0,2097152,30827,16986,16986,17953,0.55101,0.582379,1.0,ok
z224/tile_y2240_x1792.npz,z224,tile_y2240_x1792,224,2240,1792,288,2432,1984,416,2560,2112,0,2097152,1197692,0,0,0,0.0,0.0,,ok
z224/tile_y2240_x2240.npz,z224,tile_y2240_x2240,224,2240,2240,288,2432,2432,416,2560,2560,0,2097152,459603,0,0,0,0.0,0.0,,ok
z224/tile_y2240_x2688.npz,z224,tile_y2240_x2688,224,2240,2688,288,2432,2880,416,2560,3008,0,2097152,458752,0,0,0,0.0,0.0,,ok
z224/tile_y2240_x3136.npz,z224,tile_y2240_x3136,224,2240,3136,288,2432,3328,416,2560,3456,0,2097152,0,0,0,0,,,,ok
z224/tile_y2240_x448.npz,z224,tile_y2240_x448,224,2240,448,288,2432,640,416,2560,768,0,2097152,1643085,0,0,0,0.0,0.0,,ok
z224/tile_y2240_x896.npz,z224,tile_y2240_x896,224,2240,896,288,2432,1088,416,2560,1216,0,2097152,17956,0,0,0,0.0,0.0,,ok
z2240/tile_y1344_x0.npz,z2240,tile_y1344_x0,2240,1344,0,2304,1536,192,2432,1664,320,0,2097152,1327494,0,0,0,0.0,0.0,,ok
z2240/tile_y1344_x1344.npz,z2240,tile_y1344_x1344,2240,1344,1344,2304,1536,1536,2432,1664,1664,0,2097152,611546,610035,610035,611181,0.997529,0.999403,1.0,ok
z2240/tile_y1344_x1792.npz,z2240,tile_y1344_x1792,2240,1344,1792,2304,1536,1984,2432,1664,2112,0,2097152,571456,569707,569707,571209,0.996939,0.999568,1.0,ok
z2240/tile_y1344_x2240.npz,z2240,tile_y1344_x2240,2240,1344,2240,2304,1536,2432,2432,1664,2560,0,2097152,490482,488531,488531,489895,0.996022,0.998803,1.0,ok
z2240/tile_y1344_x2688.npz,z2240,tile_y1344_x2688,2240,1344,2688,2304,1536,2880,2432,1664,3008,0,2097152,393216,0,0,0,0.0,0.0,,ok
z2240/tile_y1344_x448.npz,z2240,tile_y1344_x448,2240,1344,448,2304,1536,640,2432,1664,768,0,2097152,505156,503922,503922,504805,0.997557,0.999305,1.0,ok
z2240/tile_y1344_x896.npz,z2240,tile_y1344_x896,2240,1344,896,2304,1536,1088,2432,1664,1216,0,2097152,594610,593799,593799,594610,0.998636,1.0,1.0,ok
z2240/tile_y1792_x0.npz,z2240,tile_y1792_x0,2240,1792,0,2304,1984,192,2432,2112,320,0,2097152,44109,40195,40195,42982,0.911265,0.97445,1.0,ok
z2240/tile_y1792_x1344.npz,z2240,tile_y1792_x1344,2240,1792,1344,2304,1984,1536,2432,2112,1664,0,2097152,509720,508477,508477,509576,0.997561,0.999717,1.0,ok
z2240/tile_y1792_x1792.npz,z2240,tile_y1792_x1792,2240,1792,1792,2304,1984,1984,2432,2112,2112,0,2097152,446680,445671,445671,446589,0.997741,0.999796,1.0,ok
z2240/tile_y1792_x2240.npz,z2240,tile_y1792_x2240,2240,1792,2240,2304,1984,2432,2432,2112,2560,0,2097152,584237,583369,583369,584152,0.998514,0.999855,1.0,ok
z2240/tile_y1792_x2688.npz,z2240,tile_y1792_x2688,2240,1792,2688,2304,1984,2880,2432,2112,3008,0,2097152,483787,75,75,75,0.000155,0.000155,1.0,ok
z2240/tile_y1792_x448.npz,z2240,tile_y1792_x448,2240,1792,448,2304,1984,640,2432,2112,768,0,2097152,388375,387713,387713,388244,0.998295,0.999663,1.0,ok
z2240/tile_y1792_x896.npz,z2240,tile_y1792_x896,2240,1792,896,2304,1984,1088,2432,2112,1216,0,2097152,506967,503977,503977,506388,0.994102,0.998858,1.0,ok
z2240/tile_y2240_x1344.npz,z2240,tile_y2240_x1344,2240,2240,1344,2304,2432,1536,2432,2560,1664,0,2097152,642504,640339,640339,641664,0.99663,0.998693,1.0,ok
z2240/tile_y2240_x1792.npz,z2240,tile_y2240_x1792,2240,2240,1792,2304,2432,1984,2432,2560,2112,0,2097152,638652,637126,637126,638486,0.997611,0.99974,1.0,ok
z2240/tile_y2240_x2240.npz,z2240,tile_y2240_x2240,2240,2240,2240,2304,2432,2432,2432,2560,2560,0,2097152,195830,183402,183402,183820,0.936537,0.938671,1.0,ok
z2240/tile_y2240_x2688.npz,z2240,tile_y2240_x2688,2240,2240,2688,2304,2432,2880,2432,2560,3008,0,2097152,1092773,0,0,0,0.0,0.0,,ok
z2240/tile_y2240_x448.npz,z2240,tile_y2240_x448,2240,2240,448,2304,2432,640,2432,2560,768,0,2097152,655360,0,0,0,0.0,0.0,,ok
z2240/tile_y2240_x896.npz,z2240,tile_y2240_x896,2240,2240,896,2304,2432,1088,2432,2560,1216,0,2097152,128766,20983,20983,23453,0.162955,0.182137,1.0,ok
z2240/tile_y2688_x1344.npz,z2240,tile_y2688_x1344,2240,2688,1344,2304,2880,1536,2432,3008,1664,0,2097152,0,0,0,0,,,,ok
z2240/tile_y2688_x1792.npz,z2240,tile_y2688_x1792,2240,2688,1792,2304,2880,1984,2432,3008,2112,0,2097152,0,0,0,0,,,,ok
z2240/tile_y896_x1344.npz,z2240,tile_y896_x1344,2240,896,1344,2304,1088,1536,2432,1216,1664,0,2097152,262144,0,0,0,0.0,0.0,,ok
z2240/tile_y896_x1792.npz,z2240,tile_y896_x1792,2240,896,1792,2304,1088,1984,2432,1216,2112,0,2097152,541793,537158,537158,538822,0.991445,0.994516,1.0,ok
z2240/tile_y896_x2240.npz,z2240,tile_y896_x2240,2240,896,2240,2304,1088,2432,2432,1216,2560,0,2097152,397978,394632,394632,396287,0.991593,0.995751,1.0,ok
z2240/tile_y896_x896.npz,z2240,tile_y896_x896,2240,896,896,2304,1088,1088,2432,1216,1216,0,2097152,0,0,0,0,,,,ok
z2464/tile_y1344_x0.npz,z2464,tile_y1344_x0,2464,1344,0,2528,1536,192,2656,1664,320,0,2097152,1871614,0,0,0,0.0,0.0,,ok
z2464/tile_y1344_x1344.npz,z2464,tile_y1344_x1344,2464,1344,1344,2528,1536,1536,2656,1664,1664,0,2097152,581085,579646,579646,580939,0.997524,0.999749,1.0,ok
z2464/tile_y1344_x1792.npz,z2464,tile_y1344_x1792,2464,1344,1792,2528,1536,1984,2656,1664,2112,0,2097152,485526,484771,484771,485517,0.998445,0.999981,1.0,ok
z2464/tile_y1344_x2240.npz,z2464,tile_y1344_x2240,2464,1344,2240,2528,1536,2432,2656,1664,2560,0,2097152,490818,488258,488258,490771,0.994784,0.999904,1.0,ok
z2464/tile_y1344_x2688.npz,z2464,tile_y1344_x2688,2464,1344,2688,2528,1536,2880,2656,1664,3008,0,2097152,636342,0,0,0,0.0,0.0,,ok
z2464/tile_y1344_x448.npz,z2464,tile_y1344_x448,2464,1344,448,2528,1536,640,2656,1664,768,0,2097152,464238,461079,461079,462400,0.993195,0.996041,1.0,ok
z2464/tile_y1344_x896.npz,z2464,tile_y1344_x896,2464,1344,896,2528,1536,1088,2656,1664,1216,0,2097152,580694,579637,579637,580560,0.99818,0.999769,1.0,ok
z2464/tile_y1792_x0.npz,z2464,tile_y1792_x0,2464,1792,0,2528,1984,192,2656,2112,320,0,2097152,1051365,0,0,0,0.0,0.0,,ok
z2464/tile_y1792_x1344.npz,z2464,tile_y1792_x1344,2464,1792,1344,2528,1984,1536,2656,2112,1664,0,2097152,509874,507244,507244,509124,0.994842,0.998529,1.0,ok
z2464/tile_y1792_x1792.npz,z2464,tile_y1792_x1792,2464,1792,1792,2528,1984,1984,2656,2112,2112,0,2097152,488033,486914,486914,487985,0.997707,0.999902,1.0,ok
z2464/tile_y1792_x2240.npz,z2464,tile_y1792_x2240,2464,1792,2240,2528,1984,2432,2656,2112,2560,0,2097152,658853,655597,655597,658366,0.995058,0.999261,1.0,ok
z2464/tile_y1792_x2688.npz,z2464,tile_y1792_x2688,2464,1792,2688,2528,1984,2880,2656,2112,3008,0,2097152,522816,521163,521163,522364,0.996838,0.999135,1.0,ok
z2464/tile_y1792_x448.npz,z2464,tile_y1792_x448,2464,1792,448,2528,1984,640,2656,2112,768,0,2097152,543398,541785,541785,542908,0.997032,0.999098,1.0,ok
z2464/tile_y1792_x896.npz,z2464,tile_y1792_x896,2464,1792,896,2528,1984,1088,2656,2112,1216,0,2097152,542494,540256,540256,542078,0.995875,0.999233,1.0,ok
z2464/tile_y2240_x1344.npz,z2464,tile_y2240_x1344,2464,2240,1344,2528,2432,1536,2656,2560,1664,0,2097152,559457,558066,558066,559315,0.997514,0.999746,1.0,ok
z2464/tile_y2240_x1792.npz,z2464,tile_y2240_x1792,2464,2240,1792,2528,2432,1984,2656,2560,2112,0,2097152,593774,591434,591434,593345,0.996059,0.999278,1.0,ok
z2464/tile_y2240_x2240.npz,z2464,tile_y2240_x2240,2464,2240,2240,2528,2432,2432,2656,2560,2560,0,2097152,564737,562947,562947,564346,0.99683,0.999308,1.0,ok
z2464/tile_y2240_x2688.npz,z2464,tile_y2240_x2688,2464,2240,2688,2528,2432,2880,2656,2560,3008,0,2097152,647441,354,354,354,0.000547,0.000547,1.0,ok
z2464/tile_y2240_x448.npz,z2464,tile_y2240_x448,2464,2240,448,2528,2432,640,2656,2560,768,0,2097152,1206471,0,0,0,0.0,0.0,,ok
z2464/tile_y2240_x896.npz,z2464,tile_y2240_x896,2464,2240,896,2528,2432,1088,2656,2560,1216,0,2097152,485288,479913,479913,484405,0.988924,0.99818,1.0,ok
z2464/tile_y2688_x1344.npz,z2464,tile_y2688_x1344,2464,2688,1344,2528,2880,1536,2656,3008,1664,0,2097152,0,0,0,0,,,,ok
z2464/tile_y2688_x1792.npz,z2464,tile_y2688_x1792,2464,2688,1792,2528,2880,1984,2656,3008,2112,0,2097152,759833,0,0,0,0.0,0.0,,ok
z2464/tile_y2688_x2240.npz,z2464,tile_y2688_x2240,2464,2688,2240,2528,2880,2432,2656,3008,2560,0,2097152,0,0,0,0,,,,ok
z2464/tile_y896_x1344.npz,z2464,tile_y896_x1344,2464,896,1344,2528,1088,1536,2656,1216,1664,0,2097152,1048576,0,0,0,0.0,0.0,,ok
z2464/tile_y896_x1792.npz,z2464,tile_y896_x1792,2464,896,1792,2528,1088,1984,2656,1216,2112,0,2097152,119820,3159,3159,3173,0.026365,0.026481,1.0,ok
z2464/tile_y896_x2240.npz,z2464,tile_y896_x2240,2464,896,2240,2528,1088,2432,2656,1216,2560,0,2097152,313247,303808,303808,305571,0.969867,0.975495,1.0,ok
z2464/tile_y896_x2688.npz,z2464,tile_y896_x2688,2464,896,2688,2528,1088,2880,2656,1216,3008,0,2097152,0,0,0,0,,,,ok
z2464/tile_y896_x896.npz,z2464,tile_y896_x896,2464,896,896,2528,1088,1088,2656,1216,1216,0,2097152,0,0,0,0,,,,ok
z2688/tile_y1344_x0.npz,z2688,tile_y1344_x0,2688,1344,0,2752,1536,192,2880,1664,320,0,2097152,622592,0,0,0,0.0,0.0,,ok
z2688/tile_y1344_x1344.npz,z2688,tile_y1344_x1344,2688,1344,1344,2752,1536,1536,2880,1664,1664,0,2097152,615600,613440,613440,615212,0.996491,0.99937,1.0,ok
z2688/tile_y1344_x1792.npz,z2688,tile_y1344_x1792,2688,1344,1792,2752,1536,1984,2880,1664,2112,0,2097152,561913,561237,561237,561850,0.998797,0.999888,1.0,ok
z2688/tile_y1344_x2240.npz,z2688,tile_y1344_x2240,2688,1344,2240,2752,1536,2432,2880,1664,2560,0,2097152,507794,507161,507161,507778,0.998753,0.999968,1.0,ok
z2688/tile_y1344_x2688.npz,z2688,tile_y1344_x2688,2688,1344,2688,2752,1536,2880,2880,1664,3008,0,2097152,209061,202623,202623,203660,0.969205,0.974165,1.0,ok
z2688/tile_y1344_x448.npz,z2688,tile_y1344_x448,2688,1344,448,2752,1536,640,2880,1664,768,0,2097152,467720,462315,462315,464775,0.988444,0.993703,1.0,ok
z2688/tile_y1344_x896.npz,z2688,tile_y1344_x896,2688,1344,896,2752,1536,1088,2880,1664,1216,0,2097152,512669,511650,511650,512625,0.998012,0.999914,1.0,ok
z2688/tile_y1792_x0.npz,z2688,tile_y1792_x0,2688,1792,0,2752,1984,192,2880,2112,320,0,2097152,909840,0,0,0,0.0,0.0,,ok
z2688/tile_y1792_x1344.npz,z2688,tile_y1792_x1344,2688,1792,1344,2752,1984,1536,2880,2112,1664,0,2097152,673835,672185,672185,673424,0.997551,0.99939,1.0,ok
z2688/tile_y1792_x1792.npz,z2688,tile_y1792_x1792,2688,1792,1792,2752,1984,1984,2880,2112,2112,0,2097152,491274,489943,489943,491176,0.997291,0.999801,1.0,ok
z2688/tile_y1792_x2240.npz,z2688,tile_y1792_x2240,2688,1792,2240,2752,1984,2432,2880,2112,2560,0,2097152,462277,459631,459631,462151,0.994276,0.999727,1.0,ok
z2688/tile_y1792_x2688.npz,z2688,tile_y1792_x2688,2688,1792,2688,2752,1984,2880,2880,2112,3008,0,2097152,597014,594833,594833,596902,0.996347,0.999812,1.0,ok
z2688/tile_y1792_x3136.npz,z2688,tile_y1792_x3136,2688,1792,3136,2752,1984,3328,2880,2112,3456,0,2097152,524288,0,0,0,0.0,0.0,,ok
z2688/tile_y1792_x448.npz,z2688,tile_y1792_x448,2688,1792,448,2752,1984,640,2880,2112,768,0,2097152,583627,580927,580927,583265,0.995374,0.99938,1.0,ok
z2688/tile_y1792_x896.npz,z2688,tile_y1792_x896,2688,1792,896,2752,1984,1088,2880,2112,1216,0,2097152,628095,625824,625824,627681,0.996384,0.999341,1.0,ok
z2688/tile_y2240_x1344.npz,z2688,tile_y2240_x1344,2688,2240,1344,2752,2432,1536,2880,2560,1664,0,2097152,587176,585757,585757,586797,0.997583,0.999355,1.0,ok
z2688/tile_y2240_x1792.npz,z2688,tile_y2240_x1792,2688,2240,1792,2752,2432,1984,2880,2560,2112,0,2097152,558849,558206,558206,558782,0.998849,0.99988,1.0,ok
z2688/tile_y2240_x2240.npz,z2688,tile_y2240_x2240,2688,2240,2240,2752,2432,2432,2880,2560,2560,0,2097152,595740,594860,594860,595711,0.998523,0.999951,1.0,ok
z2688/tile_y2240_x2688.npz,z2688,tile_y2240_x2688,2688,2240,2688,2752,2432,2880,2880,2560,3008,0,2097152,53961,23932,23932,26049,0.443505,0.482738,1.0,ok
z2688/tile_y2240_x3136.npz,z2688,tile_y2240_x3136,2688,2240,3136,2752,2432,3328,2880,2560,3456,0,2097152,0,0,0,0,,,,ok
z2688/tile_y2240_x448.npz,z2688,tile_y2240_x448,2688,2240,448,2752,2432,640,2880,2560,768,0,2097152,1181246,0,0,0,0.0,0.0,,ok
z2688/tile_y2240_x896.npz,z2688,tile_y2240_x896,2688,2240,896,2752,2432,1088,2880,2560,1216,0,2097152,506407,489680,489680,491053,0.966969,0.969681,1.0,ok
z2688/tile_y2688_x1344.npz,z2688,tile_y2688_x1344,2688,2688,1344,2752,2880,1536,2880,3008,1664,0,2097152,0,0,0,0,,,,ok
z2688/tile_y2688_x1792.npz,z2688,tile_y2688_x1792,2688,2688,1792,2752,2880,1984,2880,3008,2112,0,2097152,991809,0,0,0,0.0,0.0,,ok
z2688/tile_y2688_x2240.npz,z2688,tile_y2688_x2240,2688,2688,2240,2752,2880,2432,2880,3008,2560,0,2097152,786432,0,0,0,0.0,0.0,,ok
z2688/tile_y896_x1344.npz,z2688,tile_y896_x1344,2688,896,1344,2752,1088,1536,2880,1216,1664,0,2097152,1048576,0,0,0,0.0,0.0,,ok
z2688/tile_y896_x1792.npz,z2688,tile_y896_x1792,2688,896,1792,2752,1088,1984,2880,1216,2112,0,2097152,1021878,0,0,0,0.0,0.0,,ok
z2688/tile_y896_x2240.npz,z2688,tile_y896_x2240,2688,896,2240,2752,1088,2432,2880,1216,2560,0,2097152,898900,0,0,0,0.0,0.0,,ok
z2688/tile_y896_x2688.npz,z2688,tile_y896_x2688,2688,896,2688,2752,1088,2880,2880,1216,3008,0,2097152,0,0,0,0,,,,ok
z2688/tile_y896_x896.npz,z2688,tile_y896_x896,2688,896,896,2752,1088,1088,2880,1216,1216,0,2097152,393216,0,0,0,0.0,0.0,,ok
z2912/tile_y1344_x0.npz,z2912,tile_y1344_x0,2912,1344,0,2976,1536,192,3104,1664,320,0,2097152,524288,0,0,0,0.0,0.0,,ok
z2912/tile_y1344_x1344.npz,z2912,tile_y1344_x1344,2912,1344,1344,2976,1536,1536,3104,1664,1664,0,2097152,605283,603175,603175,605129,0.996517,0.999746,1.0,ok
z2912/tile_y1344_x1792.npz,z2912,tile_y1344_x1792,2912,1344,1792,2976,1536,1984,3104,1664,2112,0,2097152,735804,731667,731667,734784,0.994378,0.998614,1.0,ok
z2912/tile_y1344_x2240.npz,z2912,tile_y1344_x2240,2912,1344,2240,2976,1536,2432,3104,1664,2560,0,2097152,610591,607556,607556,609763,0.995029,0.998644,1.0,ok
z2912/tile_y1344_x2688.npz,z2912,tile_y1344_x2688,2912,1344,2688,2976,1536,2880,3104,1664,3008,0,2097152,93144,33510,33510,34589,0.359766,0.37135,1.0,ok
z2912/tile_y1344_x448.npz,z2912,tile_y1344_x448,2912,1344,448,2976,1536,640,3104,1664,768,0,2097152,351027,346455,346455,348348,0.986975,0.992368,1.0,ok
z2912/tile_y1344_x896.npz,z2912,tile_y1344_x896,2912,1344,896,2976,1536,1088,3104,1664,1216,0,2097152,566047,563562,563562,565630,0.99561,0.999263,1.0,ok
z2912/tile_y1792_x0.npz,z2912,tile_y1792_x0,2912,1792,0,2976,1984,192,3104,2112,320,0,2097152,425984,0,0,0,0.0,0.0,,ok
z2912/tile_y1792_x1344.npz,z2912,tile_y1792_x1344,2912,1792,1344,2976,1984,1536,3104,2112,1664,0,2097152,551447,548943,548943,550895,0.995459,0.998999,1.0,ok
z2912/tile_y1792_x1792.npz,z2912,tile_y1792_x1792,2912,1792,1792,2976,1984,1984,3104,2112,2112,0,2097152,648349,643863,643863,646967,0.993081,0.997868,1.0,ok
z2912/tile_y1792_x2240.npz,z2912,tile_y1792_x2240,2912,1792,2240,2976,1984,2432,3104,2112,2560,0,2097152,568530,566223,566223,568113,0.995942,0.999267,1.0,ok
z2912/tile_y1792_x2688.npz,z2912,tile_y1792_x2688,2912,1792,2688,2976,1984,2880,3104,2112,3008,0,2097152,546785,545462,545462,546699,0.99758,0.999843,1.0,ok
z2912/tile_y1792_x3136.npz,z2912,tile_y1792_x3136,2912,1792,3136,2976,1984,3328,3104,2112,3456,0,2097152,294912,0,0,0,0.0,0.0,,ok
z2912/tile_y1792_x448.npz,z2912,tile_y1792_x448,2912,1792,448,2976,1984,640,3104,2112,768,0,2097152,486543,485020,485020,486464,0.99687,0.999838,1.0,ok
z2912/tile_y1792_x896.npz,z2912,tile_y1792_x896,2912,1792,896,2976,1984,1088,3104,2112,1216,0,2097152,555347,553869,553869,555063,0.997339,0.999489,1.0,ok
z2912/tile_y2240_x1344.npz,z2912,tile_y2240_x1344,2912,2240,1344,2976,2432,1536,3104,2560,1664,0,2097152,630017,628904,628904,629855,0.998233,0.999743,1.0,ok
z2912/tile_y2240_x1792.npz,z2912,tile_y2240_x1792,2912,2240,1792,2976,2432,1984,3104,2560,2112,0,2097152,531026,530425,530425,530915,0.998868,0.999791,1.0,ok
z2912/tile_y2240_x2240.npz,z2912,tile_y2240_x2240,2912,2240,2240,2976,2432,2432,3104,2560,2560,0,2097152,650326,649072,649072,649998,0.998072,0.999496,1.0,ok
z2912/tile_y2240_x2688.npz,z2912,tile_y2240_x2688,2912,2240,2688,2976,2432,2880,3104,2560,3008,0,2097152,264547,259779,259779,261509,0.981977,0.988516,1.0,ok
z2912/tile_y2240_x3136.npz,z2912,tile_y2240_x3136,2912,2240,3136,2976,2432,3328,3104,2560,3456,0,2097152,0,0,0,0,,,,ok
z2912/tile_y2240_x448.npz,z2912,tile_y2240_x448,2912,2240,448,2976,2432,640,3104,2560,768,0,2097152,744960,0,0,0,0.0,0.0,,ok
z2912/tile_y2240_x896.npz,z2912,tile_y2240_x896,2912,2240,896,2976,2432,1088,3104,2560,1216,0,2097152,534817,531317,531317,533931,0.993456,0.998343,1.0,ok
z2912/tile_y2688_x1344.npz,z2912,tile_y2688_x1344,2912,2688,1344,2976,2880,1536,3104,3008,1664,0,2097152,393216,0,0,0,0.0,0.0,,ok
z2912/tile_y2688_x1792.npz,z2912,tile_y2688_x1792,2912,2688,1792,2976,2880,1984,3104,3008,2112,0,2097152,540714,0,0,0,0.0,0.0,,ok
z2912/tile_y2688_x2240.npz,z2912,tile_y2688_x2240,2912,2688,2240,2976,2880,2432,3104,3008,2560,0,2097152,1350523,0,0,0,0.0,0.0,,ok
z2912/tile_y896_x1344.npz,z2912,tile_y896_x1344,2912,896,1344,2976,1088,1536,3104,1216,1664,0,2097152,557056,0,0,0,0.0,0.0,,ok
z2912/tile_y896_x1792.npz,z2912,tile_y896_x1792,2912,896,1792,2976,1088,1984,3104,1216,2112,0,2097152,913496,0,0,0,0.0,0.0,,ok
z2912/tile_y896_x2240.npz,z2912,tile_y896_x2240,2912,896,2240,2976,1088,2432,3104,1216,2560,0,2097152,0,0,0,0,,,,ok
z2912/tile_y896_x896.npz,z2912,tile_y896_x896,2912,896,896,2976,1088,1088,3104,1216,1216,0,2097152,393216,0,0,0,0.0,0.0,,ok
z3136/tile_y1344_x0.npz,z3136,tile_y1344_x0,3136,1344,0,3200,1536,192,3328,1664,320,0,2097152,524288,0,0,0,0.0,0.0,,ok
z3136/tile_y1344_x1344.npz,z3136,tile_y1344_x1344,3136,1344,1344,3200,1536,1536,3328,1664,1664,0,2097152,617267,612591,612591,616122,0.992425,0.998145,1.0,ok
z3136/tile_y1344_x1792.npz,z3136,tile_y1344_x1792,3136,1344,1792,3200,1536,1984,3328,1664,2112,0,2097152,819793,816715,816715,819205,0.996245,0.999283,1.0,ok
z3136/tile_y1344_x2240.npz,z3136,tile_y1344_x2240,3136,1344,2240,3200,1536,2432,3328,1664,2560,0,2097152,540333,537375,537375,538821,0.994526,0.997202,1.0,ok
z3136/tile_y1344_x2688.npz,z3136,tile_y1344_x2688,3136,1344,2688,3200,1536,2880,3328,1664,3008,0,2097152,993189,0,0,0,0.0,0.0,,ok
z3136/tile_y1344_x448.npz,z3136,tile_y1344_x448,3136,1344,448,3200,1536,640,3328,1664,768,0,2097152,213067,205752,205752,210525,0.965668,0.988069,1.0,ok
z3136/tile_y1344_x896.npz,z3136,tile_y1344_x896,3136,1344,896,3200,1536,1088,3328,1664,1216,0,2097152,474979,473267,473267,474548,0.996396,0.999093,1.0,ok
z3136/tile_y1792_x0.npz,z3136,tile_y1792_x0,3136,1792,0,3200,1984,192,3328,2112,320,0,2097152,131072,0,0,0,0.0,0.0,,ok
z3136/tile_y1792_x1344.npz,z3136,tile_y1792_x1344,3136,1792,1344,3200,1984,1536,3328,2112,1664,0,2097152,581999,578527,578527,581307,0.994034,0.998811,1.0,ok
z3136/tile_y1792_x1792.npz,z3136,tile_y1792_x1792,3136,1792,1792,3200,1984,1984,3328,2112,2112,0,2097152,620483,618597,618597,620228,0.99696,0.999589,1.0,ok
z3136/tile_y1792_x2240.npz,z3136,tile_y1792_x2240,3136,1792,2240,3200,1984,2432,3328,2112,2560,0,2097152,566046,563738,563738,565715,0.995923,0.999415,1.0,ok
z3136/tile_y1792_x2688.npz,z3136,tile_y1792_x2688,3136,1792,2688,3200,1984,2880,3328,2112,3008,0,2097152,554128,551495,551495,552995,0.995248,0.997955,1.0,ok
z3136/tile_y1792_x3136.npz,z3136,tile_y1792_x3136,3136,1792,3136,3200,1984,3328,3328,2112,3456,0,2097152,393216,0,0,0,0.0,0.0,,ok
z3136/tile_y1792_x448.npz,z3136,tile_y1792_x448,3136,1792,448,3200,1984,640,3328,2112,768,0,2097152,580621,578713,578713,580244,0.996714,0.999351,1.0,ok
z3136/tile_y1792_x896.npz,z3136,tile_y1792_x896,3136,1792,896,3200,1984,1088,3328,2112,1216,0,2097152,523171,521199,521199,522522,0.996231,0.998759,1.0,ok
z3136/tile_y2240_x1344.npz,z3136,tile_y2240_x1344,3136,2240,1344,3200,2432,1536,3328,2560,1664,0,2097152,567149,564905,564905,566914,0.996043,0.999586,1.0,ok
z3136/tile_y2240_x1792.npz,z3136,tile_y2240_x1792,3136,2240,1792,3200,2432,1984,3328,2560,2112,0,2097152,545456,543951,543951,545159,0.997241,0.999456,1.0,ok
z3136/tile_y2240_x2240.npz,z3136,tile_y2240_x2240,3136,2240,2240,3200,2432,2432,3328,2560,2560,0,2097152,553181,550945,550945,553123,0.995958,0.999895,1.0,ok
z3136/tile_y2240_x2688.npz,z3136,tile_y2240_x2688,3136,2240,2688,3200,2432,2880,3328,2560,3008,0,2097152,349755,344322,344322,346779,0.984466,0.991491,1.0,ok
z3136/tile_y2240_x3136.npz,z3136,tile_y2240_x3136,3136,2240,3136,3200,2432,3328,3328,2560,3456,0,2097152,0,0,0,0,,,,ok
z3136/tile_y2240_x448.npz,z3136,tile_y2240_x448,3136,2240,448,3200,2432,640,3328,2560,768,0,2097152,785173,0,0,0,0.0,0.0,,ok
z3136/tile_y2240_x896.npz,z3136,tile_y2240_x896,3136,2240,896,3200,2432,1088,3328,2560,1216,0,2097152,538610,535008,535008,535905,0.993312,0.994978,1.0,ok
z3136/tile_y2688_x1344.npz,z3136,tile_y2688_x1344,3136,2688,1344,3200,2880,1536,3328,3008,1664,0,2097152,1513412,0,0,0,0.0,0.0,,ok
z3136/tile_y2688_x1792.npz,z3136,tile_y2688_x1792,3136,2688,1792,3200,2880,1984,3328,3008,2112,0,2097152,698792,0,0,0,0.0,0.0,,ok
z3136/tile_y2688_x2240.npz,z3136,tile_y2688_x2240,3136,2688,2240,3200,2880,2432,3328,3008,2560,0,2097152,766896,0,0,0,0.0,0.0,,ok
z3136/tile_y896_x1344.npz,z3136,tile_y896_x1344,3136,896,1344,3200,1088,1536,3328,1216,1664,0,2097152,1144077,0,0,0,0.0,0.0,,ok
z3136/tile_y896_x1792.npz,z3136,tile_y896_x1792,3136,896,1792,3200,1088,1984,3328,1216,2112,0,2097152,948388,0,0,0,0.0,0.0,,ok
z3136/tile_y896_x2240.npz,z3136,tile_y896_x2240,3136,896,2240,3200,1088,2432,3328,1216,2560,0,2097152,0,0,0,0,,,,ok
z3136/tile_y896_x896.npz,z3136,tile_y896_x896,3136,896,896,3200,1088,1088,3328,1216,1216,0,2097152,262144,0,0,0,0.0,0.0,,ok
z3360/tile_y1344_x1344.npz,z3360,tile_y1344_x1344,3360,1344,1344,3424,1536,1536,3552,1664,1664,0,2097152,650734,645524,645524,649169,0.991994,0.997595,1.0,ok
z3360/tile_y1344_x1792.npz,z3360,tile_y1344_x1792,3360,1344,1792,3424,1536,1984,3552,1664,2112,0,2097152,843200,841190,841190,842954,0.997616,0.999708,1.0,ok
z3360/tile_y1344_x2240.npz,z3360,tile_y1344_x2240,3360,1344,2240,3424,1536,2432,3552,1664,2560,0,2097152,518696,512304,512304,514766,0.987677,0.992423,1.0,ok
z3360/tile_y1344_x2688.npz,z3360,tile_y1344_x2688,3360,1344,2688,3424,1536,2880,3552,1664,3008,0,2097152,1640984,0,0,0,0.0,0.0,,ok
z3360/tile_y1344_x448.npz,z3360,tile_y1344_x448,3360,1344,448,3424,1536,640,3552,1664,768,0,2097152,83182,32850,32850,34362,0.394917,0.413094,1.0,ok
z3360/tile_y1344_x896.npz,z3360,tile_y1344_x896,3360,1344,896,3424,1536,1088,3552,1664,1216,0,2097152,599798,595822,595822,598393,0.993371,0.997658,1.0,ok
z3360/tile_y1792_x1344.npz,z3360,tile_y1792_x1344,3360,1792,1344,3424,1984,1536,3552,2112,1664,0,2097152,599245,596123,596123,598774,0.99479,0.999214,1.0,ok
z3360/tile_y1792_x1792.npz,z3360,tile_y1792_x1792,3360,1792,1792,3424,1984,1984,3552,2112,2112,0,2097152,532030,529790,529790,531939,0.99579,0.999829,1.0,ok
z3360/tile_y1792_x2240.npz,z3360,tile_y1792_x2240,3360,1792,2240,3424,1984,2432,3552,2112,2560,0,2097152,698474,695376,695376,698070,0.995565,0.999422,1.0,ok
z3360/tile_y1792_x2688.npz,z3360,tile_y1792_x2688,3360,1792,2688,3424,1984,2880,3552,2112,3008,0,2097152,722742,721158,721158,722711,0.997808,0.999957,1.0,ok
z3360/tile_y1792_x3136.npz,z3360,tile_y1792_x3136,3360,1792,3136,3424,1984,3328,3552,2112,3456,0,2097152,524288,0,0,0,0.0,0.0,,ok
z3360/tile_y1792_x448.npz,z3360,tile_y1792_x448,3360,1792,448,3424,1984,640,3552,2112,768,0,2097152,460968,456830,456830,459470,0.991023,0.99675,1.0,ok
z3360/tile_y1792_x896.npz,z3360,tile_y1792_x896,3360,1792,896,3424,1984,1088,3552,2112,1216,0,2097152,549836,547807,547807,549544,0.99631,0.999469,1.0,ok
z3360/tile_y2240_x1344.npz,z3360,tile_y2240_x1344,3360,2240,1344,3424,2432,1536,3552,2560,1664,0,2097152,541495,540930,540930,541477,0.998957,0.999967,1.0,ok
z3360/tile_y2240_x1792.npz,z3360,tile_y2240_x1792,3360,2240,1792,3424,2432,1984,3552,2560,2112,0,2097152,545521,544743,544743,545299,0.998574,0.999593,1.0,ok
z3360/tile_y2240_x2240.npz,z3360,tile_y2240_x2240,3360,2240,2240,3424,2432,2432,3552,2560,2560,0,2097152,541066,539132,539132,540965,0.996426,0.999813,1.0,ok
z3360/tile_y2240_x2688.npz,z3360,tile_y2240_x2688,3360,2240,2688,3424,2432,2880,3552,2560,3008,0,2097152,520294,515343,515343,518723,0.990484,0.996981,1.0,ok
z3360/tile_y2240_x3136.npz,z3360,tile_y2240_x3136,3360,2240,3136,3424,2432,3328,3552,2560,3456,0,2097152,262144,0,0,0,0.0,0.0,,ok
z3360/tile_y2240_x448.npz,z3360,tile_y2240_x448,3360,2240,448,3424,2432,640,3552,2560,768,0,2097152,751777,0,0,0,0.0,0.0,,ok
z3360/tile_y2240_x896.npz,z3360,tile_y2240_x896,3360,2240,896,3424,2432,1088,3552,2560,1216,0,2097152,482371,475867,475867,477385,0.986517,0.989664,1.0,ok
z3360/tile_y2688_x1344.npz,z3360,tile_y2688_x1344,3360,2688,1344,3424,2880,1536,3552,3008,1664,0,2097152,1370150,0,0,0,0.0,0.0,,ok
z3360/tile_y2688_x1792.npz,z3360,tile_y2688_x1792,3360,2688,1792,3424,2880,1984,3552,3008,2112,0,2097152,307063,7887,7887,8045,0.025685,0.0262,1.0,ok
z3360/tile_y2688_x2240.npz,z3360,tile_y2688_x2240,3360,2688,2240,3424,2880,2432,3552,3008,2560,0,2097152,750900,0,0,0,0.0,0.0,,ok
z3360/tile_y896_x1344.npz,z3360,tile_y896_x1344,3360,896,1344,3424,1088,1536,3552,1216,1664,0,2097152,556608,932,932,967,0.001674,0.001737,1.0,ok
z3360/tile_y896_x1792.npz,z3360,tile_y896_x1792,3360,896,1792,3424,1088,1984,3552,1216,2112,0,2097152,174946,118104,118104,118869,0.675088,0.679461,1.0,ok
z3360/tile_y896_x2240.npz,z3360,tile_y896_x2240,3360,896,2240,3424,1088,2432,3552,1216,2560,0,2097152,393216,0,0,0,0.0,0.0,,ok
z3360/tile_y896_x896.npz,z3360,tile_y896_x896,3360,896,896,3424,1088,1088,3552,1216,1216,0,2097152,524288,0,0,0,0.0,0.0,,ok
z3584/tile_y1344_x1344.npz,z3584,tile_y1344_x1344,3584,1344,1344,3648,1536,1536,3776,1664,1664,0,2097152,705810,703023,703023,705414,0.996051,0.999439,1.0,ok
z3584/tile_y1344_x1792.npz,z3584,tile_y1344_x1792,3584,1344,1792,3648,1536,1984,3776,1664,2112,0,2097152,607956,605004,605004,607568,0.995144,0.999362,1.0,ok
z3584/tile_y1344_x2240.npz,z3584,tile_y1344_x2240,3584,1344,2240,3648,1536,2432,3776,1664,2560,0,2097152,731457,726514,726514,730628,0.993242,0.998867,1.0,ok
z3584/tile_y1344_x2688.npz,z3584,tile_y1344_x2688,3584,1344,2688,3648,1536,2880,3776,1664,3008,0,2097152,594050,0,0,0,0.0,0.0,,ok
z3584/tile_y1344_x448.npz,z3584,tile_y1344_x448,3584,1344,448,3648,1536,640,3776,1664,768,0,2097152,212419,3520,3520,3643,0.016571,0.01715,1.0,ok
z3584/tile_y1344_x896.npz,z3584,tile_y1344_x896,3584,1344,896,3648,1536,1088,3776,1664,1216,0,2097152,706705,703688,703688,705710,0.995731,0.998592,1.0,ok
z3584/tile_y1792_x1344.npz,z3584,tile_y1792_x1344,3584,1792,1344,3648,1984,1536,3776,2112,1664,0,2097152,518473,517133,517133,518376,0.997415,0.999813,1.0,ok
z3584/tile_y1792_x1792.npz,z3584,tile_y1792_x1792,3584,1792,1792,3648,1984,1984,3776,2112,2112,0,2097152,663340,660995,660995,663093,0.996465,0.999628,1.0,ok
z3584/tile_y1792_x2240.npz,z3584,tile_y1792_x2240,3584,1792,2240,3648,1984,2432,3776,2112,2560,0,2097152,643447,640170,640170,642773,0.994907,0.998953,1.0,ok
z3584/tile_y1792_x2688.npz,z3584,tile_y1792_x2688,3584,1792,2688,3648,1984,2880,3776,2112,3008,0,2097152,553579,552350,552350,553480,0.99778,0.999821,1.0,ok
z3584/tile_y1792_x3136.npz,z3584,tile_y1792_x3136,3584,1792,3136,3648,1984,3328,3776,2112,3456,0,2097152,645368,5206,5206,5316,0.008067,0.008237,1.0,ok
z3584/tile_y1792_x448.npz,z3584,tile_y1792_x448,3584,1792,448,3648,1984,640,3776,2112,768,0,2097152,278493,271522,271522,272907,0.974969,0.979942,1.0,ok
z3584/tile_y1792_x896.npz,z3584,tile_y1792_x896,3584,1792,896,3648,1984,1088,3776,2112,1216,0,2097152,754941,751557,751557,754416,0.995518,0.999305,1.0,ok
z3584/tile_y2240_x1344.npz,z3584,tile_y2240_x1344,3584,2240,1344,3648,2432,1536,3776,2560,1664,0,2097152,516762,516194,516194,516747,0.998901,0.999971,1.0,ok
z3584/tile_y2240_x1792.npz,z3584,tile_y2240_x1792,3584,2240,1792,3648,2432,1984,3776,2560,2112,0,2097152,450946,450381,450381,450944,0.998747,0.999996,1.0,ok
z3584/tile_y2240_x2240.npz,z3584,tile_y2240_x2240,3584,2240,2240,3648,2432,2432,3776,2560,2560,0,2097152,499038,497839,497839,498962,0.997597,0.999848,1.0,ok
z3584/tile_y2240_x2688.npz,z3584,tile_y2240_x2688,3584,2240,2688,3648,2432,2880,3776,2560,3008,0,2097152,208658,199515,199515,202599,0.956182,0.970962,1.0,ok
z3584/tile_y2240_x3136.npz,z3584,tile_y2240_x3136,3584,2240,3136,3648,2432,3328,3776,2560,3456,0,2097152,262144,0,0,0,0.0,0.0,,ok
z3584/tile_y2240_x448.npz,z3584,tile_y2240_x448,3584,2240,448,3648,2432,640,3776,2560,768,0,2097152,1596716,0,0,0,0.0,0.0,,ok
z3584/tile_y2240_x896.npz,z3584,tile_y2240_x896,3584,2240,896,3648,2432,1088,3776,2560,1216,0,2097152,591537,578716,578716,582377,0.978326,0.984515,1.0,ok
z3584/tile_y2688_x1344.npz,z3584,tile_y2688_x1344,3584,2688,1344,3648,2880,1536,3776,3008,1664,0,2097152,1267620,0,0,0,0.0,0.0,,ok
z3584/tile_y2688_x1792.npz,z3584,tile_y2688_x1792,3584,2688,1792,3648,2880,1984,3776,3008,2112,0,2097152,316682,18980,18980,18980,0.059934,0.059934,1.0,ok
z3584/tile_y2688_x2240.npz,z3584,tile_y2688_x2240,3584,2688,2240,3648,2880,2432,3776,3008,2560,0,2097152,804442,0,0,0,0.0,0.0,,ok
z3584/tile_y896_x1344.npz,z3584,tile_y896_x1344,3584,896,1344,3648,1088,1536,3776,1216,1664,0,2097152,180168,126696,126696,127691,0.70321,0.708733,1.0,ok
z3584/tile_y896_x1792.npz,z3584,tile_y896_x1792,3584,896,1792,3648,1088,1984,3776,1216,2112,0,2097152,105981,28034,28034,34319,0.264519,0.323822,1.0,ok
z3584/tile_y896_x2240.npz,z3584,tile_y896_x2240,3584,896,2240,3648,1088,2432,3776,1216,2560,0,2097152,1048576,0,0,0,0.0,0.0,,ok
z3584/tile_y896_x896.npz,z3584,tile_y896_x896,3584,896,896,3648,1088,1088,3776,1216,1216,0,2097152,786432,0,0,0,0.0,0.0,,ok
z3808/tile_y1344_x1344.npz,z3808,tile_y1344_x1344,3808,1344,1344,3872,1536,1536,4000,1664,1664,0,2097152,642543,639318,639318,642112,0.994981,0.999329,1.0,ok
z3808/tile_y1344_x1792.npz,z3808,tile_y1344_x1792,3808,1344,1792,3872,1536,1984,4000,1664,2112,0,2097152,571845,571281,571281,571835,0.999014,0.999983,1.0,ok
z3808/tile_y1344_x2240.npz,z3808,tile_y1344_x2240,3808,1344,2240,3872,1536,2432,4000,1664,2560,0,2097152,613024,611198,611198,612830,0.997021,0.999684,1.0,ok
z3808/tile_y1344_x2688.npz,z3808,tile_y1344_x2688,3808,1344,2688,3872,1536,2880,4000,1664,3008,0,2097152,97316,22721,22721,24616,0.233477,0.252949,1.0,ok
z3808/tile_y1344_x448.npz,z3808,tile_y1344_x448,3808,1344,448,3872,1536,640,4000,1664,768,0,2097152,1579388,0,0,0,0.0,0.0,,ok
z3808/tile_y1344_x896.npz,z3808,tile_y1344_x896,3808,1344,896,3872,1536,1088,4000,1664,1216,0,2097152,73217,63352,63352,67075,0.865264,0.916112,1.0,ok
z3808/tile_y1792_x1344.npz,z3808,tile_y1792_x1344,3808,1792,1344,3872,1984,1536,4000,2112,1664,0,2097152,611732,609695,609695,611532,0.99667,0.999673,1.0,ok
z3808/tile_y1792_x1792.npz,z3808,tile_y1792_x1792,3808,1792,1792,3872,1984,1984,4000,2112,2112,0,2097152,653795,651184,651184,653454,0.996006,0.999478,1.0,ok
z3808/tile_y1792_x2240.npz,z3808,tile_y1792_x2240,3808,1792,2240,3872,1984,2432,4000,2112,2560,0,2097152,555011,553640,553640,554912,0.99753,0.999822,1.0,ok
z3808/tile_y1792_x2688.npz,z3808,tile_y1792_x2688,3808,1792,2688,3872,1984,2880,4000,2112,3008,0,2097152,358978,358418,358418,358911,0.99844,0.999813,1.0,ok
z3808/tile_y1792_x3136.npz,z3808,tile_y1792_x3136,3808,1792,3136,3872,1984,3328,4000,2112,3456,0,2097152,109353,95581,95581,95745,0.874059,0.875559,1.0,ok
z3808/tile_y1792_x448.npz,z3808,tile_y1792_x448,3808,1792,448,3872,1984,640,4000,2112,768,0,2097152,278404,275518,275518,276331,0.989634,0.992554,1.0,ok
z3808/tile_y1792_x896.npz,z3808,tile_y1792_x896,3808,1792,896,3872,1984,1088,4000,2112,1216,0,2097152,635910,632468,632468,635148,0.994587,0.998802,1.0,ok
z3808/tile_y2240_x1344.npz,z3808,tile_y2240_x1344,3808,2240,1344,3872,2432,1536,4000,2560,1664,0,2097152,523067,522197,522197,523046,0.998337,0.99996,1.0,ok
z3808/tile_y2240_x1792.npz,z3808,tile_y2240_x1792,3808,2240,1792,3872,2432,1984,4000,2560,2112,0,2097152,514737,513708,513708,514733,0.998001,0.999992,1.0,ok
z3808/tile_y2240_x2240.npz,z3808,tile_y2240_x2240,3808,2240,2240,3872,2432,2432,4000,2560,2560,0,2097152,534542,531881,531881,533598,0.995022,0.998234,1.0,ok
z3808/tile_y2240_x2688.npz,z3808,tile_y2240_x2688,3808,2240,2688,3872,2432,2880,4000,2560,3008,0,2097152,239305,232380,232380,236972,0.971062,0.990251,1.0,ok
z3808/tile_y2240_x3136.npz,z3808,tile_y2240_x3136,3808,2240,3136,3872,2432,3328,4000,2560,3456,0,2097152,262144,0,0,0,0.0,0.0,,ok
z3808/tile_y2240_x448.npz,z3808,tile_y2240_x448,3808,2240,448,3872,2432,640,4000,2560,768,0,2097152,893896,0,0,0,0.0,0.0,,ok
z3808/tile_y2240_x896.npz,z3808,tile_y2240_x896,3808,2240,896,3872,2432,1088,4000,2560,1216,0,2097152,498415,491376,491376,492034,0.985877,0.987197,1.0,ok
z3808/tile_y2688_x1344.npz,z3808,tile_y2688_x1344,3808,2688,1344,3872,2880,1536,4000,3008,1664,0,2097152,1013760,0,0,0,0.0,0.0,,ok
z3808/tile_y2688_x1792.npz,z3808,tile_y2688_x1792,3808,2688,1792,3872,2880,1984,4000,3008,2112,0,2097152,299748,558,558,929,0.001862,0.003099,1.0,ok
z3808/tile_y2688_x2240.npz,z3808,tile_y2688_x2240,3808,2688,2240,3872,2880,2432,4000,3008,2560,0,2097152,1126954,0,0,0,0.0,0.0,,ok
z3808/tile_y896_x1344.npz,z3808,tile_y896_x1344,3808,896,1344,3872,1088,1536,4000,1216,1664,0,2097152,192269,134302,134302,135093,0.698511,0.702625,1.0,ok
z3808/tile_y896_x1792.npz,z3808,tile_y896_x1792,3808,896,1792,3872,1088,1984,4000,1216,2112,0,2097152,202578,3717,3717,3773,0.018348,0.018625,1.0,ok
z3808/tile_y896_x2240.npz,z3808,tile_y896_x2240,3808,896,2240,3872,1088,2432,4000,1216,2560,0,2097152,786432,0,0,0,0.0,0.0,,ok
z3808/tile_y896_x896.npz,z3808,tile_y896_x896,3808,896,896,3872,1088,1088,4000,1216,1216,0,2097152,1195520,0,0,0,0.0,0.0,,ok
z4032/tile_y1344_x1344.npz,z4032,tile_y1344_x1344,4032,1344,1344,4096,1536,1536,4224,1664,1664,0,2097152,479661,479322,479322,479648,0.999293,0.999973,1.0,ok
z4032/tile_y1344_x1792.npz,z4032,tile_y1344_x1792,4032,1344,1792,4096,1536,1984,4224,1664,2112,0,2097152,610452,609698,609698,610195,0.998765,0.999579,1.0,ok
z4032/tile_y1344_x2240.npz,z4032,tile_y1344_x2240,4032,1344,2240,4096,1536,2432,4224,1664,2560,0,2097152,526104,525148,525148,526090,0.998183,0.999973,1.0,ok
z4032/tile_y1344_x2688.npz,z4032,tile_y1344_x2688,4032,1344,2688,4096,1536,2880,4224,1664,3008,0,2097152,121115,43602,43602,43661,0.360005,0.360492,1.0,ok
z4032/tile_y1344_x448.npz,z4032,tile_y1344_x448,4032,1344,448,4096,1536,640,4224,1664,768,0,2097152,1425408,0,0,0,0.0,0.0,,ok
z4032/tile_y1344_x896.npz,z4032,tile_y1344_x896,4032,1344,896,4096,1536,1088,4224,1664,1216,0,2097152,523142,520459,520459,522510,0.994871,0.998792,1.0,ok
z4032/tile_y1792_x1344.npz,z4032,tile_y1792_x1344,4032,1792,1344,4096,1984,1536,4224,2112,1664,0,2097152,408323,407693,407693,408214,0.998457,0.999733,1.0,ok
z4032/tile_y1792_x1792.npz,z4032,tile_y1792_x1792,4032,1792,1792,4096,1984,1984,4224,2112,2112,0,2097152,596935,595534,595534,596875,0.997653,0.999899,1.0,ok
z4032/tile_y1792_x2240.npz,z4032,tile_y1792_x2240,4032,1792,2240,4096,1984,2432,4224,2112,2560,0,2097152,483812,482791,482791,483621,0.99789,0.999605,1.0,ok
z4032/tile_y1792_x2688.npz,z4032,tile_y1792_x2688,4032,1792,2688,4096,1984,2880,4224,2112,3008,0,2097152,589667,587653,587653,589000,0.996585,0.998869,1.0,ok
z4032/tile_y1792_x3136.npz,z4032,tile_y1792_x3136,4032,1792,3136,4096,1984,3328,4224,2112,3456,0,2097152,346340,15674,15674,15674,0.045256,0.045256,1.0,ok
z4032/tile_y1792_x448.npz,z4032,tile_y1792_x448,4032,1792,448,4096,1984,640,4224,2112,768,0,2097152,118346,85965,85965,87075,0.726387,0.735766,1.0,ok
z4032/tile_y1792_x896.npz,z4032,tile_y1792_x896,4032,1792,896,4096,1984,1088,4224,2112,1216,0,2097152,594730,593382,593382,594555,0.997733,0.999706,1.0,ok
z4032/tile_y2240_x1344.npz,z4032,tile_y2240_x1344,4032,2240,1344,4096,2432,1536,4224,2560,1664,0,2097152,553047,551531,551531,552840,0.997259,0.999626,1.0,ok
z4032/tile_y2240_x1792.npz,z4032,tile_y2240_x1792,4032,2240,1792,4096,2432,1984,4224,2560,2112,0,2097152,767066,763784,763784,766662,0.995721,0.999473,1.0,ok
z4032/tile_y2240_x2240.npz,z4032,tile_y2240_x2240,4032,2240,2240,4096,2432,2432,4224,2560,2560,0,2097152,620503,617008,617008,619641,0.994367,0.998611,1.0,ok
z4032/tile_y2240_x2688.npz,z4032,tile_y2240_x2688,4032,2240,2688,4096,2432,2880,4224,2560,3008,0,2097152,57140,41668,41668,42639,0.729226,0.74622,1.0,ok
z4032/tile_y2240_x3136.npz,z4032,tile_y2240_x3136,4032,2240,3136,4096,2432,3328,4224,2560,3456,0,2097152,262144,0,0,0,0.0,0.0,,ok
z4032/tile_y2240_x448.npz,z4032,tile_y2240_x448,4032,2240,448,4096,2432,640,4224,2560,768,0,2097152,497391,10,10,10,2e-05,2e-05,1.0,ok
z4032/tile_y2240_x896.npz,z4032,tile_y2240_x896,4032,2240,896,4096,2432,1088,4224,2560,1216,0,2097152,476469,472537,472537,474947,0.991748,0.996806,1.0,ok
z4032/tile_y2688_x1344.npz,z4032,tile_y2688_x1344,4032,2688,1344,4096,2880,1536,4224,3008,1664,0,2097152,1120761,0,0,0,0.0,0.0,,ok
z4032/tile_y2688_x1792.npz,z4032,tile_y2688_x1792,4032,2688,1792,4096,2880,1984,4224,3008,2112,0,2097152,687214,0,0,0,0.0,0.0,,ok
z4032/tile_y2688_x2240.npz,z4032,tile_y2688_x2240,4032,2688,2240,4096,2880,2432,4224,3008,2560,0,2097152,960670,0,0,0,0.0,0.0,,ok
z4032/tile_y896_x1344.npz,z4032,tile_y896_x1344,4032,896,1344,4096,1088,1536,4224,1216,1664,0,2097152,1098404,0,0,0,0.0,0.0,,ok
z4032/tile_y896_x1792.npz,z4032,tile_y896_x1792,4032,896,1792,4096,1088,1984,4224,1216,2112,0,2097152,911549,0,0,0,0.0,0.0,,ok
z4032/tile_y896_x2240.npz,z4032,tile_y896_x2240,4032,896,2240,4096,1088,2432,4224,1216,2560,0,2097152,524288,0,0,0,0.0,0.0,,ok
z4032/tile_y896_x896.npz,z4032,tile_y896_x896,4032,896,896,4096,1088,1088,4224,1216,1216,0,2097152,933376,0,0,0,0.0,0.0,,ok
z4256/tile_y1344_x1344.npz,z4256,tile_y1344_x1344,4256,1344,1344,4320,1536,1536,4448,1664,1664,0,2097152,580001,579026,579026,579897,0.998319,0.999821,1.0,ok
z4256/tile_y1344_x1792.npz,z4256,tile_y1344_x1792,4256,1344,1792,4320,1536,1984,4448,1664,2112,0,2097152,642405,640098,640098,641848,0.996409,0.999133,1.0,ok
z4256/tile_y1344_x2240.npz,z4256,tile_y1344_x2240,4256,1344,2240,4320,1536,2432,4448,1664,2560,0,2097152,539395,537648,537648,539081,0.996761,0.999418,1.0,ok
z4256/tile_y1344_x2688.npz,z4256,tile_y1344_x2688,4256,1344,2688,4320,1536,2880,4448,1664,3008,0,2097152,250451,222,222,222,0.000886,0.000886,1.0,ok
z4256/tile_y1344_x448.npz,z4256,tile_y1344_x448,4256,1344,448,4320,1536,640,4448,1664,768,0,2097152,1534848,0,0,0,0.0,0.0,,ok
z4256/tile_y1344_x896.npz,z4256,tile_y1344_x896,4256,1344,896,4320,1536,1088,4448,1664,1216,0,2097152,563247,562433,562433,563194,0.998555,0.999906,1.0,ok
z4256/tile_y1792_x1344.npz,z4256,tile_y1792_x1344,4256,1792,1344,4320,1984,1536,4448,2112,1664,0,2097152,635096,633332,633332,634943,0.997222,0.999759,1.0,ok
z4256/tile_y1792_x1792.npz,z4256,tile_y1792_x1792,4256,1792,1792,4320,1984,1984,4448,2112,2112,0,2097152,601259,598651,598651,600703,0.995662,0.999075,1.0,ok
z4256/tile_y1792_x2240.npz,z4256,tile_y1792_x2240,4256,1792,2240,4320,1984,2432,4448,2112,2560,0,2097152,473975,473023,473023,473920,0.997991,0.999884,1.0,ok
z4256/tile_y1792_x2688.npz,z4256,tile_y1792_x2688,4256,1792,2688,4320,1984,2880,4448,2112,3008,0,2097152,515627,514944,514944,515616,0.998675,0.999979,1.0,ok
z4256/tile_y1792_x3136.npz,z4256,tile_y1792_x3136,4256,1792,3136,4320,1984,3328,4448,2112,3456,0,2097152,647172,6960,6960,7016,0.010754,0.010841,1.0,ok
z4256/tile_y1792_x448.npz,z4256,tile_y1792_x448,4256,1792,448,4320,1984,640,4448,2112,768,0,2097152,202456,6135,6135,6135,0.030303,0.030303,1.0,ok
z4256/tile_y1792_x896.npz,z4256,tile_y1792_x896,4256,1792,896,4320,1984,1088,4448,2112,1216,0,2097152,511743,509062,509062,511462,0.994761,0.999451,1.0,ok
z4256/tile_y2240_x1344.npz,z4256,tile_y2240_x1344,4256,2240,1344,4320,2432,1536,4448,2560,1664,0,2097152,607753,605229,605229,607304,0.995847,0.999261,1.0,ok
z4256/tile_y2240_x1792.npz,z4256,tile_y2240_x1792,4256,2240,1792,4320,2432,1984,4448,2560,2112,0,2097152,566146,563707,563707,565674,0.995692,0.999166,1.0,ok
z4256/tile_y2240_x2240.npz,z4256,tile_y2240_x2240,4256,2240,2240,4320,2432,2432,4448,2560,2560,0,2097152,564745,561860,561860,563478,0.994891,0.997757,1.0,ok
z4256/tile_y2240_x2688.npz,z4256,tile_y2240_x2688,4256,2240,2688,4320,2432,2880,4448,2560,3008,0,2097152,939601,0,0,0,0.0,0.0,,ok
z4256/tile_y2240_x3136.npz,z4256,tile_y2240_x3136,4256,2240,3136,4320,2432,3328,4448,2560,3456,0,2097152,978052,0,0,0,0.0,0.0,,ok
z4256/tile_y2240_x448.npz,z4256,tile_y2240_x448,4256,2240,448,4320,2432,640,4448,2560,768,0,2097152,406490,834,834,859,0.002052,0.002113,1.0,ok
z4256/tile_y2240_x896.npz,z4256,tile_y2240_x896,4256,2240,896,4320,2432,1088,4448,2560,1216,0,2097152,607315,606128,606128,606950,0.998045,0.999399,1.0,ok
z4256/tile_y2688_x1344.npz,z4256,tile_y2688_x1344,4256,2688,1344,4320,2880,1536,4448,3008,1664,0,2097152,1438737,0,0,0,0.0,0.0,,ok
z4256/tile_y2688_x1792.npz,z4256,tile_y2688_x1792,4256,2688,1792,4320,2880,1984,4448,3008,2112,0,2097152,1327104,0,0,0,0.0,0.0,,ok
z4256/tile_y2688_x2240.npz,z4256,tile_y2688_x2240,4256,2688,2240,4320,2880,2432,4448,3008,2560,0,2097152,0,0,0,0,,,,ok
z4256/tile_y896_x1344.npz,z4256,tile_y896_x1344,4256,896,1344,4320,1088,1536,4448,1216,1664,0,2097152,737536,0,0,0,0.0,0.0,,ok
z4256/tile_y896_x1792.npz,z4256,tile_y896_x1792,4256,896,1792,4320,1088,1984,4448,1216,2112,0,2097152,1048576,0,0,0,0.0,0.0,,ok
z4256/tile_y896_x2240.npz,z4256,tile_y896_x2240,4256,896,2240,4320,1088,2432,4448,1216,2560,0,2097152,524288,0,0,0,0.0,0.0,,ok
z4256/tile_y896_x896.npz,z4256,tile_y896_x896,4256,896,896,4320,1088,1088,4448,1216,1216,0,2097152,786432,0,0,0,0.0,0.0,,ok
z448/tile_y1344_x0.npz,z448,tile_y1344_x0,448,1344,0,512,1536,192,640,1664,320,0,2097152,1181047,0,0,0,0.0,0.0,,ok
z448/tile_y1344_x448.npz,z448,tile_y1344_x448,448,1344,448,512,1536,640,640,1664,768,0,2097152,16384,0,0,0,0.0,0.0,,ok
z448/tile_y1792_x0.npz,z448,tile_y1792_x0,448,1792,0,512,1984,192,640,2112,320,0,2097152,212992,0,0,0,0.0,0.0,,ok
z448/tile_y1792_x1344.npz,z448,tile_y1792_x1344,448,1792,1344,512,1984,1536,640,2112,1664,0,2097152,1237943,0,0,0,0.0,0.0,,ok
z448/tile_y1792_x1792.npz,z448,tile_y1792_x1792,448,1792,1792,512,1984,1984,640,2112,2112,0,2097152,1332395,0,0,0,0.0,0.0,,ok
z448/tile_y1792_x2240.npz,z448,tile_y1792_x2240,448,1792,2240,512,1984,2432,640,2112,2560,0,2097152,1053023,0,0,0,0.0,0.0,,ok
z448/tile_y1792_x2688.npz,z448,tile_y1792_x2688,448,1792,2688,512,1984,2880,640,2112,3008,0,2097152,592896,0,0,0,0.0,0.0,,ok
z448/tile_y1792_x3136.npz,z448,tile_y1792_x3136,448,1792,3136,512,1984,3328,640,2112,3456,0,2097152,16384,0,0,0,0.0,0.0,,ok
z448/tile_y1792_x3584.npz,z448,tile_y1792_x3584,448,1792,3584,512,1984,3776,640,2112,3797,1,344064,111157,0,0,0,0.0,0.0,,ok
z448/tile_y1792_x448.npz,z448,tile_y1792_x448,448,1792,448,512,1984,640,640,2112,768,0,2097152,575509,1876,1876,1966,0.00326,0.003416,1.0,ok
z448/tile_y1792_x896.npz,z448,tile_y1792_x896,448,1792,896,512,1984,1088,640,2112,1216,0,2097152,606686,0,0,0,0.0,0.0,,ok
z448/tile_y2240_x1344.npz,z448,tile_y2240_x1344,448,2240,1344,512,2432,1536,640,2560,1664,0,2097152,564330,561753,561753,563907,0.995434,0.99925,1.0,ok
z448/tile_y2240_x1792.npz,z448,tile_y2240_x1792,448,2240,1792,512,2432,1984,640,2560,2112,0,2097152,52675,50048,50048,51578,0.950128,0.979174,1.0,ok
z448/tile_y2240_x2240.npz,z448,tile_y2240_x2240,448,2240,2240,512,2432,2432,640,2560,2560,0,2097152,786432,0,0,0,0.0,0.0,,ok
z448/tile_y2240_x2688.npz,z448,tile_y2240_x2688,448,2240,2688,512,2432,2880,640,2560,3008,0,2097152,465237,0,0,0,0.0,0.0,,ok
z448/tile_y2240_x448.npz,z448,tile_y2240_x448,448,2240,448,512,2432,640,640,2560,768,0,2097152,458680,0,0,0,0.0,0.0,,ok
z448/tile_y2240_x896.npz,z448,tile_y2240_x896,448,2240,896,512,2432,1088,640,2560,1216,0,2097152,371585,363571,363571,367631,0.978433,0.989359,1.0,ok
z4480/tile_y1344_x1344.npz,z4480,tile_y1344_x1344,4480,1344,1344,4544,1536,1536,4672,1664,1664,0,2097152,595602,594000,594000,595330,0.99731,0.999543,1.0,ok
z4480/tile_y1344_x1792.npz,z4480,tile_y1344_x1792,4480,1344,1792,4544,1536,1984,4672,1664,2112,0,2097152,606531,605501,605501,606511,0.998302,0.999967,1.0,ok
z4480/tile_y1344_x2240.npz,z4480,tile_y1344_x2240,4480,1344,2240,4544,1536,2432,4672,1664,2560,0,2097152,527265,525438,525438,527048,0.996535,0.999588,1.0,ok
z4480/tile_y1344_x2688.npz,z4480,tile_y1344_x2688,4480,1344,2688,4544,1536,2880,4672,1664,3008,0,2097152,1151704,0,0,0,0.0,0.0,,ok
z4480/tile_y1344_x3136.npz,z4480,tile_y1344_x3136,4480,1344,3136,4544,1536,3328,4672,1664,3456,0,2097152,0,0,0,0,,,,ok
z4480/tile_y1344_x448.npz,z4480,tile_y1344_x448,4480,1344,448,4544,1536,640,4672,1664,768,0,2097152,1459968,0,0,0,0.0,0.0,,ok
z4480/tile_y1344_x896.npz,z4480,tile_y1344_x896,4480,1344,896,4544,1536,1088,4672,1664,1216,0,2097152,528396,526516,526516,528066,0.996442,0.999375,1.0,ok
z4480/tile_y1792_x1344.npz,z4480,tile_y1792_x1344,4480,1792,1344,4544,1984,1536,4672,2112,1664,0,2097152,626042,623860,623860,625896,0.996515,0.999767,1.0,ok
z4480/tile_y1792_x1792.npz,z4480,tile_y1792_x1792,4480,1792,1792,4544,1984,1984,4672,2112,2112,0,2097152,664396,661007,661007,663665,0.994899,0.9989,1.0,ok
z4480/tile_y1792_x2240.npz,z4480,tile_y1792_x2240,4480,1792,2240,4544,1984,2432,4672,2112,2560,0,2097152,494143,493392,493392,494003,0.99848,0.999717,1.0,ok
z4480/tile_y1792_x2688.npz,z4480,tile_y1792_x2688,4480,1792,2688,4544,1984,2880,4672,2112,3008,0,2097152,507490,506274,506274,507435,0.997604,0.999892,1.0,ok
z4480/tile_y1792_x3136.npz,z4480,tile_y1792_x3136,4480,1792,3136,4544,1984,3328,4672,2112,3456,0,2097152,922088,0,0,0,0.0,0.0,,ok
z4480/tile_y1792_x448.npz,z4480,tile_y1792_x448,4480,1792,448,4544,1984,640,4672,2112,768,0,2097152,581851,2286,2286,2525,0.003929,0.00434,1.0,ok
z4480/tile_y1792_x896.npz,z4480,tile_y1792_x896,4480,1792,896,4544,1984,1088,4672,2112,1216,0,2097152,514622,511939,511939,514270,0.994786,0.999316,1.0,ok
z4480/tile_y2240_x1344.npz,z4480,tile_y2240_x1344,4480,2240,1344,4544,2432,1536,4672,2560,1664,0,2097152,642111,638621,638621,641245,0.994565,0.998651,1.0,ok
z4480/tile_y2240_x1792.npz,z4480,tile_y2240_x1792,4480,2240,1792,4544,2432,1984,4672,2560,2112,0,2097152,519089,517714,517714,518919,0.997351,0.999673,1.0,ok
z4480/tile_y2240_x2240.npz,z4480,tile_y2240_x2240,4480,2240,2240,4544,2432,2432,4672,2560,2560,0,2097152,125671,119884,119884,119948,0.953951,0.95446,1.0,ok
z4480/tile_y2240_x2688.npz,z4480,tile_y2240_x2688,4480,2240,2688,4544,2432,2880,4672,2560,3008,0,2097152,1234872,0,0,0,0.0,0.0,,ok
z4480/tile_y2240_x3136.npz,z4480,tile_y2240_x3136,4480,2240,3136,4544,2432,3328,4672,2560,3456,0,2097152,982244,0,0,0,0.0,0.0,,ok
z4480/tile_y2240_x448.npz,z4480,tile_y2240_x448,4480,2240,448,4544,2432,640,4672,2560,768,0,2097152,204088,10155,10155,11117,0.049758,0.054472,1.0,ok
z4480/tile_y2240_x896.npz,z4480,tile_y2240_x896,4480,2240,896,4544,2432,1088,4672,2560,1216,0,2097152,745389,743183,743183,744892,0.99704,0.999333,1.0,ok
z4480/tile_y2688_x1344.npz,z4480,tile_y2688_x1344,4480,2688,1344,4544,2880,1536,4672,3008,1664,0,2097152,1341504,0,0,0,0.0,0.0,,ok
z4480/tile_y2688_x1792.npz,z4480,tile_y2688_x1792,4480,2688,1792,4544,2880,1984,4672,3008,2112,0,2097152,196608,0,0,0,0.0,0.0,,ok
z4480/tile_y896_x1344.npz,z4480,tile_y896_x1344,4480,896,1344,4544,1088,1536,4672,1216,1664,0,2097152,1048576,0,0,0,0.0,0.0,,ok
z4480/tile_y896_x1792.npz,z4480,tile_y896_x1792,4480,896,1792,4544,1088,1984,4672,1216,2112,0,2097152,1048576,0,0,0,0.0,0.0,,ok
z4480/tile_y896_x2240.npz,z4480,tile_y896_x2240,4480,896,2240,4544,1088,2432,4672,1216,2560,0,2097152,0,0,0,0,,,,ok
z4704/tile_y1344_x1344.npz,z4704,tile_y1344_x1344,4704,1344,1344,4768,1536,1536,4896,1664,1664,0,2097152,537664,537032,537032,537590,0.998825,0.999862,1.0,ok
z4704/tile_y1344_x1792.npz,z4704,tile_y1344_x1792,4704,1344,1792,4768,1536,1984,4896,1664,2112,0,2097152,561331,560556,560556,561267,0.998619,0.999886,1.0,ok
z4704/tile_y1344_x2240.npz,z4704,tile_y1344_x2240,4704,1344,2240,4768,1536,2432,4896,1664,2560,0,2097152,534087,532046,532046,533560,0.996179,0.999013,1.0,ok
z4704/tile_y1344_x2688.npz,z4704,tile_y1344_x2688,4704,1344,2688,4768,1536,2880,4896,1664,3008,0,2097152,1232189,0,0,0,0.0,0.0,,ok
z4704/tile_y1344_x448.npz,z4704,tile_y1344_x448,4704,1344,448,4768,1536,640,4896,1664,768,0,2097152,680151,0,0,0,0.0,0.0,,ok
z4704/tile_y1344_x896.npz,z4704,tile_y1344_x896,4704,1344,896,4768,1536,1088,4896,1664,1216,0,2097152,541947,541167,541167,541944,0.998561,0.999994,1.0,ok
z4704/tile_y1792_x1344.npz,z4704,tile_y1792_x1344,4704,1792,1344,4768,1984,1536,4896,2112,1664,0,2097152,631537,629377,629377,631105,0.99658,0.999316,1.0,ok
z4704/tile_y1792_x1792.npz,z4704,tile_y1792_x1792,4704,1792,1792,4768,1984,1984,4896,2112,2112,0,2097152,499270,497513,497513,499164,0.996481,0.999788,1.0,ok
z4704/tile_y1792_x2240.npz,z4704,tile_y1792_x2240,4704,1792,2240,4768,1984,2432,4896,2112,2560,0,2097152,497757,495763,495763,497564,0.995994,0.999612,1.0,ok
z4704/tile_y1792_x2688.npz,z4704,tile_y1792_x2688,4704,1792,2688,4768,1984,2880,4896,2112,3008,0,2097152,543445,541883,541883,543422,0.997126,0.999958,1.0,ok
z4704/tile_y1792_x3136.npz,z4704,tile_y1792_x3136,4704,1792,3136,4768,1984,3328,4896,2112,3456,0,2097152,1056644,0,0,0,0.0,0.0,,ok
z4704/tile_y1792_x448.npz,z4704,tile_y1792_x448,4704,1792,448,4768,1984,640,4896,2112,768,0,2097152,931619,0,0,0,0.0,0.0,,ok
z4704/tile_y1792_x896.npz,z4704,tile_y1792_x896,4704,1792,896,4768,1984,1088,4896,2112,1216,0,2097152,354420,353191,353191,353974,0.996532,0.998742,1.0,ok
z4704/tile_y2240_x1344.npz,z4704,tile_y2240_x1344,4704,2240,1344,4768,2432,1536,4896,2560,1664,0,2097152,531881,529977,529977,531655,0.99642,0.999575,1.0,ok
z4704/tile_y2240_x1792.npz,z4704,tile_y2240_x1792,4704,2240,1792,4768,2432,1984,4896,2560,2112,0,2097152,481727,480865,480865,481642,0.998211,0.999824,1.0,ok
z4704/tile_y2240_x2240.npz,z4704,tile_y2240_x2240,4704,2240,2240,4768,2432,2432,4896,2560,2560,0,2097152,110990,104352,104352,105116,0.940193,0.947076,1.0,ok
z4704/tile_y2240_x2688.npz,z4704,tile_y2240_x2688,4704,2240,2688,4768,2432,2880,4896,2560,3008,0,2097152,1204628,0,0,0,0.0,0.0,,ok
z4704/tile_y2240_x3136.npz,z4704,tile_y2240_x3136,4704,2240,3136,4768,2432,3328,4896,2560,3456,0,2097152,1117184,0,0,0,0.0,0.0,,ok
z4704/tile_y2240_x448.npz,z4704,tile_y2240_x448,4704,2240,448,4768,2432,640,4896,2560,768,0,2097152,207778,14294,14294,14384,0.068795,0.069228,1.0,ok
z4704/tile_y2240_x896.npz,z4704,tile_y2240_x896,4704,2240,896,4768,2432,1088,4896,2560,1216,0,2097152,158614,150302,150302,150595,0.947596,0.949443,1.0,ok
z4704/tile_y2688_x1344.npz,z4704,tile_y2688_x1344,4704,2688,1344,4768,2880,1536,4896,3008,1664,0,2097152,0,0,0,0,,,,ok
z4704/tile_y2688_x1792.npz,z4704,tile_y2688_x1792,4704,2688,1792,4768,2880,1984,4896,3008,2112,0,2097152,0,0,0,0,,,,ok
z4704/tile_y896_x1792.npz,z4704,tile_y896_x1792,4704,896,1792,4768,1088,1984,4896,1216,2112,0,2097152,262144,0,0,0,0.0,0.0,,ok
z4928/tile_y1344_x1344.npz,z4928,tile_y1344_x1344,4928,1344,1344,4992,1536,1536,5120,1664,1664,0,2097152,540876,540209,540209,540862,0.998767,0.999974,1.0,ok
z4928/tile_y1344_x1792.npz,z4928,tile_y1344_x1792,4928,1344,1792,4992,1536,1984,5120,1664,2112,0,2097152,566908,566287,566287,566817,0.998905,0.999839,1.0,ok
z4928/tile_y1344_x2240.npz,z4928,tile_y1344_x2240,4928,1344,2240,4992,1536,2432,5120,1664,2560,0,2097152,304631,265090,265090,265880,0.8702,0.872794,1.0,ok
z4928/tile_y1344_x2688.npz,z4928,tile_y1344_x2688,4928,1344,2688,4992,1536,2880,5120,1664,3008,0,2097152,1189791,0,0,0,0.0,0.0,,ok
z4928/tile_y1344_x448.npz,z4928,tile_y1344_x448,4928,1344,448,4992,1536,640,5120,1664,768,0,2097152,0,0,0,0,,,,ok
z4928/tile_y1344_x896.npz,z4928,tile_y1344_x896,4928,1344,896,4992,1536,1088,5120,1664,1216,0,2097152,514334,510726,510726,512642,0.992985,0.99671,1.0,ok
z4928/tile_y1792_x1344.npz,z4928,tile_y1792_x1344,4928,1792,1344,4992,1984,1536,5120,2112,1664,0,2097152,432294,431653,431653,432244,0.998517,0.999884,1.0,ok
z4928/tile_y1792_x1792.npz,z4928,tile_y1792_x1792,4928,1792,1792,4992,1984,1984,5120,2112,2112,0,2097152,236935,227676,227676,230440,0.960922,0.972587,1.0,ok
z4928/tile_y1792_x2240.npz,z4928,tile_y1792_x2240,4928,1792,2240,4992,1984,2432,5120,2112,2560,0,2097152,482493,481664,481664,482475,0.998282,0.999963,1.0,ok
z4928/tile_y1792_x2688.npz,z4928,tile_y1792_x2688,4928,1792,2688,4992,1984,2880,5120,2112,3008,0,2097152,501139,500422,500422,501027,0.998569,0.999777,1.0,ok
z4928/tile_y1792_x3136.npz,z4928,tile_y1792_x3136,4928,1792,3136,4992,1984,3328,5120,2112,3456,0,2097152,123342,7870,7870,7874,0.063806,0.063839,1.0,ok
z4928/tile_y1792_x448.npz,z4928,tile_y1792_x448,4928,1792,448,4992,1984,640,5120,2112,768,0,2097152,996225,0,0,0,0.0,0.0,,ok
z4928/tile_y1792_x896.npz,z4928,tile_y1792_x896,4928,1792,896,4992,1984,1088,5120,2112,1216,0,2097152,506174,504602,504602,505678,0.996894,0.99902,1.0,ok
z4928/tile_y2240_x1344.npz,z4928,tile_y2240_x1344,4928,2240,1344,4992,2432,1536,5120,2560,1664,0,2097152,528213,526788,526788,528173,0.997302,0.999924,1.0,ok
z4928/tile_y2240_x1792.npz,z4928,tile_y2240_x1792,4928,2240,1792,4992,2432,1984,5120,2560,2112,0,2097152,557608,556541,556541,557520,0.998086,0.999842,1.0,ok
z4928/tile_y2240_x2240.npz,z4928,tile_y2240_x2240,4928,2240,2240,4992,2432,2432,5120,2560,2560,0,2097152,251505,246637,246637,248270,0.980645,0.987137,1.0,ok
z4928/tile_y2240_x2688.npz,z4928,tile_y2240_x2688,4928,2240,2688,4992,2432,2880,5120,2560,3008,0,2097152,856848,0,0,0,0.0,0.0,,ok
z4928/tile_y2240_x3136.npz,z4928,tile_y2240_x3136,4928,2240,3136,4992,2432,3328,5120,2560,3456,0,2097152,855040,0,0,0,0.0,0.0,,ok
z4928/tile_y2240_x448.npz,z4928,tile_y2240_x448,4928,2240,448,4992,2432,640,5120,2560,768,0,2097152,273547,262285,262285,263700,0.95883,0.964003,1.0,ok
z4928/tile_y2240_x896.npz,z4928,tile_y2240_x896,4928,2240,896,4992,2432,1088,5120,2560,1216,0,2097152,324857,0,0,0,0.0,0.0,,ok
z5152/tile_y1344_x1344.npz,z5152,tile_y1344_x1344,5152,1344,1344,5216,1536,1536,5344,1664,1664,0,2097152,527071,526420,526420,527029,0.998765,0.99992,1.0,ok
z5152/tile_y1344_x1792.npz,z5152,tile_y1344_x1792,5152,1344,1792,5216,1536,1984,5344,1664,2112,0,2097152,335448,326018,326018,329691,0.971888,0.982838,1.0,ok
z5152/tile_y1344_x2240.npz,z5152,tile_y1344_x2240,5152,1344,2240,5216,1536,2432,5344,1664,2560,0,2097152,288818,281012,281012,284706,0.972973,0.985763,1.0,ok
z5152/tile_y1344_x2688.npz,z5152,tile_y1344_x2688,5152,1344,2688,5216,1536,2880,5344,1664,3008,0,2097152,959681,0,0,0,0.0,0.0,,ok
z5152/tile_y1344_x448.npz,z5152,tile_y1344_x448,5152,1344,448,5216,1536,640,5344,1664,768,0,2097152,0,0,0,0,,,,ok
z5152/tile_y1344_x896.npz,z5152,tile_y1344_x896,5152,1344,896,5216,1536,1088,5344,1664,1216,0,2097152,322974,313388,313388,315558,0.97032,0.977038,1.0,ok
z5152/tile_y1792_x1344.npz,z5152,tile_y1792_x1344,5152,1792,1344,5216,1984,1536,5344,2112,1664,0,2097152,379069,377447,377447,378453,0.995721,0.998375,1.0,ok
z5152/tile_y1792_x1792.npz,z5152,tile_y1792_x1792,5152,1792,1792,5216,1984,1984,5344,2112,2112,0,2097152,472813,468407,468407,471085,0.990681,0.996345,1.0,ok
z5152/tile_y1792_x2240.npz,z5152,tile_y1792_x2240,5152,1792,2240,5216,1984,2432,5344,2112,2560,0,2097152,480883,479992,479992,480686,0.998147,0.99959,1.0,ok
z5152/tile_y1792_x2688.npz,z5152,tile_y1792_x2688,5152,1792,2688,5216,1984,2880,5344,2112,3008,0,2097152,494514,493584,493584,494491,0.998119,0.999953,1.0,ok
z5152/tile_y1792_x3136.npz,z5152,tile_y1792_x3136,5152,1792,3136,5216,1984,3328,5344,2112,3456,0,2097152,94589,61767,61767,61846,0.653004,0.653839,1.0,ok
z5152/tile_y1792_x448.npz,z5152,tile_y1792_x448,5152,1792,448,5216,1984,640,5344,2112,768,0,2097152,1248839,0,0,0,0.0,0.0,,ok
z5152/tile_y1792_x896.npz,z5152,tile_y1792_x896,5152,1792,896,5216,1984,1088,5344,2112,1216,0,2097152,533814,532398,532398,533516,0.997347,0.999442,1.0,ok
z5152/tile_y2240_x1344.npz,z5152,tile_y2240_x1344,5152,2240,1344,5216,2432,1536,5344,2560,1664,0,2097152,461571,456296,456296,458327,0.988572,0.992972,1.0,ok
z5152/tile_y2240_x1792.npz,z5152,tile_y2240_x1792,5152,2240,1792,5216,2432,1984,5344,2560,2112,0,2097152,476840,476259,476259,476738,0.998782,0.999786,1.0,ok
z5152/tile_y2240_x2240.npz,z5152,tile_y2240_x2240,5152,2240,2240,5216,2432,2432,5344,2560,2560,0,2097152,304533,296318,296318,296590,0.973024,0.973917,1.0,ok
z5152/tile_y2240_x2688.npz,z5152,tile_y2240_x2688,5152,2240,2688,5216,2432,2880,5344,2560,3008,0,2097152,773692,0,0,0,0.0,0.0,,ok
z5152/tile_y2240_x3136.npz,z5152,tile_y2240_x3136,5152,2240,3136,5216,2432,3328,5344,2560,3456,0,2097152,1048576,0,0,0,0.0,0.0,,ok
z5152/tile_y2240_x448.npz,z5152,tile_y2240_x448,5152,2240,448,5216,2432,640,5344,2560,768,0,2097152,397585,391483,391483,395774,0.984652,0.995445,1.0,ok
z5152/tile_y2240_x896.npz,z5152,tile_y2240_x896,5152,2240,896,5216,2432,1088,5344,2560,1216,0,2097152,74681,65792,65792,66686,0.880974,0.892945,1.0,ok
z5152/tile_y2688_x1792.npz,z5152,tile_y2688_x1792,5152,2688,1792,5216,2880,1984,5344,3008,2112,0,2097152,0,0,0,0,,,,ok
z5376/tile_y1344_x1344.npz,z5376,tile_y1344_x1344,5376,1344,1344,5440,1536,1536,5568,1664,1664,0,2097152,320056,316713,316713,317152,0.989555,0.990927,1.0,ok
z5376/tile_y1344_x1792.npz,z5376,tile_y1344_x1792,5376,1344,1792,5440,1536,1984,5568,1664,2112,0,2097152,318334,296478,296478,297379,0.931343,0.934173,1.0,ok
z5376/tile_y1344_x2240.npz,z5376,tile_y1344_x2240,5376,1344,2240,5440,1536,2432,5568,1664,2560,0,2097152,278552,8244,8244,8244,0.029596,0.029596,1.0,ok
z5376/tile_y1344_x2688.npz,z5376,tile_y1344_x2688,5376,1344,2688,5440,1536,2880,5568,1664,3008,0,2097152,803738,0,0,0,0.0,0.0,,ok
z5376/tile_y1344_x448.npz,z5376,tile_y1344_x448,5376,1344,448,5440,1536,640,5568,1664,768,0,2097152,0,0,0,0,,,,ok
z5376/tile_y1344_x896.npz,z5376,tile_y1344_x896,5376,1344,896,5440,1536,1088,5568,1664,1216,0,2097152,425612,417195,417195,418714,0.980224,0.983793,1.0,ok
z5376/tile_y1792_x1344.npz,z5376,tile_y1792_x1344,5376,1792,1344,5440,1984,1536,5568,2112,1664,0,2097152,463211,461290,461290,462486,0.995853,0.998435,1.0,ok
z5376/tile_y1792_x1792.npz,z5376,tile_y1792_x1792,5376,1792,1792,5440,1984,1984,5568,2112,2112,0,2097152,523351,521361,521361,522964,0.996198,0.999261,1.0,ok
z5376/tile_y1792_x2240.npz,z5376,tile_y1792_x2240,5376,1792,2240,5440,1984,2432,5568,2112,2560,0,2097152,554037,552806,552806,553988,0.997778,0.999912,1.0,ok
z5376/tile_y1792_x2688.npz,z5376,tile_y1792_x2688,5376,1792,2688,5440,1984,2880,5568,2112,3008,0,2097152,540890,539562,539562,540645,0.997545,0.999547,1.0,ok
z5376/tile_y1792_x3136.npz,z5376,tile_y1792_x3136,5376,1792,3136,5440,1984,3328,5568,2112,3456,0,2097152,87426,44041,44041,44877,0.503752,0.513314,1.0,ok
z5376/tile_y1792_x448.npz,z5376,tile_y1792_x448,5376,1792,448,5440,1984,640,5568,2112,768,0,2097152,647710,0,0,0,0.0,0.0,,ok
z5376/tile_y1792_x896.npz,z5376,tile_y1792_x896,5376,1792,896,5440,1984,1088,5568,2112,1216,0,2097152,476520,474919,474919,476472,0.99664,0.999899,1.0,ok
z5376/tile_y2240_x1344.npz,z5376,tile_y2240_x1344,5376,2240,1344,5440,2432,1536,5568,2560,1664,0,2097152,467937,428623,428623,431057,0.915984,0.921186,1.0,ok
z5376/tile_y2240_x1792.npz,z5376,tile_y2240_x1792,5376,2240,1792,5440,2432,1984,5568,2560,2112,0,2097152,506666,506497,506497,506663,0.999666,0.999994,1.0,ok
z5376/tile_y2240_x2240.npz,z5376,tile_y2240_x2240,5376,2240,2240,5440,2432,2432,5568,2560,2560,0,2097152,504942,497260,497260,497710,0.984786,0.985678,1.0,ok
z5376/tile_y2240_x2688.npz,z5376,tile_y2240_x2688,5376,2240,2688,5440,2432,2880,5568,2560,3008,0,2097152,785983,0,0,0,0.0,0.0,,ok
z5376/tile_y2240_x3136.npz,z5376,tile_y2240_x3136,5376,2240,3136,5440,2432,3328,5568,2560,3456,0,2097152,1048576,0,0,0,0.0,0.0,,ok
z5376/tile_y2240_x448.npz,z5376,tile_y2240_x448,5376,2240,448,5440,2432,640,5568,2560,768,0,2097152,236151,232929,232929,234259,0.986356,0.991988,1.0,ok
z5376/tile_y2240_x896.npz,z5376,tile_y2240_x896,5376,2240,896,5440,2432,1088,5568,2560,1216,0,2097152,121251,115577,115577,116144,0.953205,0.957881,1.0,ok
z5376/tile_y2688_x1792.npz,z5376,tile_y2688_x1792,5376,2688,1792,5440,2880,1984,5568,3008,2112,0,2097152,0,0,0,0,,,,ok
z5600/tile_y1344_x1344.npz,z5600,tile_y1344_x1344,5600,1344,1344,5664,1536,1536,5792,1664,1664,0,2097152,254154,246572,246572,248310,0.970168,0.977006,1.0,ok
z5600/tile_y1344_x1792.npz,z5600,tile_y1344_x1792,5600,1344,1792,5664,1536,1984,5792,1664,2112,0,2097152,301179,22721,22721,22990,0.07544,0.076333,1.0,ok
z5600/tile_y1344_x2240.npz,z5600,tile_y1344_x2240,5600,1344,2240,5664,1536,2432,5792,1664,2560,0,2097152,1261568,0,0,0,0.0,0.0,,ok
z5600/tile_y1344_x2688.npz,z5600,tile_y1344_x2688,5600,1344,2688,5664,1536,2880,5792,1664,3008,0,2097152,524288,0,0,0,0.0,0.0,,ok
z5600/tile_y1344_x448.npz,z5600,tile_y1344_x448,5600,1344,448,5664,1536,640,5792,1664,768,0,2097152,0,0,0,0,,,,ok
z5600/tile_y1344_x896.npz,z5600,tile_y1344_x896,5600,1344,896,5664,1536,1088,5792,1664,1216,0,2097152,333425,323530,323530,325209,0.970323,0.975359,1.0,ok
z5600/tile_y1792_x1344.npz,z5600,tile_y1792_x1344,5600,1792,1344,5664,1984,1536,5792,2112,1664,0,2097152,518198,517267,517267,517890,0.998203,0.999406,1.0,ok
z5600/tile_y1792_x1792.npz,z5600,tile_y1792_x1792,5600,1792,1792,5664,1984,1984,5792,2112,2112,0,2097152,601877,601164,601164,601864,0.998815,0.999978,1.0,ok
z5600/tile_y1792_x2240.npz,z5600,tile_y1792_x2240,5600,1792,2240,5664,1984,2432,5792,2112,2560,0,2097152,531427,530696,530696,531420,0.998624,0.999987,1.0,ok
z5600/tile_y1792_x2688.npz,z5600,tile_y1792_x2688,5600,1792,2688,5664,1984,2880,5792,2112,3008,0,2097152,537861,536359,536359,537294,0.997207,0.998946,1.0,ok
z5600/tile_y1792_x3136.npz,z5600,tile_y1792_x3136,5600,1792,3136,5664,1984,3328,5792,2112,3456,0,2097152,192075,185131,185131,190296,0.963847,0.990738,1.0,ok
z5600/tile_y1792_x448.npz,z5600,tile_y1792_x448,5600,1792,448,5664,1984,640,5792,2112,768,0,2097152,241052,5327,5327,5407,0.022099,0.022431,1.0,ok
z5600/tile_y1792_x896.npz,z5600,tile_y1792_x896,5600,1792,896,5664,1984,1088,5792,2112,1216,0,2097152,593094,590965,590965,592906,0.99641,0.999683,1.0,ok
z5600/tile_y2240_x1344.npz,z5600,tile_y2240_x1344,5600,2240,1344,5664,2432,1536,5792,2560,1664,0,2097152,449889,444305,444305,445629,0.987588,0.990531,1.0,ok
z5600/tile_y2240_x1792.npz,z5600,tile_y2240_x1792,5600,2240,1792,5664,2432,1984,5792,2560,2112,0,2097152,542121,541680,541680,542037,0.999187,0.999845,1.0,ok
z5600/tile_y2240_x2240.npz,z5600,tile_y2240_x2240,5600,2240,2240,5664,2432,2432,5792,2560,2560,0,2097152,524503,523325,523325,524454,0.997754,0.999907,1.0,ok
z5600/tile_y2240_x2688.npz,z5600,tile_y2240_x2688,5600,2240,2688,5664,2432,2880,5792,2560,3008,0,2097152,856576,0,0,0,0.0,0.0,,ok
z5600/tile_y2240_x3136.npz,z5600,tile_y2240_x3136,5600,2240,3136,5664,2432,3328,5792,2560,3456,0,2097152,0,0,0,0,,,,ok
z5600/tile_y2240_x448.npz,z5600,tile_y2240_x448,5600,2240,448,5664,2432,640,5792,2560,768,0,2097152,296080,288428,288428,291382,0.974156,0.984133,1.0,ok
z5600/tile_y2240_x896.npz,z5600,tile_y2240_x896,5600,2240,896,5664,2432,1088,5792,2560,1216,0,2097152,121743,209,209,209,0.001717,0.001717,1.0,ok
z5600/tile_y2688_x1792.npz,z5600,tile_y2688_x1792,5600,2688,1792,5664,2880,1984,5792,3008,2112,0,2097152,0,0,0,0,,,,ok
z5824/tile_y1344_x1344.npz,z5824,tile_y1344_x1344,5824,1344,1344,5888,1536,1536,6016,1664,1664,0,2097152,125420,121001,121001,122039,0.964766,0.973043,1.0,ok
z5824/tile_y1344_x1792.npz,z5824,tile_y1344_x1792,5824,1344,1792,5888,1536,1984,6016,1664,2112,0,2097152,499488,6184,6184,6186,0.012381,0.012385,1.0,ok
z5824/tile_y1344_x2240.npz,z5824,tile_y1344_x2240,5824,1344,2240,5888,1536,2432,6016,1664,2560,0,2097152,1395216,0,0,0,0.0,0.0,,ok
z5824/tile_y1344_x2688.npz,z5824,tile_y1344_x2688,5824,1344,2688,5888,1536,2880,6016,1664,3008,0,2097152,524288,0,0,0,0.0,0.0,,ok
z5824/tile_y1344_x3136.npz,z5824,tile_y1344_x3136,5824,1344,3136,5888,1536,3328,6016,1664,3456,0,2097152,0,0,0,0,,,,ok
z5824/tile_y1344_x448.npz,z5824,tile_y1344_x448,5824,1344,448,5888,1536,640,6016,1664,768,0,2097152,0,0,0,0,,,,ok
z5824/tile_y1344_x896.npz,z5824,tile_y1344_x896,5824,1344,896,5888,1536,1088,6016,1664,1216,0,2097152,247674,239609,239609,241317,0.967437,0.974333,1.0,ok
z5824/tile_y1792_x1344.npz,z5824,tile_y1792_x1344,5824,1792,1344,5888,1984,1536,6016,2112,1664,0,2097152,550753,549545,549545,550487,0.997807,0.999517,1.0,ok
z5824/tile_y1792_x1792.npz,z5824,tile_y1792_x1792,5824,1792,1792,5888,1984,1984,6016,2112,2112,0,2097152,479658,477885,477885,479635,0.996304,0.999952,1.0,ok
z5824/tile_y1792_x2240.npz,z5824,tile_y1792_x2240,5824,1792,2240,5888,1984,2432,6016,2112,2560,0,2097152,542224,541655,541655,542110,0.998951,0.99979,1.0,ok
z5824/tile_y1792_x2688.npz,z5824,tile_y1792_x2688,5824,1792,2688,5888,1984,2880,6016,2112,3008,0,2097152,720602,713065,713065,718328,0.989541,0.996844,1.0,ok
z5824/tile_y1792_x3136.npz,z5824,tile_y1792_x3136,5824,1792,3136,5888,1984,3328,6016,2112,3456,0,2097152,320584,313389,313389,318076,0.977557,0.992177,1.0,ok
z5824/tile_y1792_x448.npz,z5824,tile_y1792_x448,5824,1792,448,5888,1984,640,6016,2112,768,0,2097152,934185,0,0,0,0.0,0.0,,ok
z5824/tile_y1792_x896.npz,z5824,tile_y1792_x896,5824,1792,896,5888,1984,1088,6016,2112,1216,0,2097152,506511,505630,505630,506446,0.998261,0.999872,1.0,ok
z5824/tile_y2240_x1344.npz,z5824,tile_y2240_x1344,5824,2240,1344,5888,2432,1536,6016,2560,1664,0,2097152,430232,413316,413316,415597,0.960682,0.965983,1.0,ok
z5824/tile_y2240_x1792.npz,z5824,tile_y2240_x1792,5824,2240,1792,5888,2432,1984,6016,2560,2112,0,2097152,535811,535605,535605,535754,0.999616,0.999894,1.0,ok
z5824/tile_y2240_x2240.npz,z5824,tile_y2240_x2240,5824,2240,2240,5888,2432,2432,6016,2560,2560,0,2097152,560114,559799,559799,560102,0.999438,0.999979,1.0,ok
z5824/tile_y2240_x2688.npz,z5824,tile_y2240_x2688,5824,2240,2688,5888,2432,2880,6016,2560,3008,0,2097152,797136,0,0,0,0.0,0.0,,ok
z5824/tile_y2240_x448.npz,z5824,tile_y2240_x448,5824,2240,448,5888,2432,640,6016,2560,768,0,2097152,61579,51882,51882,53545,0.842527,0.869533,1.0,ok
z5824/tile_y2240_x896.npz,z5824,tile_y2240_x896,5824,2240,896,5888,2432,1088,6016,2560,1216,0,2097152,87606,82916,82916,83622,0.946465,0.954524,1.0,ok
z5824/tile_y2688_x1792.npz,z5824,tile_y2688_x1792,5824,2688,1792,5888,2880,1984,6016,3008,2112,0,2097152,0,0,0,0,,,,ok
z6048/tile_y1344_x1344.npz,z6048,tile_y1344_x1344,6048,1344,1344,6112,1536,1536,6240,1664,1664,0,2097152,272039,262512,262512,263310,0.964979,0.967913,1.0,ok
z6048/tile_y1344_x1792.npz,z6048,tile_y1344_x1792,6048,1344,1792,6112,1536,1984,6240,1664,2112,0,2097152,493388,33874,33874,34515,0.068656,0.069955,1.0,ok
z6048/tile_y1344_x2240.npz,z6048,tile_y1344_x2240,6048,1344,2240,6112,1536,2432,6240,1664,2560,0,2097152,1412003,0,0,0,0.0,0.0,,ok
z6048/tile_y1344_x2688.npz,z6048,tile_y1344_x2688,6048,1344,2688,6112,1536,2880,6240,1664,3008,0,2097152,524288,0,0,0,0.0,0.0,,ok
z6048/tile_y1344_x896.npz,z6048,tile_y1344_x896,6048,1344,896,6112,1536,1088,6240,1664,1216,0,2097152,209248,41918,41918,42860,0.200327,0.204829,1.0,ok
z6048/tile_y1792_x1344.npz,z6048,tile_y1792_x1344,6048,1792,1344,6112,1984,1536,6240,2112,1664,0,2097152,489345,487636,487636,489027,0.996508,0.99935,1.0,ok
z6048/tile_y1792_x1792.npz,z6048,tile_y1792_x1792,6048,1792,1792,6112,1984,1984,6240,2112,2112,0,2097152,550613,549965,549965,550482,0.998823,0.999762,1.0,ok
z6048/tile_y1792_x2240.npz,z6048,tile_y1792_x2240,6048,1792,2240,6112,1984,2432,6240,2112,2560,0,2097152,568471,567763,567763,568387,0.998755,0.999852,1.0,ok
z6048/tile_y1792_x2688.npz,z6048,tile_y1792_x2688,6048,1792,2688,6112,1984,2880,6240,2112,3008,0,2097152,549575,547643,547643,549155,0.996485,0.999236,1.0,ok
z6048/tile_y1792_x3136.npz,z6048,tile_y1792_x3136,6048,1792,3136,6112,1984,3328,6240,2112,3456,0,2097152,144736,36952,36952,39736,0.255306,0.274541,1.0,ok
z6048/tile_y1792_x448.npz,z6048,tile_y1792_x448,6048,1792,448,6112,1984,640,6240,2112,768,0,2097152,1199590,0,0,0,0.0,0.0,,ok
z6048/tile_y1792_x896.npz,z6048,tile_y1792_x896,6048,1792,896,6112,1984,1088,6240,2112,1216,0,2097152,480060,479209,479209,479992,0.998227,0.999858,1.0,ok
z6048/tile_y2240_x1344.npz,z6048,tile_y2240_x1344,6048,2240,1344,6112,2432,1536,6240,2560,1664,0,2097152,424949,404233,404233,404761,0.951251,0.952493,1.0,ok
z6048/tile_y2240_x1792.npz,z6048,tile_y2240_x1792,6048,2240,1792,6112,2432,1984,6240,2560,2112,0,2097152,524917,524741,524741,524907,0.999665,0.999981,1.0,ok
z6048/tile_y2240_x2240.npz,z6048,tile_y2240_x2240,6048,2240,2240,6112,2432,2432,6240,2560,2560,0,2097152,547370,546737,546737,547352,0.998844,0.999967,1.0,ok
z6048/tile_y2240_x2688.npz,z6048,tile_y2240_x2688,6048,2240,2688,6112,2432,2880,6240,2560,3008,0,2097152,586240,0,0,0,0.0,0.0,,ok
z6048/tile_y2240_x448.npz,z6048,tile_y2240_x448,6048,2240,448,6112,2432,640,6240,2560,768,0,2097152,408022,21427,21427,21729,0.052514,0.053254,1.0,ok
z6048/tile_y2240_x896.npz,z6048,tile_y2240_x896,6048,2240,896,6112,2432,1088,6240,2560,1216,0,2097152,183576,179342,179342,179568,0.976936,0.978167,1.0,ok
z6048/tile_y2688_x1792.npz,z6048,tile_y2688_x1792,6048,2688,1792,6112,2880,1984,6240,3008,2112,0,2097152,0,0,0,0,,,,ok
z6048/tile_y2688_x2240.npz,z6048,tile_y2688_x2240,6048,2688,2240,6112,2880,2432,6240,3008,2560,0,2097152,0,0,0,0,,,,ok
z6272/tile_y1344_x1344.npz,z6272,tile_y1344_x1344,6272,1344,1344,6336,1536,1536,6464,1664,1664,0,2097152,272561,20585,20585,20892,0.075524,0.076651,1.0,ok
z6272/tile_y1344_x1792.npz,z6272,tile_y1344_x1792,6272,1344,1792,6336,1536,1984,6464,1664,2112,0,2097152,135124,123553,123553,123999,0.914368,0.917668,1.0,ok
z6272/tile_y1344_x2240.npz,z6272,tile_y1344_x2240,6272,1344,2240,6336,1536,2432,6464,1664,2560,0,2097152,1261568,0,0,0,0.0,0.0,,ok
z6272/tile_y1344_x2688.npz,z6272,tile_y1344_x2688,6272,1344,2688,6336,1536,2880,6464,1664,3008,0,2097152,524288,0,0,0,0.0,0.0,,ok
z6272/tile_y1344_x896.npz,z6272,tile_y1344_x896,6272,1344,896,6336,1536,1088,6464,1664,1216,0,2097152,906959,0,0,0,0.0,0.0,,ok
z6272/tile_y1792_x1344.npz,z6272,tile_y1792_x1344,6272,1792,1344,6336,1984,1536,6464,2112,1664,0,2097152,514456,514016,514016,514419,0.999145,0.999928,1.0,ok
z6272/tile_y1792_x1792.npz,z6272,tile_y1792_x1792,6272,1792,1792,6336,1984,1984,6464,2112,2112,0,2097152,502043,499862,499862,501527,0.995656,0.998972,1.0,ok
z6272/tile_y1792_x2240.npz,z6272,tile_y1792_x2240,6272,1792,2240,6336,1984,2432,6464,2112,2560,0,2097152,584693,583371,583371,584644,0.997739,0.999916,1.0,ok
z6272/tile_y1792_x2688.npz,z6272,tile_y1792_x2688,6272,1792,2688,6336,1984,2880,6464,2112,3008,0,2097152,556801,554609,554609,555956,0.996063,0.998482,1.0,ok
z6272/tile_y1792_x3136.npz,z6272,tile_y1792_x3136,6272,1792,3136,6336,1984,3328,6464,2112,3456,0,2097152,1263960,0,0,0,0.0,0.0,,ok
z6272/tile_y1792_x448.npz,z6272,tile_y1792_x448,6272,1792,448,6336,1984,640,6464,2112,768,0,2097152,1192745,0,0,0,0.0,0.0,,ok
z6272/tile_y1792_x896.npz,z6272,tile_y1792_x896,6272,1792,896,6336,1984,1088,6464,2112,1216,0,2097152,481693,480935,480935,481693,0.998426,1.0,1.0,ok
z6272/tile_y2240_x1344.npz,z6272,tile_y2240_x1344,6272,2240,1344,6336,2432,1536,6464,2560,1664,0,2097152,523782,521161,521161,522090,0.994996,0.99677,1.0,ok
z6272/tile_y2240_x1792.npz,z6272,tile_y2240_x1792,6272,2240,1792,6336,2432,1984,6464,2560,2112,0,2097152,519132,518110,518110,519080,0.998031,0.9999,1.0,ok
z6272/tile_y2240_x2240.npz,z6272,tile_y2240_x2240,6272,2240,2240,6336,2432,2432,6464,2560,2560,0,2097152,502429,501726,501726,502421,0.998601,0.999984,1.0,ok
z6272/tile_y2240_x2688.npz,z6272,tile_y2240_x2688,6272,2240,2688,6336,2432,2880,6464,2560,3008,0,2097152,735088,0,0,0,0.0,0.0,,ok
z6272/tile_y2240_x448.npz,z6272,tile_y2240_x448,6272,2240,448,6336,2432,640,6464,2560,768,0,2097152,554180,0,0,0,0.0,0.0,,ok
z6272/tile_y2240_x896.npz,z6272,tile_y2240_x896,6272,2240,896,6336,2432,1088,6464,2560,1216,0,2097152,322693,316617,316617,317008,0.981171,0.982383,1.0,ok
z6272/tile_y2688_x1792.npz,z6272,tile_y2688_x1792,6272,2688,1792,6336,2880,1984,6464,3008,2112,0,2097152,0,0,0,0,,,,ok
z6272/tile_y2688_x2240.npz,z6272,tile_y2688_x2240,6272,2688,2240,6336,2880,2432,6464,3008,2560,0,2097152,0,0,0,0,,,,ok
z6496/tile_y1344_x1344.npz,z6496,tile_y1344_x1344,6496,1344,1344,6560,1536,1536,6688,1664,1664,0,2097152,269805,1256,1256,1287,0.004655,0.00477,1.0,ok
z6496/tile_y1344_x1792.npz,z6496,tile_y1344_x1792,6496,1344,1792,6560,1536,1984,6688,1664,2112,0,2097152,153342,143481,143481,145568,0.935693,0.949303,1.0,ok
z6496/tile_y1344_x2240.npz,z6496,tile_y1344_x2240,6496,1344,2240,6560,1536,2432,6688,1664,2560,0,2097152,1584429,0,0,0,0.0,0.0,,ok
z6496/tile_y1344_x2688.npz,z6496,tile_y1344_x2688,6496,1344,2688,6560,1536,2880,6688,1664,3008,0,2097152,524288,0,0,0,0.0,0.0,,ok
z6496/tile_y1344_x896.npz,z6496,tile_y1344_x896,6496,1344,896,6560,1536,1088,6688,1664,1216,0,2097152,1741018,0,0,0,0.0,0.0,,ok
z6496/tile_y1792_x1344.npz,z6496,tile_y1792_x1344,6496,1792,1344,6560,1984,1536,6688,2112,1664,0,2097152,559733,559441,559441,559733,0.999478,1.0,1.0,ok
z6496/tile_y1792_x1792.npz,z6496,tile_y1792_x1792,6496,1792,1792,6560,1984,1984,6688,2112,2112,0,2097152,504909,504731,504731,504909,0.999647,1.0,1.0,ok
z6496/tile_y1792_x2240.npz,z6496,tile_y1792_x2240,6496,1792,2240,6560,1984,2432,6688,2112,2560,0,2097152,545833,545067,545067,545833,0.998597,1.0,1.0,ok
z6496/tile_y1792_x2688.npz,z6496,tile_y1792_x2688,6496,1792,2688,6560,1984,2880,6688,2112,3008,0,2097152,591134,589669,589669,590936,0.997522,0.999665,1.0,ok
z6496/tile_y1792_x3136.npz,z6496,tile_y1792_x3136,6496,1792,3136,6560,1984,3328,6688,2112,3456,0,2097152,1697953,0,0,0,0.0,0.0,,ok
z6496/tile_y1792_x448.npz,z6496,tile_y1792_x448,6496,1792,448,6560,1984,640,6688,2112,768,0,2097152,1000253,0,0,0,0.0,0.0,,ok
z6496/tile_y1792_x896.npz,z6496,tile_y1792_x896,6496,1792,896,6560,1984,1088,6688,2112,1216,0,2097152,512928,511416,511416,512569,0.997052,0.9993,1.0,ok
z6496/tile_y2240_x1344.npz,z6496,tile_y2240_x1344,6496,2240,1344,6560,2432,1536,6688,2560,1664,0,2097152,584257,583370,583370,584210,0.998482,0.99992,1.0,ok
z6496/tile_y2240_x1792.npz,z6496,tile_y2240_x1792,6496,2240,1792,6560,2432,1984,6688,2560,2112,0,2097152,497970,497304,497304,497967,0.998663,0.999994,1.0,ok
z6496/tile_y2240_x2240.npz,z6496,tile_y2240_x2240,6496,2240,2240,6560,2432,2432,6688,2560,2560,0,2097152,528298,528035,528035,528298,0.999502,1.0,1.0,ok
z6496/tile_y2240_x2688.npz,z6496,tile_y2240_x2688,6496,2240,2688,6560,2432,2880,6688,2560,3008,0,2097152,367167,0,0,0,0.0,0.0,,ok
z6496/tile_y2240_x3136.npz,z6496,tile_y2240_x3136,6496,2240,3136,6560,2432,3328,6688,2560,3456,0,2097152,0,0,0,0,,,,ok
z6496/tile_y2240_x448.npz,z6496,tile_y2240_x448,6496,2240,448,6560,2432,640,6688,2560,768,0,2097152,917504,0,0,0,0.0,0.0,,ok
z6496/tile_y2240_x896.npz,z6496,tile_y2240_x896,6496,2240,896,6560,2432,1088,6688,2560,1216,0,2097152,523154,519862,519862,520730,0.993707,0.995367,1.0,ok
z6496/tile_y2688_x1792.npz,z6496,tile_y2688_x1792,6496,2688,1792,6560,2880,1984,6688,3008,2112,0,2097152,0,0,0,0,,,,ok
z6496/tile_y2688_x2240.npz,z6496,tile_y2688_x2240,6496,2688,2240,6560,2880,2432,6688,3008,2560,0,2097152,0,0,0,0,,,,ok
z672/tile_y1344_x1344.npz,z672,tile_y1344_x1344,672,1344,1344,736,1536,1536,864,1664,1664,0,2097152,1473911,0,0,0,0.0,0.0,,ok
z672/tile_y1344_x1792.npz,z672,tile_y1344_x1792,672,1344,1792,736,1536,1984,864,1664,2112,0,2097152,1523736,0,0,0,0.0,0.0,,ok
z672/tile_y1344_x448.npz,z672,tile_y1344_x448,672,1344,448,736,1536,640,864,1664,768,0,2097152,715988,0,0,0,0.0,0.0,,ok
z672/tile_y1344_x896.npz,z672,tile_y1344_x896,672,1344,896,736,1536,1088,864,1664,1216,0,2097152,1131872,0,0,0,0.0,0.0,,ok
z672/tile_y1792_x0.npz,z672,tile_y1792_x0,672,1792,0,736,1984,192,864,2112,320,0,2097152,1691629,0,0,0,0.0,0.0,,ok
z672/tile_y1792_x1344.npz,z672,tile_y1792_x1344,672,1792,1344,736,1984,1536,864,2112,1664,0,2097152,365440,363922,363922,364985,0.995846,0.998755,1.0,ok
z672/tile_y1792_x1792.npz,z672,tile_y1792_x1792,672,1792,1792,736,1984,1984,864,2112,2112,0,2097152,393802,390118,390118,392336,0.990645,0.996277,1.0,ok
z672/tile_y1792_x2240.npz,z672,tile_y1792_x2240,672,1792,2240,736,1984,2432,864,2112,2560,0,2097152,631343,3476,3476,3562,0.005506,0.005642,1.0,ok
z672/tile_y1792_x448.npz,z672,tile_y1792_x448,672,1792,448,736,1984,640,864,2112,768,0,2097152,776844,774550,774550,776600,0.997047,0.999686,1.0,ok
z672/tile_y1792_x896.npz,z672,tile_y1792_x896,672,1792,896,736,1984,1088,864,2112,1216,0,2097152,522906,520856,520856,522758,0.99608,0.999717,1.0,ok
z672/tile_y2240_x0.npz,z672,tile_y2240_x0,672,2240,0,736,2432,192,864,2560,320,0,2097152,0,0,0,0,,,,ok
z672/tile_y2240_x1344.npz,z672,tile_y2240_x1344,672,2240,1344,736,2432,1536,864,2560,1664,0,2097152,561455,561121,561121,561437,0.999405,0.999968,1.0,ok
z672/tile_y2240_x1792.npz,z672,tile_y2240_x1792,672,2240,1792,736,2432,1984,864,2560,2112,0,2097152,482971,480280,480280,482266,0.994428,0.99854,1.0,ok
z672/tile_y2240_x2240.npz,z672,tile_y2240_x2240,672,2240,2240,736,2432,2432,864,2560,2560,0,2097152,917504,0,0,0,0.0,0.0,,ok
z672/tile_y2240_x448.npz,z672,tile_y2240_x448,672,2240,448,736,2432,640,864,2560,768,0,2097152,1025491,0,0,0,0.0,0.0,,ok
z672/tile_y2240_x896.npz,z672,tile_y2240_x896,672,2240,896,736,2432,1088,864,2560,1216,0,2097152,486927,482179,482179,482756,0.990249,0.991434,1.0,ok
z6720/tile_y1344_x1344.npz,z6720,tile_y1344_x1344,6720,1344,1344,6784,1536,1536,6912,1664,1664,0,2097152,238839,234954,234954,236839,0.983734,0.991626,1.0,ok
z6720/tile_y1344_x1792.npz,z6720,tile_y1344_x1792,6720,1344,1792,6784,1536,1984,6912,1664,2112,0,2097152,175862,76194,76194,77686,0.43326,0.441744,1.0,ok
z6720/tile_y1344_x2240.npz,z6720,tile_y1344_x2240,6720,1344,2240,6784,1536,2432,6912,1664,2560,0,2097152,1297076,0,0,0,0.0,0.0,,ok
z6720/tile_y1344_x2688.npz,z6720,tile_y1344_x2688,6720,1344,2688,6784,1536,2880,6912,1664,3008,0,2097152,524288,0,0,0,0.0,0.0,,ok
z6720/tile_y1344_x896.npz,z6720,tile_y1344_x896,6720,1344,896,6784,1536,1088,6912,1664,1216,0,2097152,638825,0,0,0,0.0,0.0,,ok
z6720/tile_y1792_x1344.npz,z6720,tile_y1792_x1344,6720,1792,1344,6784,1984,1536,6912,2112,1664,0,2097152,539344,538173,538173,539300,0.997829,0.999918,1.0,ok
z6720/tile_y1792_x1792.npz,z6720,tile_y1792_x1792,6720,1792,1792,6784,1984,1984,6912,2112,2112,0,2097152,568434,567424,567424,568120,0.998223,0.999448,1.0,ok
z6720/tile_y1792_x2240.npz,z6720,tile_y1792_x2240,6720,1792,2240,6784,1984,2432,6912,2112,2560,0,2097152,563226,559949,559949,562817,0.994182,0.999274,1.0,ok
z6720/tile_y1792_x2688.npz,z6720,tile_y1792_x2688,6720,1792,2688,6784,1984,2880,6912,2112,3008,0,2097152,537491,535890,535890,537191,0.997021,0.999442,1.0,ok
z6720/tile_y1792_x3136.npz,z6720,tile_y1792_x3136,6720,1792,3136,6784,1984,3328,6912,2112,3456,0,2097152,1409037,0,0,0,0.0,0.0,,ok
z6720/tile_y1792_x448.npz,z6720,tile_y1792_x448,6720,1792,448,6784,1984,640,6912,2112,768,0,2097152,1361473,0,0,0,0.0,0.0,,ok
z6720/tile_y1792_x896.npz,z6720,tile_y1792_x896,6720,1792,896,6784,1984,1088,6912,2112,1216,0,2097152,657622,654001,654001,657054,0.994494,0.999136,1.0,ok
z6720/tile_y2240_x1344.npz,z6720,tile_y2240_x1344,6720,2240,1344,6784,2432,1536,6912,2560,1664,0,2097152,560916,559299,559299,560772,0.997117,0.999743,1.0,ok
z6720/tile_y2240_x1792.npz,z6720,tile_y2240_x1792,6720,2240,1792,6784,2432,1984,6912,2560,2112,0,2097152,501900,500897,500897,501578,0.998002,0.999358,1.0,ok
z6720/tile_y2240_x2240.npz,z6720,tile_y2240_x2240,6720,2240,2240,6784,2432,2432,6912,2560,2560,0,2097152,544674,544190,544190,544673,0.999111,0.999998,1.0,ok
z6720/tile_y2240_x2688.npz,z6720,tile_y2240_x2688,6720,2240,2688,6784,2432,2880,6912,2560,3008,0,2097152,148035,44966,44966,45466,0.303752,0.30713,1.0,ok
z6720/tile_y2240_x3136.npz,z6720,tile_y2240_x3136,6720,2240,3136,6784,2432,3328,6912,2560,3456,0,2097152,0,0,0,0,,,,ok
z6720/tile_y2240_x448.npz,z6720,tile_y2240_x448,6720,2240,448,6784,2432,640,6912,2560,768,0,2097152,977375,0,0,0,0.0,0.0,,ok
z6720/tile_y2240_x896.npz,z6720,tile_y2240_x896,6720,2240,896,6784,2432,1088,6912,2560,1216,0,2097152,539859,539473,539473,539842,0.999285,0.999969,1.0,ok
z6720/tile_y2688_x1344.npz,z6720,tile_y2688_x1344,6720,2688,1344,6784,2880,1536,6912,3008,1664,0,2097152,0,0,0,0,,,,ok
z6720/tile_y2688_x1792.npz,z6720,tile_y2688_x1792,6720,2688,1792,6784,2880,1984,6912,3008,2112,0,2097152,0,0,0,0,,,,ok
z6720/tile_y2688_x2240.npz,z6720,tile_y2688_x2240,6720,2688,2240,6784,2880,2432,6912,3008,2560,0,2097152,0,0,0,0,,,,ok
z6944/tile_y1344_x1344.npz,z6944,tile_y1344_x1344,6944,1344,1344,7008,1536,1536,7136,1664,1664,0,2097152,301302,292326,292326,295015,0.970209,0.979134,1.0,ok
z6944/tile_y1344_x1792.npz,z6944,tile_y1344_x1792,6944,1344,1792,7008,1536,1984,7136,1664,2112,0,2097152,185356,181452,181452,183417,0.978938,0.989539,1.0,ok
z6944/tile_y1344_x2240.npz,z6944,tile_y1344_x2240,6944,1344,2240,7008,1536,2432,7136,1664,2560,0,2097152,1126628,0,0,0,0.0,0.0,,ok
z6944/tile_y1344_x2688.npz,z6944,tile_y1344_x2688,6944,1344,2688,7008,1536,2880,7136,1664,3008,0,2097152,489973,0,0,0,0.0,0.0,,ok
z6944/tile_y1344_x3136.npz,z6944,tile_y1344_x3136,6944,1344,3136,7008,1536,3328,7136,1664,3456,0,2097152,524288,0,0,0,0.0,0.0,,ok
z6944/tile_y1344_x896.npz,z6944,tile_y1344_x896,6944,1344,896,7008,1536,1088,7136,1664,1216,0,2097152,465876,1836,1836,1836,0.003941,0.003941,1.0,ok
z6944/tile_y1792_x1344.npz,z6944,tile_y1792_x1344,6944,1792,1344,7008,1984,1536,7136,2112,1664,0,2097152,500167,499473,499473,500164,0.998612,0.999994,1.0,ok
z6944/tile_y1792_x1792.npz,z6944,tile_y1792_x1792,6944,1792,1792,7008,1984,1984,7136,2112,2112,0,2097152,550935,550422,550422,550912,0.999069,0.999958,1.0,ok
z6944/tile_y1792_x2240.npz,z6944,tile_y1792_x2240,6944,1792,2240,7008,1984,2432,7136,2112,2560,0,2097152,583654,582860,582860,583624,0.99864,0.999949,1.0,ok
z6944/tile_y1792_x2688.npz,z6944,tile_y1792_x2688,6944,1792,2688,7008,1984,2880,7136,2112,3008,0,2097152,499129,496955,496955,498689,0.995644,0.999118,1.0,ok
z6944/tile_y1792_x3136.npz,z6944,tile_y1792_x3136,6944,1792,3136,7008,1984,3328,7136,2112,3456,0,2097152,80690,76954,76954,78610,0.953699,0.974222,1.0,ok
z6944/tile_y1792_x448.npz,z6944,tile_y1792_x448,6944,1792,448,7008,1984,640,7136,2112,768,0,2097152,713304,345,345,451,0.000484,0.000632,1.0,ok
z6944/tile_y1792_x896.npz,z6944,tile_y1792_x896,6944,1792,896,7008,1984,1088,7136,2112,1216,0,2097152,623972,619823,619823,622998,0.993351,0.998439,1.0,ok
z6944/tile_y2240_x1344.npz,z6944,tile_y2240_x1344,6944,2240,1344,7008,2432,1536,7136,2560,1664,0,2097152,547835,545332,545332,547448,0.995431,0.999294,1.0,ok
z6944/tile_y2240_x1792.npz,z6944,tile_y2240_x1792,6944,2240,1792,7008,2432,1984,7136,2560,2112,0,2097152,498351,497631,497631,498175,0.998555,0.999647,1.0,ok
z6944/tile_y2240_x2240.npz,z6944,tile_y2240_x2240,6944,2240,2240,7008,2432,2432,7136,2560,2560,0,2097152,510314,509833,509833,510309,0.999057,0.99999,1.0,ok
z6944/tile_y2240_x2688.npz,z6944,tile_y2240_x2688,6944,2240,2688,7008,2432,2880,7136,2560,3008,0,2097152,437012,17,17,17,3.9e-05,3.9e-05,1.0,ok
z6944/tile_y2240_x3136.npz,z6944,tile_y2240_x3136,6944,2240,3136,7008,2432,3328,7136,2560,3456,0,2097152,0,0,0,0,,,,ok
z6944/tile_y2240_x448.npz,z6944,tile_y2240_x448,6944,2240,448,7008,2432,640,7136,2560,768,0,2097152,424454,513,513,646,0.001209,0.001522,1.0,ok
z6944/tile_y2240_x896.npz,z6944,tile_y2240_x896,6944,2240,896,7008,2432,1088,7136,2560,1216,0,2097152,506244,505106,505106,506135,0.997752,0.999785,1.0,ok
z6944/tile_y2688_x1792.npz,z6944,tile_y2688_x1792,6944,2688,1792,7008,2880,1984,7136,3008,2112,0,2097152,0,0,0,0,,,,ok
z6944/tile_y2688_x2240.npz,z6944,tile_y2688_x2240,6944,2688,2240,7008,2880,2432,7136,3008,2560,0,2097152,0,0,0,0,,,,ok
z7168/tile_y1344_x1344.npz,z7168,tile_y1344_x1344,7168,1344,1344,7232,1536,1536,7360,1664,1664,0,2097152,370144,363636,363636,367342,0.982418,0.99243,1.0,ok
z7168/tile_y1344_x1792.npz,z7168,tile_y1344_x1792,7168,1344,1792,7232,1536,1984,7360,1664,2112,0,2097152,366614,356149,356149,361009,0.971455,0.984711,1.0,ok
z7168/tile_y1344_x2240.npz,z7168,tile_y1344_x2240,7168,1344,2240,7232,1536,2432,7360,1664,2560,0,2097152,423235,23231,23231,26447,0.054889,0.062488,1.0,ok
z7168/tile_y1344_x2688.npz,z7168,tile_y1344_x2688,7168,1344,2688,7232,1536,2880,7360,1664,3008,0,2097152,1285257,0,0,0,0.0,0.0,,ok
z7168/tile_y1344_x3136.npz,z7168,tile_y1344_x3136,7168,1344,3136,7232,1536,3328,7360,1664,3456,0,2097152,508168,0,0,0,0.0,0.0,,ok
z7168/tile_y1344_x448.npz,z7168,tile_y1344_x448,7168,1344,448,7232,1536,640,7360,1664,768,0,2097152,0,0,0,0,,,,ok
z7168/tile_y1344_x896.npz,z7168,tile_y1344_x896,7168,1344,896,7232,1536,1088,7360,1664,1216,0,2097152,129621,122526,122526,125111,0.945263,0.965206,1.0,ok
z7168/tile_y1792_x1344.npz,z7168,tile_y1792_x1344,7168,1792,1344,7232,1984,1536,7360,2112,1664,0,2097152,549425,546786,546786,548560,0.995197,0.998426,1.0,ok
z7168/tile_y1792_x1792.npz,z7168,tile_y1792_x1792,7168,1792,1792,7232,1984,1984,7360,2112,2112,0,2097152,507058,506362,506362,506884,0.998627,0.999657,1.0,ok
z7168/tile_y1792_x2240.npz,z7168,tile_y1792_x2240,7168,1792,2240,7232,1984,2432,7360,2112,2560,0,2097152,563140,562270,562270,563044,0.998455,0.99983,1.0,ok
z7168/tile_y1792_x2688.npz,z7168,tile_y1792_x2688,7168,1792,2688,7232,1984,2880,7360,2112,3008,0,2097152,541108,539304,539304,540441,0.996666,0.998767,1.0,ok
z7168/tile_y1792_x3136.npz,z7168,tile_y1792_x3136,7168,1792,3136,7232,1984,3328,7360,2112,3456,0,2097152,304430,299332,299332,301707,0.983254,0.991055,1.0,ok
z7168/tile_y1792_x448.npz,z7168,tile_y1792_x448,7168,1792,448,7232,1984,640,7360,2112,768,0,2097152,376454,0,0,0,0.0,0.0,,ok
z7168/tile_y1792_x896.npz,z7168,tile_y1792_x896,7168,1792,896,7232,1984,1088,7360,2112,1216,0,2097152,433510,431463,431463,432910,0.995278,0.998616,1.0,ok
z7168/tile_y2240_x1344.npz,z7168,tile_y2240_x1344,7168,2240,1344,7232,2432,1536,7360,2560,1664,0,2097152,652153,649888,649888,652065,0.996527,0.999865,1.0,ok
z7168/tile_y2240_x1792.npz,z7168,tile_y2240_x1792,7168,2240,1792,7232,2432,1984,7360,2560,2112,0,2097152,504501,503672,503672,504429,0.998357,0.999857,1.0,ok
z7168/tile_y2240_x2240.npz,z7168,tile_y2240_x2240,7168,2240,2240,7232,2432,2432,7360,2560,2560,0,2097152,477828,476721,476721,477825,0.997683,0.999994,1.0,ok
z7168/tile_y2240_x2688.npz,z7168,tile_y2240_x2688,7168,2240,2688,7232,2432,2880,7360,2560,3008,0,2097152,873827,0,0,0,0.0,0.0,,ok
z7168/tile_y2240_x448.npz,z7168,tile_y2240_x448,7168,2240,448,7232,2432,640,7360,2560,768,0,2097152,192604,188714,188714,190874,0.979803,0.991018,1.0,ok
z7168/tile_y2240_x896.npz,z7168,tile_y2240_x896,7168,2240,896,7232,2432,1088,7360,2560,1216,0,2097152,534179,530520,530520,531160,0.99315,0.994348,1.0,ok
z7168/tile_y2688_x1792.npz,z7168,tile_y2688_x1792,7168,2688,1792,7232,2880,1984,7360,3008,2112,0,2097152,0,0,0,0,,,,ok
z7392/tile_y1344_x1344.npz,z7392,tile_y1344_x1344,7392,1344,1344,7456,1536,1536,7584,1664,1664,0,2097152,281900,272387,272387,275018,0.966254,0.975587,1.0,ok
z7392/tile_y1344_x1792.npz,z7392,tile_y1344_x1792,7392,1344,1792,7456,1536,1984,7584,1664,2112,0,2097152,539415,537140,537140,538239,0.995782,0.99782,1.0,ok
z7392/tile_y1344_x2240.npz,z7392,tile_y1344_x2240,7392,1344,2240,7456,1536,2432,7584,1664,2560,0,2097152,204452,58401,58401,60865,0.285647,0.297698,1.0,ok
z7392/tile_y1344_x2688.npz,z7392,tile_y1344_x2688,7392,1344,2688,7456,1536,2880,7584,1664,3008,0,2097152,857382,0,0,0,0.0,0.0,,ok
z7392/tile_y1344_x3136.npz,z7392,tile_y1344_x3136,7392,1344,3136,7456,1536,3328,7584,1664,3456,0,2097152,514578,0,0,0,0.0,0.0,,ok
z7392/tile_y1344_x448.npz,z7392,tile_y1344_x448,7392,1344,448,7456,1536,640,7584,1664,768,0,2097152,0,0,0,0,,,,ok
z7392/tile_y1344_x896.npz,z7392,tile_y1344_x896,7392,1344,896,7456,1536,1088,7584,1664,1216,0,2097152,234716,228542,228542,231992,0.973696,0.988394,1.0,ok
z7392/tile_y1792_x1344.npz,z7392,tile_y1792_x1344,7392,1792,1344,7456,1984,1536,7584,2112,1664,0,2097152,538676,537013,537013,538582,0.996913,0.999825,1.0,ok
z7392/tile_y1792_x1792.npz,z7392,tile_y1792_x1792,7392,1792,1792,7456,1984,1984,7584,2112,2112,0,2097152,345943,334559,334559,338212,0.967093,0.977652,1.0,ok
z7392/tile_y1792_x2240.npz,z7392,tile_y1792_x2240,7392,1792,2240,7456,1984,2432,7584,2112,2560,0,2097152,492720,492069,492069,492683,0.998679,0.999925,1.0,ok
z7392/tile_y1792_x2688.npz,z7392,tile_y1792_x2688,7392,1792,2688,7456,1984,2880,7584,2112,3008,0,2097152,574533,572973,572973,574276,0.997285,0.999553,1.0,ok
z7392/tile_y1792_x3136.npz,z7392,tile_y1792_x3136,7392,1792,3136,7456,1984,3328,7584,2112,3456,0,2097152,154977,128902,128902,130324,0.831749,0.840925,1.0,ok
z7392/tile_y1792_x448.npz,z7392,tile_y1792_x448,7392,1792,448,7456,1984,640,7584,2112,768,0,2097152,199985,1326,1326,2345,0.00663,0.011726,1.0,ok
z7392/tile_y1792_x896.npz,z7392,tile_y1792_x896,7392,1792,896,7456,1984,1088,7584,2112,1216,0,2097152,514383,512832,512832,513931,0.996985,0.999121,1.0,ok
z7392/tile_y2240_x1344.npz,z7392,tile_y2240_x1344,7392,2240,1344,7456,2432,1536,7584,2560,1664,0,2097152,223905,6932,6932,7531,0.03096,0.033635,1.0,ok
z7392/tile_y2240_x1792.npz,z7392,tile_y2240_x1792,7392,2240,1792,7456,2432,1984,7584,2560,2112,0,2097152,512812,510734,510734,512299,0.995948,0.999,1.0,ok
z7392/tile_y2240_x2240.npz,z7392,tile_y2240_x2240,7392,2240,2240,7456,2432,2432,7584,2560,2560,0,2097152,477311,475646,475646,477076,0.996512,0.999508,1.0,ok
z7392/tile_y2240_x2688.npz,z7392,tile_y2240_x2688,7392,2240,2688,7456,2432,2880,7584,2560,3008,0,2097152,1399534,0,0,0,0.0,0.0,,ok
z7392/tile_y2240_x448.npz,z7392,tile_y2240_x448,7392,2240,448,7456,2432,640,7584,2560,768,0,2097152,378578,372300,372300,377209,0.983417,0.996384,1.0,ok
z7392/tile_y2240_x896.npz,z7392,tile_y2240_x896,7392,2240,896,7456,2432,1088,7584,2560,1216,0,2097152,129365,122627,122627,123703,0.947915,0.956232,1.0,ok
z7616/tile_y1344_x1344.npz,z7616,tile_y1344_x1344,7616,1344,1344,7680,1536,1536,7808,1664,1664,0,2097152,646604,644824,644824,646231,0.997247,0.999423,1.0,ok
z7616/tile_y1344_x1792.npz,z7616,tile_y1344_x1792,7616,1344,1792,7680,1536,1984,7808,1664,2112,0,2097152,538354,530360,530360,536086,0.985151,0.995787,1.0,ok
z7616/tile_y1344_x2240.npz,z7616,tile_y1344_x2240,7616,1344,2240,7680,1536,2432,7808,1664,2560,0,2097152,181393,173079,173079,174568,0.954166,0.962375,1.0,ok
z7616/tile_y1344_x2688.npz,z7616,tile_y1344_x2688,7616,1344,2688,7680,1536,2880,7808,1664,3008,0,2097152,203392,195537,195537,195723,0.96138,0.962294,1.0,ok
z7616/tile_y1344_x3136.npz,z7616,tile_y1344_x3136,7616,1344,3136,7680,1536,3328,7808,1664,3456,0,2097152,1601975,0,0,0,0.0,0.0,,ok
z7616/tile_y1344_x448.npz,z7616,tile_y1344_x448,7616,1344,448,7680,1536,640,7808,1664,768,0,2097152,393216,0,0,0,0.0,0.0,,ok
z7616/tile_y1344_x896.npz,z7616,tile_y1344_x896,7616,1344,896,7680,1536,1088,7808,1664,1216,0,2097152,391657,389117,389117,390338,0.993515,0.996632,1.0,ok
z7616/tile_y1792_x1344.npz,z7616,tile_y1792_x1344,7616,1792,1344,7680,1984,1536,7808,2112,1664,0,2097152,551390,550481,550481,551376,0.998351,0.999975,1.0,ok
z7616/tile_y1792_x1792.npz,z7616,tile_y1792_x1792,7616,1792,1792,7680,1984,1984,7808,2112,2112,0,2097152,522749,521888,521888,522542,0.998353,0.999604,1.0,ok
z7616/tile_y1792_x2240.npz,z7616,tile_y1792_x2240,7616,1792,2240,7680,1984,2432,7808,2112,2560,0,2097152,589270,587579,587579,589189,0.99713,0.999863,1.0,ok
z7616/tile_y1792_x2688.npz,z7616,tile_y1792_x2688,7616,1792,2688,7680,1984,2880,7808,2112,3008,0,2097152,602904,601013,601013,602539,0.996864,0.999395,1.0,ok
z7616/tile_y1792_x3136.npz,z7616,tile_y1792_x3136,7616,1792,3136,7680,1984,3328,7808,2112,3456,0,2097152,341382,7118,7118,7118,0.020851,0.020851,1.0,ok
z7616/tile_y1792_x448.npz,z7616,tile_y1792_x448,7616,1792,448,7680,1984,640,7808,2112,768,0,2097152,466928,459320,459320,463128,0.983706,0.991862,1.0,ok
z7616/tile_y1792_x896.npz,z7616,tile_y1792_x896,7616,1792,896,7680,1984,1088,7808,2112,1216,0,2097152,530716,529273,529273,530614,0.997281,0.999808,1.0,ok
z7616/tile_y2240_x1344.npz,z7616,tile_y2240_x1344,7616,2240,1344,7680,2432,1536,7808,2560,1664,0,2097152,463904,0,0,0,0.0,0.0,,ok
z7616/tile_y2240_x1792.npz,z7616,tile_y2240_x1792,7616,2240,1792,7680,2432,1984,7808,2560,2112,0,2097152,135815,132684,132684,133256,0.976947,0.981158,1.0,ok
z7616/tile_y2240_x2240.npz,z7616,tile_y2240_x2240,7616,2240,2240,7680,2432,2432,7808,2560,2560,0,2097152,199996,192781,192781,194564,0.963924,0.972839,1.0,ok
z7616/tile_y2240_x2688.npz,z7616,tile_y2240_x2688,7616,2240,2688,7680,2432,2880,7808,2560,3008,0,2097152,717312,0,0,0,0.0,0.0,,ok
z7616/tile_y2240_x448.npz,z7616,tile_y2240_x448,7616,2240,448,7680,2432,640,7808,2560,768,0,2097152,261655,249292,249292,253204,0.952751,0.967702,1.0,ok
z7616/tile_y2240_x896.npz,z7616,tile_y2240_x896,7616,2240,896,7680,2432,1088,7808,2560,1216,0,2097152,654502,106,106,160,0.000162,0.000244,1.0,ok
z7840/tile_y1344_x1344.npz,z7840,tile_y1344_x1344,7840,1344,1344,7904,1536,1536,8032,1664,1664,0,2097152,589680,589061,589061,589640,0.99895,0.999932,1.0,ok
z7840/tile_y1344_x1792.npz,z7840,tile_y1344_x1792,7840,1344,1792,7904,1536,1984,8032,1664,2112,0,2097152,574167,573023,573023,574097,0.998008,0.999878,1.0,ok
z7840/tile_y1344_x2240.npz,z7840,tile_y1344_x2240,7840,1344,2240,7904,1536,2432,8032,1664,2560,0,2097152,430931,426549,426549,428593,0.989831,0.994575,1.0,ok
z7840/tile_y1344_x2688.npz,z7840,tile_y1344_x2688,7840,1344,2688,7904,1536,2880,8032,1664,3008,0,2097152,364598,357297,357297,359441,0.979975,0.985856,1.0,ok
z7840/tile_y1344_x3136.npz,z7840,tile_y1344_x3136,7840,1344,3136,7904,1536,3328,8032,1664,3456,0,2097152,1263918,0,0,0,0.0,0.0,,ok
z7840/tile_y1344_x448.npz,z7840,tile_y1344_x448,7840,1344,448,7904,1536,640,8032,1664,768,0,2097152,1642223,0,0,0,0.0,0.0,,ok
z7840/tile_y1344_x896.npz,z7840,tile_y1344_x896,7840,1344,896,7904,1536,1088,8032,1664,1216,0,2097152,459503,456827,456827,457963,0.994176,0.996649,1.0,ok
z7840/tile_y1792_x1344.npz,z7840,tile_y1792_x1344,7840,1792,1344,7904,1984,1536,8032,2112,1664,0,2097152,565351,563192,563192,565230,0.996181,0.999786,1.0,ok
z7840/tile_y1792_x1792.npz,z7840,tile_y1792_x1792,7840,1792,1792,7904,1984,1984,8032,2112,2112,0,2097152,559523,558148,558148,559410,0.997543,0.999798,1.0,ok
z7840/tile_y1792_x2240.npz,z7840,tile_y1792_x2240,7840,1792,2240,7904,1984,2432,8032,2112,2560,0,2097152,544859,543256,543256,544805,0.997058,0.999901,1.0,ok
z7840/tile_y1792_x2688.npz,z7840,tile_y1792_x2688,7840,1792,2688,7904,1984,2880,8032,2112,3008,0,2097152,426254,419235,419235,422566,0.983533,0.991348,1.0,ok
z7840/tile_y1792_x3136.npz,z7840,tile_y1792_x3136,7840,1792,3136,7904,1984,3328,8032,2112,3456,0,2097152,596052,5325,5325,5580,0.008934,0.009362,1.0,ok
z7840/tile_y1792_x448.npz,z7840,tile_y1792_x448,7840,1792,448,7904,1984,640,8032,2112,768,0,2097152,430842,428877,428877,429845,0.995439,0.997686,1.0,ok
z7840/tile_y1792_x896.npz,z7840,tile_y1792_x896,7840,1792,896,7904,1984,1088,8032,2112,1216,0,2097152,638157,636204,636204,637700,0.99694,0.999284,1.0,ok
z7840/tile_y2240_x1344.npz,z7840,tile_y2240_x1344,7840,2240,1344,7904,2432,1536,8032,2560,1664,0,2097152,888327,0,0,0,0.0,0.0,,ok
z7840/tile_y2240_x1792.npz,z7840,tile_y2240_x1792,7840,2240,1792,7904,2432,1984,8032,2560,2112,0,2097152,59631,54818,54818,57104,0.919287,0.957623,1.0,ok
z7840/tile_y2240_x2240.npz,z7840,tile_y2240_x2240,7840,2240,2240,7904,2432,2432,8032,2560,2560,0,2097152,263020,18160,18160,18574,0.069044,0.070618,1.0,ok
z7840/tile_y2240_x2688.npz,z7840,tile_y2240_x2688,7840,2240,2688,7904,2432,2880,8032,2560,3008,0,2097152,393216,0,0,0,0.0,0.0,,ok
z7840/tile_y2240_x448.npz,z7840,tile_y2240_x448,7840,2240,448,7904,2432,640,8032,2560,768,0,2097152,73895,68355,68355,72064,0.925029,0.975222,1.0,ok
z7840/tile_y2240_x896.npz,z7840,tile_y2240_x896,7840,2240,896,7904,2432,1088,8032,2560,1216,0,2097152,872253,0,0,0,0.0,0.0,,ok
z8064/tile_y1344_x1344.npz,z8064,tile_y1344_x1344,8064,1344,1344,8128,1536,1536,8256,1664,1664,0,2097152,551523,550170,550170,551465,0.997547,0.999895,1.0,ok
z8064/tile_y1344_x1792.npz,z8064,tile_y1344_x1792,8064,1344,1792,8128,1536,1984,8256,1664,2112,0,2097152,595156,594221,594221,594944,0.998429,0.999644,1.0,ok
z8064/tile_y1344_x2240.npz,z8064,tile_y1344_x2240,8064,1344,2240,8128,1536,2432,8256,1664,2560,0,2097152,546845,545236,545236,546614,0.997058,0.999578,1.0,ok
z8064/tile_y1344_x2688.npz,z8064,tile_y1344_x2688,8064,1344,2688,8128,1536,2880,8256,1664,3008,0,2097152,495822,490698,490698,492250,0.989666,0.992796,1.0,ok
z8064/tile_y1344_x3136.npz,z8064,tile_y1344_x3136,8064,1344,3136,8128,1536,3328,8256,1664,3456,0,2097152,1250495,0,0,0,0.0,0.0,,ok
z8064/tile_y1344_x448.npz,z8064,tile_y1344_x448,8064,1344,448,8128,1536,640,8256,1664,768,0,2097152,1403713,0,0,0,0.0,0.0,,ok
z8064/tile_y1344_x896.npz,z8064,tile_y1344_x896,8064,1344,896,8128,1536,1088,8256,1664,1216,0,2097152,561882,559696,559696,561855,0.99611,0.999952,1.0,ok
z8064/tile_y1792_x0.npz,z8064,tile_y1792_x0,8064,1792,0,8128,1984,192,8256,2112,320,0,2097152,0,0,0,0,,,,ok
z8064/tile_y1792_x1344.npz,z8064,tile_y1792_x1344,8064,1792,1344,8128,1984,1536,8256,2112,1664,0,2097152,552222,549414,549414,551443,0.994915,0.998589,1.0,ok
z8064/tile_y1792_x1792.npz,z8064,tile_y1792_x1792,8064,1792,1792,8128,1984,1984,8256,2112,2112,0,2097152,546877,546215,546215,546825,0.998789,0.999905,1.0,ok
z8064/tile_y1792_x2240.npz,z8064,tile_y1792_x2240,8064,1792,2240,8128,1984,2432,8256,2112,2560,0,2097152,541581,540596,540596,541575,0.998181,0.999989,1.0,ok
z8064/tile_y1792_x2688.npz,z8064,tile_y1792_x2688,8064,1792,2688,8128,1984,2880,8256,2112,3008,0,2097152,310174,299939,299939,308633,0.967002,0.995032,1.0,ok
z8064/tile_y1792_x3136.npz,z8064,tile_y1792_x3136,8064,1792,3136,8128,1984,3328,8256,2112,3456,0,2097152,818920,0,0,0,0.0,0.0,,ok
z8064/tile_y1792_x448.npz,z8064,tile_y1792_x448,8064,1792,448,8128,1984,640,8256,2112,768,0,2097152,517337,515682,515682,517296,0.996801,0.999921,1.0,ok
z8064/tile_y1792_x896.npz,z8064,tile_y1792_x896,8064,1792,896,8128,1984,1088,8256,2112,1216,0,2097152,559346,557320,557320,559053,0.996378,0.999476,1.0,ok
z8064/tile_y2240_x0.npz,z8064,tile_y2240_x0,8064,2240,0,8128,2432,192,8256,2560,320,0,2097152,0,0,0,0,,,,ok
z8064/tile_y2240_x1344.npz,z8064,tile_y2240_x1344,8064,2240,1344,8128,2432,1536,8256,2560,1664,0,2097152,1030504,0,0,0,0.0,0.0,,ok
z8064/tile_y2240_x1792.npz,z8064,tile_y2240_x1792,8064,2240,1792,8128,2432,1984,8256,2560,2112,0,2097152,1317008,0,0,0,0.0,0.0,,ok
z8064/tile_y2240_x2240.npz,z8064,tile_y2240_x2240,8064,2240,2240,8128,2432,2432,8256,2560,2560,0,2097152,1048576,0,0,0,0.0,0.0,,ok
z8064/tile_y2240_x448.npz,z8064,tile_y2240_x448,8064,2240,448,8128,2432,640,8256,2560,768,0,2097152,626933,19249,19249,19392,0.030703,0.030932,1.0,ok
z8064/tile_y2240_x896.npz,z8064,tile_y2240_x896,8064,2240,896,8128,2432,1088,8256,2560,1216,0,2097152,875101,0,0,0,0.0,0.0,,ok
z8064/tile_y896_x1344.npz,z8064,tile_y896_x1344,8064,896,1344,8128,1088,1536,8256,1216,1664,0,2097152,0,0,0,0,,,,ok
z8064/tile_y896_x1792.npz,z8064,tile_y896_x1792,8064,896,1792,8128,1088,1984,8256,1216,2112,0,2097152,0,0,0,0,,,,ok
z8288/tile_y1344_x1344.npz,z8288,tile_y1344_x1344,8288,1344,1344,8352,1536,1536,8480,1664,1664,0,2097152,572956,572180,572180,572886,0.998646,0.999878,1.0,ok
z8288/tile_y1344_x1792.npz,z8288,tile_y1344_x1792,8288,1344,1792,8352,1536,1984,8480,1664,2112,0,2097152,650855,606537,606537,643778,0.931908,0.989127,1.0,ok
z8288/tile_y1344_x2240.npz,z8288,tile_y1344_x2240,8288,1344,2240,8352,1536,2432,8480,1664,2560,0,2097152,626305,621668,621668,626163,0.992596,0.999773,1.0,ok
z8288/tile_y1344_x2688.npz,z8288,tile_y1344_x2688,8288,1344,2688,8352,1536,2880,8480,1664,3008,0,2097152,432902,427007,427007,429506,0.986383,0.992155,1.0,ok
z8288/tile_y1344_x3136.npz,z8288,tile_y1344_x3136,8288,1344,3136,8352,1536,3328,8480,1664,3456,0,2097152,1537235,0,0,0,0.0,0.0,,ok
z8288/tile_y1344_x448.npz,z8288,tile_y1344_x448,8288,1344,448,8352,1536,640,8480,1664,768,0,2097152,1037578,0,0,0,0.0,0.0,,ok
z8288/tile_y1344_x896.npz,z8288,tile_y1344_x896,8288,1344,896,8352,1536,1088,8480,1664,1216,0,2097152,534457,533530,533530,534450,0.998266,0.999987,1.0,ok
z8288/tile_y1792_x0.npz,z8288,tile_y1792_x0,8288,1792,0,8352,1984,192,8480,2112,320,0,2097152,98304,0,0,0,0.0,0.0,,ok
z8288/tile_y1792_x1344.npz,z8288,tile_y1792_x1344,8288,1792,1344,8352,1984,1536,8480,2112,1664,0,2097152,577709,576700,576700,577570,0.998253,0.999759,1.0,ok
z8288/tile_y1792_x1792.npz,z8288,tile_y1792_x1792,8288,1792,1792,8352,1984,1984,8480,2112,2112,0,2097152,573424,572203,572203,573353,0.997871,0.999876,1.0,ok
z8288/tile_y1792_x2240.npz,z8288,tile_y1792_x2240,8288,1792,2240,8352,1984,2432,8480,2112,2560,0,2097152,553917,552932,552932,553896,0.998222,0.999962,1.0,ok
z8288/tile_y1792_x2688.npz,z8288,tile_y1792_x2688,8288,1792,2688,8352,1984,2880,8480,2112,3008,0,2097152,177332,95124,95124,97515,0.536418,0.549901,1.0,ok
z8288/tile_y1792_x3136.npz,z8288,tile_y1792_x3136,8288,1792,3136,8352,1984,3328,8480,2112,3456,0,2097152,1447209,0,0,0,0.0,0.0,,ok
z8288/tile_y1792_x448.npz,z8288,tile_y1792_x448,8288,1792,448,8352,1984,640,8480,2112,768,0,2097152,569755,568428,568428,569663,0.997671,0.999839,1.0,ok
z8288/tile_y1792_x896.npz,z8288,tile_y1792_x896,8288,1792,896,8352,1984,1088,8480,2112,1216,0,2097152,541008,539397,539397,540795,0.997022,0.999606,1.0,ok
z8288/tile_y2240_x0.npz,z8288,tile_y2240_x0,8288,2240,0,8352,2432,192,8480,2560,320,0,2097152,262144,0,0,0,0.0,0.0,,ok
z8288/tile_y2240_x1344.npz,z8288,tile_y2240_x1344,8288,2240,1344,8352,2432,1536,8480,2560,1664,0,2097152,1048576,0,0,0,0.0,0.0,,ok
z8288/tile_y2240_x1792.npz,z8288,tile_y2240_x1792,8288,2240,1792,8352,2432,1984,8480,2560,2112,0,2097152,1048576,0,0,0,0.0,0.0,,ok
z8288/tile_y2240_x2240.npz,z8288,tile_y2240_x2240,8288,2240,2240,8352,2432,2432,8480,2560,2560,0,2097152,0,0,0,0,,,,ok
z8288/tile_y2240_x448.npz,z8288,tile_y2240_x448,8288,2240,448,8352,2432,640,8480,2560,768,0,2097152,726078,0,0,0,0.0,0.0,,ok
z8288/tile_y2240_x896.npz,z8288,tile_y2240_x896,8288,2240,896,8352,2432,1088,8480,2560,1216,0,2097152,874372,0,0,0,0.0,0.0,,ok
z8288/tile_y896_x1344.npz,z8288,tile_y896_x1344,8288,896,1344,8352,1088,1536,8480,1216,1664,0,2097152,262144,0,0,0,0.0,0.0,,ok
z8288/tile_y896_x1792.npz,z8288,tile_y896_x1792,8288,896,1792,8352,1088,1984,8480,1216,2112,0,2097152,262144,0,0,0,0.0,0.0,,ok
z8288/tile_y896_x896.npz,z8288,tile_y896_x896,8288,896,896,8352,1088,1088,8480,1216,1216,0,2097152,0,0,0,0,,,,ok
z8512/tile_y1344_x1344.npz,z8512,tile_y1344_x1344,8512,1344,1344,8576,1536,1536,8704,1664,1664,0,2097152,631795,625053,625053,630820,0.989329,0.998457,1.0,ok
z8512/tile_y1344_x1792.npz,z8512,tile_y1344_x1792,8512,1344,1792,8576,1536,1984,8704,1664,2112,0,2097152,937265,928894,928894,937076,0.991069,0.999798,1.0,ok
z8512/tile_y1344_x2240.npz,z8512,tile_y1344_x2240,8512,1344,2240,8576,1536,2432,8704,1664,2560,0,2097152,653773,651559,651559,653492,0.996614,0.99957,1.0,ok
z8512/tile_y1344_x2688.npz,z8512,tile_y1344_x2688,8512,1344,2688,8576,1536,2880,8704,1664,3008,0,2097152,592497,589873,589873,590605,0.995571,0.996807,1.0,ok
z8512/tile_y1344_x3136.npz,z8512,tile_y1344_x3136,8512,1344,3136,8576,1536,3328,8704,1664,3456,0,2097152,1570486,0,0,0,0.0,0.0,,ok
z8512/tile_y1344_x448.npz,z8512,tile_y1344_x448,8512,1344,448,8576,1536,640,8704,1664,768,0,2097152,1176039,0,0,0,0.0,0.0,,ok
z8512/tile_y1344_x896.npz,z8512,tile_y1344_x896,8512,1344,896,8576,1536,1088,8704,1664,1216,0,2097152,519992,518769,518769,519897,0.997648,0.999817,1.0,ok
z8512/tile_y1792_x0.npz,z8512,tile_y1792_x0,8512,1792,0,8576,1984,192,8704,2112,320,0,2097152,393216,0,0,0,0.0,0.0,,ok
z8512/tile_y1792_x1344.npz,z8512,tile_y1792_x1344,8512,1792,1344,8576,1984,1536,8704,2112,1664,0,2097152,519797,518303,518303,519307,0.997126,0.999057,1.0,ok
z8512/tile_y1792_x1792.npz,z8512,tile_y1792_x1792,8512,1792,1792,8576,1984,1984,8704,2112,2112,0,2097152,713938,709067,709067,713156,0.993177,0.998905,1.0,ok
z8512/tile_y1792_x2240.npz,z8512,tile_y1792_x2240,8512,1792,2240,8576,1984,2432,8704,2112,2560,0,2097152,519497,518493,518493,519375,0.998067,0.999765,1.0,ok
z8512/tile_y1792_x2688.npz,z8512,tile_y1792_x2688,8512,1792,2688,8576,1984,2880,8704,2112,3008,0,2097152,132803,36994,36994,37492,0.278563,0.282313,1.0,ok
z8512/tile_y1792_x3136.npz,z8512,tile_y1792_x3136,8512,1792,3136,8576,1984,3328,8704,2112,3456,0,2097152,720896,0,0,0,0.0,0.0,,ok
z8512/tile_y1792_x448.npz,z8512,tile_y1792_x448,8512,1792,448,8576,1984,640,8704,2112,768,0,2097152,640052,637162,637162,639452,0.995485,0.999063,1.0,ok
z8512/tile_y1792_x896.npz,z8512,tile_y1792_x896,8512,1792,896,8576,1984,1088,8704,2112,1216,0,2097152,578609,576020,576020,577902,0.995525,0.998778,1.0,ok
z8512/tile_y2240_x0.npz,z8512,tile_y2240_x0,8512,2240,0,8576,2432,192,8704,2560,320,0,2097152,524288,0,0,0,0.0,0.0,,ok
z8512/tile_y2240_x1344.npz,z8512,tile_y2240_x1344,8512,2240,1344,8576,2432,1536,8704,2560,1664,0,2097152,1048576,0,0,0,0.0,0.0,,ok
z8512/tile_y2240_x1792.npz,z8512,tile_y2240_x1792,8512,2240,1792,8576,2432,1984,8704,2560,2112,0,2097152,1048576,0,0,0,0.0,0.0,,ok
z8512/tile_y2240_x2240.npz,z8512,tile_y2240_x2240,8512,2240,2240,8576,2432,2432,8704,2560,2560,0,2097152,0,0,0,0,,,,ok
z8512/tile_y2240_x448.npz,z8512,tile_y2240_x448,8512,2240,448,8576,2432,640,8704,2560,768,0,2097152,138062,132384,132384,133492,0.958874,0.966899,1.0,ok
z8512/tile_y2240_x896.npz,z8512,tile_y2240_x896,8512,2240,896,8576,2432,1088,8704,2560,1216,0,2097152,758962,0,0,0,0.0,0.0,,ok
z8512/tile_y896_x1344.npz,z8512,tile_y896_x1344,8512,896,1344,8576,1088,1536,8704,1216,1664,0,2097152,1048576,0,0,0,0.0,0.0,,ok
z8512/tile_y896_x1792.npz,z8512,tile_y896_x1792,8512,896,1792,8576,1088,1984,8704,1216,2112,0,2097152,1048576,0,0,0,0.0,0.0,,ok
z8512/tile_y896_x2240.npz,z8512,tile_y896_x2240,8512,896,2240,8576,1088,2432,8704,1216,2560,0,2097152,0,0,0,0,,,,ok
z8512/tile_y896_x896.npz,z8512,tile_y896_x896,8512,896,896,8576,1088,1088,8704,1216,1216,0,2097152,1048576,0,0,0,0.0,0.0,,ok
z8736/tile_y1344_x1344.npz,z8736,tile_y1344_x1344,8736,1344,1344,8800,1536,1536,8928,1664,1664,0,2097152,577502,575446,575446,577373,0.99644,0.999777,1.0,ok
z8736/tile_y1344_x1792.npz,z8736,tile_y1344_x1792,8736,1344,1792,8800,1536,1984,8928,1664,2112,0,2097152,555910,537233,537233,550611,0.966403,0.990468,1.0,ok
z8736/tile_y1344_x2240.npz,z8736,tile_y1344_x2240,8736,1344,2240,8800,1536,2432,8928,1664,2560,0,2097152,580211,554328,554328,577140,0.95539,0.994707,1.0,ok
z8736/tile_y1344_x2688.npz,z8736,tile_y1344_x2688,8736,1344,2688,8800,1536,2880,8928,1664,3008,0,2097152,568852,565635,565635,568718,0.994345,0.999764,1.0,ok
z8736/tile_y1344_x3136.npz,z8736,tile_y1344_x3136,8736,1344,3136,8800,1536,3328,8928,1664,3456,0,2097152,913387,0,0,0,0.0,0.0,,ok
z8736/tile_y1344_x448.npz,z8736,tile_y1344_x448,8736,1344,448,8800,1536,640,8928,1664,768,0,2097152,421505,0,0,0,0.0,0.0,,ok
z8736/tile_y1344_x896.npz,z8736,tile_y1344_x896,8736,1344,896,8800,1536,1088,8928,1664,1216,0,2097152,550388,548823,548823,550243,0.997157,0.999737,1.0,ok
z8736/tile_y1792_x0.npz,z8736,tile_y1792_x0,8736,1792,0,8800,1984,192,8928,2112,320,0,2097152,393216,0,0,0,0.0,0.0,,ok
z8736/tile_y1792_x1344.npz,z8736,tile_y1792_x1344,8736,1792,1344,8800,1984,1536,8928,2112,1664,0,2097152,599261,597539,597539,599023,0.997126,0.999603,1.0,ok
z8736/tile_y1792_x1792.npz,z8736,tile_y1792_x1792,8736,1792,1792,8800,1984,1984,8928,2112,2112,0,2097152,574870,573686,573686,574709,0.99794,0.99972,1.0,ok
z8736/tile_y1792_x2240.npz,z8736,tile_y1792_x2240,8736,1792,2240,8800,1984,2432,8928,2112,2560,0,2097152,561086,559048,559048,561037,0.996368,0.999913,1.0,ok
z8736/tile_y1792_x2688.npz,z8736,tile_y1792_x2688,8736,1792,2688,8800,1984,2880,8928,2112,3008,0,2097152,83022,17582,17582,17588,0.211775,0.211847,1.0,ok
z8736/tile_y1792_x3136.npz,z8736,tile_y1792_x3136,8736,1792,3136,8800,1984,3328,8928,2112,3456,0,2097152,131072,0,0,0,0.0,0.0,,ok
z8736/tile_y1792_x448.npz,z8736,tile_y1792_x448,8736,1792,448,8800,1984,640,8928,2112,768,0,2097152,528361,527383,527383,528213,0.998149,0.99972,1.0,ok
z8736/tile_y1792_x896.npz,z8736,tile_y1792_x896,8736,1792,896,8800,1984,1088,8928,2112,1216,0,2097152,634933,633335,633335,634673,0.997483,0.999591,1.0,ok
z8736/tile_y2240_x0.npz,z8736,tile_y2240_x0,8736,2240,0,8800,2432,192,8928,2560,320,0,2097152,327680,0,0,0,0.0,0.0,,ok
z8736/tile_y2240_x1344.npz,z8736,tile_y2240_x1344,8736,2240,1344,8800,2432,1536,8928,2560,1664,0,2097152,1048576,0,0,0,0.0,0.0,,ok
z8736/tile_y2240_x1792.npz,z8736,tile_y2240_x1792,8736,2240,1792,8800,2432,1984,8928,2560,2112,0,2097152,1048576,0,0,0,0.0,0.0,,ok
z8736/tile_y2240_x2240.npz,z8736,tile_y2240_x2240,8736,2240,2240,8800,2432,2432,8928,2560,2560,0,2097152,0,0,0,0,,,,ok
z8736/tile_y2240_x448.npz,z8736,tile_y2240_x448,8736,2240,448,8800,2432,640,8928,2560,768,0,2097152,141517,136203,136203,137492,0.96245,0.971558,1.0,ok
z8736/tile_y2240_x896.npz,z8736,tile_y2240_x896,8736,2240,896,8800,2432,1088,8928,2560,1216,0,2097152,769024,0,0,0,0.0,0.0,,ok
z8736/tile_y896_x1344.npz,z8736,tile_y896_x1344,8736,896,1344,8800,1088,1536,8928,1216,1664,0,2097152,745216,0,0,0,0.0,0.0,,ok
z8736/tile_y896_x1792.npz,z8736,tile_y896_x1792,8736,896,1792,8800,1088,1984,8928,1216,2112,0,2097152,981965,0,0,0,0.0,0.0,,ok
z8736/tile_y896_x2240.npz,z8736,tile_y896_x2240,8736,896,2240,8800,1088,2432,8928,1216,2560,0,2097152,0,0,0,0,,,,ok
z8736/tile_y896_x896.npz,z8736,tile_y896_x896,8736,896,896,8800,1088,1088,8928,1216,1216,0,2097152,929536,0,0,0,0.0,0.0,,ok
z896/tile_y1344_x1344.npz,z896,tile_y1344_x1344,896,1344,1344,960,1536,1536,1088,1664,1664,0,2097152,330592,327095,327095,329026,0.989422,0.995263,1.0,ok
z896/tile_y1344_x1792.npz,z896,tile_y1344_x1792,896,1344,1792,960,1536,1984,1088,1664,2112,0,2097152,551131,547661,547661,549526,0.993704,0.997088,1.0,ok
z896/tile_y1344_x2240.npz,z896,tile_y1344_x2240,896,1344,2240,960,1536,2432,1088,1664,2560,0,2097152,114395,49600,49600,50029,0.433585,0.437336,1.0,ok
z896/tile_y1344_x448.npz,z896,tile_y1344_x448,896,1344,448,960,1536,640,1088,1664,768,0,2097152,679134,675692,675692,677559,0.994932,0.997681,1.0,ok
z896/tile_y1344_x896.npz,z896,tile_y1344_x896,896,1344,896,960,1536,1088,1088,1664,1216,0,2097152,648055,645407,645407,647544,0.995914,0.999211,1.0,ok
z896/tile_y1792_x0.npz,z896,tile_y1792_x0,896,1792,0,960,1984,192,1088,2112,320,0,2097152,1233249,0,0,0,0.0,0.0,,ok
z896/tile_y1792_x1344.npz,z896,tile_y1792_x1344,896,1792,1344,960,1984,1536,1088,2112,1664,0,2097152,489922,488555,488555,489707,0.99721,0.999561,1.0,ok
z896/tile_y1792_x1792.npz,z896,tile_y1792_x1792,896,1792,1792,960,1984,1984,1088,2112,2112,0,2097152,627684,626255,626255,627629,0.997723,0.999912,1.0,ok
z896/tile_y1792_x2240.npz,z896,tile_y1792_x2240,896,1792,2240,960,1984,2432,1088,2112,2560,0,2097152,604411,601925,601925,603690,0.995887,0.998807,1.0,ok
z896/tile_y1792_x448.npz,z896,tile_y1792_x448,896,1792,448,960,1984,640,1088,2112,768,0,2097152,479802,476482,476482,478848,0.99308,0.998012,1.0,ok
z896/tile_y1792_x896.npz,z896,tile_y1792_x896,896,1792,896,960,1984,1088,1088,2112,1216,0,2097152,567304,565100,565100,567164,0.996115,0.999753,1.0,ok
z896/tile_y2240_x0.npz,z896,tile_y2240_x0,896,2240,0,960,2432,192,1088,2560,320,0,2097152,0,0,0,0,,,,ok
z896/tile_y2240_x1344.npz,z896,tile_y2240_x1344,896,2240,1344,960,2432,1536,1088,2560,1664,0,2097152,573292,571883,571883,573130,0.997542,0.999717,1.0,ok
z896/tile_y2240_x1792.npz,z896,tile_y2240_x1792,896,2240,1792,960,2432,1984,1088,2560,2112,0,2097152,538663,536554,536554,538410,0.996085,0.99953,1.0,ok
z896/tile_y2240_x2240.npz,z896,tile_y2240_x2240,896,2240,2240,960,2432,2432,1088,2560,2560,0,2097152,739667,0,0,0,0.0,0.0,,ok
z896/tile_y2240_x448.npz,z896,tile_y2240_x448,896,2240,448,960,2432,640,1088,2560,768,0,2097152,1189888,0,0,0,0.0,0.0,,ok
z896/tile_y2240_x896.npz,z896,tile_y2240_x896,896,2240,896,960,2432,1088,1088,2560,1216,0,2097152,434135,432825,432825,433770,0.996983,0.999159,1.0,ok
z896/tile_y896_x1344.npz,z896,tile_y896_x1344,896,896,1344,960,1088,1536,1088,1216,1664,0,2097152,1176320,0,0,0,0.0,0.0,,ok
z896/tile_y896_x1792.npz,z896,tile_y896_x1792,896,896,1792,960,1088,1984,1088,1216,2112,0,2097152,1310720,0,0,0,0.0,0.0,,ok
z896/tile_y896_x448.npz,z896,tile_y896_x448,896,896,448,960,1088,640,1088,1216,768,0,2097152,1749577,0,0,0,0.0,0.0,,ok
z896/tile_y896_x896.npz,z896,tile_y896_x896,896,896,896,960,1088,1088,1088,1216,1216,0,2097152,1522903,0,0,0,0.0,0.0,,ok
z8960/tile_y1344_x1344.npz,z8960,tile_y1344_x1344,8960,1344,1344,9024,1536,1536,9152,1664,1664,0,2097152,580322,578689,578689,580115,0.997186,0.999643,1.0,ok
z8960/tile_y1344_x1792.npz,z8960,tile_y1344_x1792,8960,1344,1792,9024,1536,1984,9152,1664,2112,0,2097152,622061,620173,620173,621454,0.996965,0.999024,1.0,ok
z8960/tile_y1344_x2240.npz,z8960,tile_y1344_x2240,8960,1344,2240,9024,1536,2432,9152,1664,2560,0,2097152,507764,504428,504428,506868,0.99343,0.998235,1.0,ok
z8960/tile_y1344_x2688.npz,z8960,tile_y1344_x2688,8960,1344,2688,9024,1536,2880,9152,1664,3008,0,2097152,563937,563067,563067,563875,0.998457,0.99989,1.0,ok
z8960/tile_y1344_x3136.npz,z8960,tile_y1344_x3136,8960,1344,3136,9024,1536,3328,9152,1664,3456,0,2097152,1495246,0,0,0,0.0,0.0,,ok
z8960/tile_y1344_x448.npz,z8960,tile_y1344_x448,8960,1344,448,9024,1536,640,9152,1664,768,0,2097152,605819,323,323,491,0.000533,0.00081,1.0,ok
z8960/tile_y1344_x896.npz,z8960,tile_y1344_x896,8960,1344,896,9024,1536,1088,9152,1664,1216,0,2097152,461471,460545,460545,461414,0.997993,0.999876,1.0,ok
z8960/tile_y1792_x0.npz,z8960,tile_y1792_x0,8960,1792,0,9024,1984,192,9152,2112,320,0,2097152,524288,0,0,0,0.0,0.0,,ok
z8960/tile_y1792_x1344.npz,z8960,tile_y1792_x1344,8960,1792,1344,9024,1984,1536,9152,2112,1664,0,2097152,632299,629009,629009,631454,0.994797,0.998664,1.0,ok
z8960/tile_y1792_x1792.npz,z8960,tile_y1792_x1792,8960,1792,1792,9024,1984,1984,9152,2112,2112,0,2097152,563558,561989,561989,563457,0.997216,0.999821,1.0,ok
z8960/tile_y1792_x2240.npz,z8960,tile_y1792_x2240,8960,1792,2240,9024,1984,2432,9152,2112,2560,0,2097152,493270,492294,492294,493257,0.998021,0.999974,1.0,ok
z8960/tile_y1792_x2688.npz,z8960,tile_y1792_x2688,8960,1792,2688,9024,1984,2880,9152,2112,3008,0,2097152,545906,543966,543966,545650,0.996446,0.999531,1.0,ok
z8960/tile_y1792_x3136.npz,z8960,tile_y1792_x3136,8960,1792,3136,9024,1984,3328,9152,2112,3456,0,2097152,524288,0,0,0,0.0,0.0,,ok
z8960/tile_y1792_x448.npz,z8960,tile_y1792_x448,8960,1792,448,9024,1984,640,9152,2112,768,0,2097152,551667,548654,548654,550282,0.994538,0.997489,1.0,ok
z8960/tile_y1792_x896.npz,z8960,tile_y1792_x896,8960,1792,896,9024,1984,1088,9152,2112,1216,0,2097152,535253,531094,531094,534741,0.99223,0.999043,1.0,ok
z8960/tile_y2240_x0.npz,z8960,tile_y2240_x0,8960,2240,0,9024,2432,192,9152,2560,320,0,2097152,262144,0,0,0,0.0,0.0,,ok
z8960/tile_y2240_x1344.npz,z8960,tile_y2240_x1344,8960,2240,1344,9024,2432,1536,9152,2560,1664,0,2097152,1561380,0,0,0,0.0,0.0,,ok
z8960/tile_y2240_x1792.npz,z8960,tile_y2240_x1792,8960,2240,1792,9024,2432,1984,9152,2560,2112,0,2097152,1357281,0,0,0,0.0,0.0,,ok
z8960/tile_y2240_x2240.npz,z8960,tile_y2240_x2240,8960,2240,2240,9024,2432,2432,9152,2560,2560,0,2097152,1240367,0,0,0,0.0,0.0,,ok
z8960/tile_y2240_x448.npz,z8960,tile_y2240_x448,8960,2240,448,9024,2432,640,9152,2560,768,0,2097152,144266,9232,9232,9255,0.063993,0.064152,1.0,ok
z8960/tile_y2240_x896.npz,z8960,tile_y2240_x896,8960,2240,896,9024,2432,1088,9152,2560,1216,0,2097152,1361121,0,0,0,0.0,0.0,,ok
z8960/tile_y896_x1344.npz,z8960,tile_y896_x1344,8960,896,1344,9024,1088,1536,9152,1216,1664,0,2097152,557056,0,0,0,0.0,0.0,,ok
z8960/tile_y896_x1792.npz,z8960,tile_y896_x1792,8960,896,1792,9024,1088,1984,9152,1216,2112,0,2097152,798976,0,0,0,0.0,0.0,,ok
z8960/tile_y896_x2240.npz,z8960,tile_y896_x2240,8960,896,2240,9024,1088,2432,9152,1216,2560,0,2097152,0,0,0,0,,,,ok
z8960/tile_y896_x896.npz,z8960,tile_y896_x896,8960,896,896,9024,1088,1088,9152,1216,1216,0,2097152,722944,0,0,0,0.0,0.0,,ok
z9184/tile_y1344_x0.npz,z9184,tile_y1344_x0,9184,1344,0,9248,1536,192,9376,1664,320,0,2097152,327680,0,0,0,0.0,0.0,,ok
z9184/tile_y1344_x1344.npz,z9184,tile_y1344_x1344,9184,1344,1344,9248,1536,1536,9376,1664,1664,0,2097152,602269,601152,601152,602254,0.998145,0.999975,1.0,ok
z9184/tile_y1344_x1792.npz,z9184,tile_y1344_x1792,9184,1344,1792,9248,1536,1984,9376,1664,2112,0,2097152,565721,563686,563686,565206,0.996403,0.99909,1.0,ok
z9184/tile_y1344_x2240.npz,z9184,tile_y1344_x2240,9184,1344,2240,9248,1536,2432,9376,1664,2560,0,2097152,557161,556357,556357,557136,0.998557,0.999955,1.0,ok
z9184/tile_y1344_x2688.npz,z9184,tile_y1344_x2688,9184,1344,2688,9248,1536,2880,9376,1664,3008,0,2097152,534636,533030,533030,534418,0.996996,0.999592,1.0,ok
z9184/tile_y1344_x3136.npz,z9184,tile_y1344_x3136,9184,1344,3136,9248,1536,3328,9376,1664,3456,0,2097152,1310720,0,0,0,0.0,0.0,,ok
z9184/tile_y1344_x448.npz,z9184,tile_y1344_x448,9184,1344,448,9248,1536,640,9376,1664,768,0,2097152,486548,11754,11754,12022,0.024158,0.024709,1.0,ok
z9184/tile_y1344_x896.npz,z9184,tile_y1344_x896,9184,1344,896,9248,1536,1088,9376,1664,1216,0,2097152,526993,525669,525669,526983,0.997488,0.999981,1.0,ok
z9184/tile_y1792_x0.npz,z9184,tile_y1792_x0,9184,1792,0,9248,1984,192,9376,2112,320,0,2097152,1533792,0,0,0,0.0,0.0,,ok
z9184/tile_y1792_x1344.npz,z9184,tile_y1792_x1344,9184,1792,1344,9248,1984,1536,9376,2112,1664,0,2097152,535622,534721,534721,535587,0.998318,0.999935,1.0,ok
z9184/tile_y1792_x1792.npz,z9184,tile_y1792_x1792,9184,1792,1792,9248,1984,1984,9376,2112,2112,0,2097152,571134,570066,570066,571098,0.99813,0.999937,1.0,ok
z9184/tile_y1792_x2240.npz,z9184,tile_y1792_x2240,9184,1792,2240,9248,1984,2432,9376,2112,2560,0,2097152,587021,585679,585679,586932,0.997714,0.999848,1.0,ok
z9184/tile_y1792_x2688.npz,z9184,tile_y1792_x2688,9184,1792,2688,9248,1984,2880,9376,2112,3008,0,2097152,311090,306914,306914,308164,0.986576,0.990594,1.0,ok
z9184/tile_y1792_x3136.npz,z9184,tile_y1792_x3136,9184,1792,3136,9248,1984,3328,9376,2112,3456,0,2097152,524288,0,0,0,0.0,0.0,,ok
z9184/tile_y1792_x448.npz,z9184,tile_y1792_x448,9184,1792,448,9248,1984,640,9376,2112,768,0,2097152,522980,520094,520094,522723,0.994482,0.999509,1.0,ok
z9184/tile_y1792_x896.npz,z9184,tile_y1792_x896,9184,1792,896,9248,1984,1088,9376,2112,1216,0,2097152,558969,557200,557200,558570,0.996835,0.999286,1.0,ok
z9184/tile_y2240_x0.npz,z9184,tile_y2240_x0,9184,2240,0,9248,2432,192,9376,2560,320,0,2097152,0,0,0,0,,,,ok
z9184/tile_y2240_x1344.npz,z9184,tile_y2240_x1344,9184,2240,1344,9248,2432,1536,9376,2560,1664,0,2097152,80822,36033,36033,37443,0.445832,0.463277,1.0,ok
z9184/tile_y2240_x1792.npz,z9184,tile_y2240_x1792,9184,2240,1792,9248,2432,1984,9376,2560,2112,0,2097152,256548,254704,254704,255500,0.992812,0.995915,1.0,ok
z9184/tile_y2240_x2240.npz,z9184,tile_y2240_x2240,9184,2240,2240,9248,2432,2432,9376,2560,2560,0,2097152,439190,435791,435791,436832,0.992261,0.994631,1.0,ok
z9184/tile_y2240_x2688.npz,z9184,tile_y2240_x2688,9184,2240,2688,9248,2432,2880,9376,2560,3008,0,2097152,1152829,0,0,0,0.0,0.0,,ok
z9184/tile_y2240_x448.npz,z9184,tile_y2240_x448,9184,2240,448,9248,2432,640,9376,2560,768,0,2097152,959276,0,0,0,0.0,0.0,,ok
z9184/tile_y2240_x896.npz,z9184,tile_y2240_x896,9184,2240,896,9248,2432,1088,9376,2560,1216,0,2097152,1064881,0,0,0,0.0,0.0,,ok
z9184/tile_y896_x1344.npz,z9184,tile_y896_x1344,9184,896,1344,9248,1088,1536,9376,1216,1664,0,2097152,777917,0,0,0,0.0,0.0,,ok
z9184/tile_y896_x1792.npz,z9184,tile_y896_x1792,9184,896,1792,9248,1088,1984,9376,1216,2112,0,2097152,1048576,0,0,0,0.0,0.0,,ok
z9184/tile_y896_x2240.npz,z9184,tile_y896_x2240,9184,896,2240,9248,1088,2432,9376,1216,2560,0,2097152,524288,0,0,0,0.0,0.0,,ok
z9184/tile_y896_x896.npz,z9184,tile_y896_x896,9184,896,896,9248,1088,1088,9376,1216,1216,0,2097152,85269,32216,32216,32233,0.377816,0.378015,1.0,ok
z9408/tile_y1344_x0.npz,z9408,tile_y1344_x0,9408,1344,0,9472,1536,192,9600,1664,320,0,2097152,914217,0,0,0,0.0,0.0,,ok
z9408/tile_y1344_x1344.npz,z9408,tile_y1344_x1344,9408,1344,1344,9472,1536,1536,9600,1664,1664,0,2097152,568235,567606,567606,568125,0.998893,0.999806,1.0,ok
z9408/tile_y1344_x1792.npz,z9408,tile_y1344_x1792,9408,1344,1792,9472,1536,1984,9600,1664,2112,0,2097152,536551,533762,533762,535658,0.994802,0.998336,1.0,ok
z9408/tile_y1344_x2240.npz,z9408,tile_y1344_x2240,9408,1344,2240,9472,1536,2432,9600,1664,2560,0,2097152,565144,564261,564261,565051,0.998438,0.999835,1.0,ok
z9408/tile_y1344_x2688.npz,z9408,tile_y1344_x2688,9408,1344,2688,9472,1536,2880,9600,1664,3008,0,2097152,601480,600623,600623,601364,0.998575,0.999807,1.0,ok
z9408/tile_y1344_x3136.npz,z9408,tile_y1344_x3136,9408,1344,3136,9472,1536,3328,9600,1664,3456,0,2097152,524288,0,0,0,0.0,0.0,,ok
z9408/tile_y1344_x448.npz,z9408,tile_y1344_x448,9408,1344,448,9472,1536,640,9600,1664,768,0,2097152,668541,667515,667515,668480,0.998465,0.999909,1.0,ok
z9408/tile_y1344_x896.npz,z9408,tile_y1344_x896,9408,1344,896,9472,1536,1088,9600,1664,1216,0,2097152,546702,545166,545166,546568,0.99719,0.999755,1.0,ok
z9408/tile_y1792_x0.npz,z9408,tile_y1792_x0,9408,1792,0,9472,1984,192,9600,2112,320,0,2097152,357944,2669,2669,2703,0.007456,0.007551,1.0,ok
z9408/tile_y1792_x1344.npz,z9408,tile_y1792_x1344,9408,1792,1344,9472,1984,1536,9600,2112,1664,0,2097152,588285,586492,586492,588106,0.996952,0.999696,1.0,ok
z9408/tile_y1792_x1792.npz,z9408,tile_y1792_x1792,9408,1792,1792,9472,1984,1984,9600,2112,2112,0,2097152,567291,564698,564698,566614,0.995429,0.998807,1.0,ok
z9408/tile_y1792_x2240.npz,z9408,tile_y1792_x2240,9408,1792,2240,9472,1984,2432,9600,2112,2560,0,2097152,456643,455451,455451,456375,0.99739,0.999413,1.0,ok
z9408/tile_y1792_x2688.npz,z9408,tile_y1792_x2688,9408,1792,2688,9472,1984,2880,9600,2112,3008,0,2097152,312865,310540,310540,311599,0.992569,0.995954,1.0,ok
z9408/tile_y1792_x3136.npz,z9408,tile_y1792_x3136,9408,1792,3136,9472,1984,3328,9600,2112,3456,0,2097152,229376,0,0,0,0.0,0.0,,ok
z9408/tile_y1792_x448.npz,z9408,tile_y1792_x448,9408,1792,448,9472,1984,640,9600,2112,768,0,2097152,652025,650306,650306,651780,0.997364,0.999624,1.0,ok
z9408/tile_y1792_x896.npz,z9408,tile_y1792_x896,9408,1792,896,9472,1984,1088,9600,2112,1216,0,2097152,540744,539860,539860,540629,0.998365,0.999787,1.0,ok
z9408/tile_y2240_x1344.npz,z9408,tile_y2240_x1344,9408,2240,1344,9472,2432,1536,9600,2560,1664,0,2097152,443087,435963,435963,438973,0.983922,0.990715,1.0,ok
z9408/tile_y2240_x1792.npz,z9408,tile_y2240_x1792,9408,2240,1792,9472,2432,1984,9600,2560,2112,0,2097152,513071,510961,510961,512285,0.995888,0.998468,1.0,ok
z9408/tile_y2240_x2240.npz,z9408,tile_y2240_x2240,9408,2240,2240,9472,2432,2432,9600,2560,2560,0,2097152,543421,534703,534703,536118,0.983957,0.986561,1.0,ok
z9408/tile_y2240_x2688.npz,z9408,tile_y2240_x2688,9408,2240,2688,9472,2432,2880,9600,2560,3008,0,2097152,1294244,0,0,0,0.0,0.0,,ok
z9408/tile_y2240_x448.npz,z9408,tile_y2240_x448,9408,2240,448,9472,2432,640,9600,2560,768,0,2097152,876544,0,0,0,0.0,0.0,,ok
z9408/tile_y2240_x896.npz,z9408,tile_y2240_x896,9408,2240,896,9472,2432,1088,9600,2560,1216,0,2097152,37163,33142,33142,35358,0.891801,0.95143,1.0,ok
z9408/tile_y896_x1344.npz,z9408,tile_y896_x1344,9408,896,1344,9472,1088,1536,9600,1216,1664,0,2097152,70882,11294,11294,11358,0.159335,0.160238,1.0,ok
z9408/tile_y896_x1792.npz,z9408,tile_y896_x1792,9408,896,1792,9472,1088,1984,9600,1216,2112,0,2097152,1010446,0,0,0,0.0,0.0,,ok
z9408/tile_y896_x2240.npz,z9408,tile_y896_x2240,9408,896,2240,9472,1088,2432,9600,1216,2560,0,2097152,0,0,0,0,,,,ok
z9408/tile_y896_x448.npz,z9408,tile_y896_x448,9408,896,448,9472,1088,640,9600,1216,768,0,2097152,589824,0,0,0,0.0,0.0,,ok
z9408/tile_y896_x896.npz,z9408,tile_y896_x896,9408,896,896,9472,1088,1088,9600,1216,1216,0,2097152,164310,140838,140838,141304,0.857148,0.859984,1.0,ok
z9632/tile_y1344_x0.npz,z9632,tile_y1344_x0,9632,1344,0,9696,1536,192,9824,1664,320,0,2097152,972840,0,0,0,0.0,0.0,,ok
z9632/tile_y1344_x1344.npz,z9632,tile_y1344_x1344,9632,1344,1344,9696,1536,1536,9824,1664,1664,0,2097152,597000,595145,595145,596855,0.996893,0.999757,1.0,ok
z9632/tile_y1344_x1792.npz,z9632,tile_y1344_x1792,9632,1344,1792,9696,1536,1984,9824,1664,2112,0,2097152,571582,569970,569970,571299,0.99718,0.999505,1.0,ok
z9632/tile_y1344_x2240.npz,z9632,tile_y1344_x2240,9632,1344,2240,9696,1536,2432,9824,1664,2560,0,2097152,509625,507462,507462,509111,0.995756,0.998991,1.0,ok
z9632/tile_y1344_x2688.npz,z9632,tile_y1344_x2688,9632,1344,2688,9696,1536,2880,9824,1664,3008,0,2097152,586625,584637,584637,586234,0.996611,0.999333,1.0,ok
z9632/tile_y1344_x3136.npz,z9632,tile_y1344_x3136,9632,1344,3136,9696,1536,3328,9824,1664,3456,0,2097152,0,0,0,0,,,,ok
z9632/tile_y1344_x448.npz,z9632,tile_y1344_x448,9632,1344,448,9696,1536,640,9824,1664,768,0,2097152,573782,572286,572286,573657,0.997393,0.999782,1.0,ok
z9632/tile_y1344_x896.npz,z9632,tile_y1344_x896,9632,1344,896,9696,1536,1088,9824,1664,1216,0,2097152,604302,601278,601278,603847,0.994996,0.999247,1.0,ok
z9632/tile_y1792_x0.npz,z9632,tile_y1792_x0,9632,1792,0,9696,1984,192,9824,2112,320,0,2097152,179752,44927,44927,46433,0.249939,0.258317,1.0,ok
z9632/tile_y1792_x1344.npz,z9632,tile_y1792_x1344,9632,1792,1344,9696,1984,1536,9824,2112,1664,0,2097152,586161,583601,583601,585676,0.995633,0.999173,1.0,ok
z9632/tile_y1792_x1792.npz,z9632,tile_y1792_x1792,9632,1792,1792,9696,1984,1984,9824,2112,2112,0,2097152,579553,577362,577362,579138,0.99622,0.999284,1.0,ok
z9632/tile_y1792_x2240.npz,z9632,tile_y1792_x2240,9632,1792,2240,9696,1984,2432,9824,2112,2560,0,2097152,536211,533848,533848,535824,0.995593,0.999278,1.0,ok
z9632/tile_y1792_x2688.npz,z9632,tile_y1792_x2688,9632,1792,2688,9696,1984,2880,9824,2112,3008,0,2097152,606645,605523,605523,606592,0.99815,0.999913,1.0,ok
z9632/tile_y1792_x3136.npz,z9632,tile_y1792_x3136,9632,1792,3136,9696,1984,3328,9824,2112,3456,0,2097152,0,0,0,0,,,,ok
z9632/tile_y1792_x448.npz,z9632,tile_y1792_x448,9632,1792,448,9696,1984,640,9824,2112,768,0,2097152,638474,635657,635657,637816,0.995588,0.998969,1.0,ok
z9632/tile_y1792_x896.npz,z9632,tile_y1792_x896,9632,1792,896,9696,1984,1088,9824,2112,1216,0,2097152,570779,567043,567043,569696,0.993455,0.998103,1.0,ok
z9632/tile_y2240_x0.npz,z9632,tile_y2240_x0,9632,2240,0,9696,2432,192,9824,2560,320,0,2097152,262144,0,0,0,0.0,0.0,,ok
z9632/tile_y2240_x1344.npz,z9632,tile_y2240_x1344,9632,2240,1344,9696,2432,1536,9824,2560,1664,0,2097152,562560,560407,560407,562283,0.996173,0.999508,1.0,ok
z9632/tile_y2240_x1792.npz,z9632,tile_y2240_x1792,9632,2240,1792,9696,2432,1984,9824,2560,2112,0,2097152,111226,101936,101936,102297,0.916476,0.919722,1.0,ok
z9632/tile_y2240_x2240.npz,z9632,tile_y2240_x2240,9632,2240,2240,9696,2432,2432,9824,2560,2560,0,2097152,146103,133034,133034,136987,0.910549,0.937606,1.0,ok
z9632/tile_y2240_x2688.npz,z9632,tile_y2240_x2688,9632,2240,2688,9696,2432,2880,9824,2560,3008,0,2097152,868734,0,0,0,0.0,0.0,,ok
z9632/tile_y2240_x448.npz,z9632,tile_y2240_x448,9632,2240,448,9696,2432,640,9824,2560,768,0,2097152,238792,9653,9653,9653,0.040424,0.040424,1.0,ok
z9632/tile_y2240_x896.npz,z9632,tile_y2240_x896,9632,2240,896,9696,2432,1088,9824,2560,1216,0,2097152,501455,494742,494742,498301,0.986613,0.99371,1.0,ok
z9632/tile_y896_x1344.npz,z9632,tile_y896_x1344,9632,896,1344,9696,1088,1536,9824,1216,1664,0,2097152,187807,155100,155100,156838,0.825848,0.835102,1.0,ok
z9632/tile_y896_x1792.npz,z9632,tile_y896_x1792,9632,896,1792,9696,1088,1984,9824,1216,2112,0,2097152,885421,0,0,0,0.0,0.0,,ok
z9632/tile_y896_x2240.npz,z9632,tile_y896_x2240,9632,896,2240,9696,1088,2432,9824,1216,2560,0,2097152,1108679,0,0,0,0.0,0.0,,ok
z9632/tile_y896_x2688.npz,z9632,tile_y896_x2688,9632,896,2688,9696,1088,2880,9824,1216,3008,0,2097152,0,0,0,0,,,,ok
z9632/tile_y896_x448.npz,z9632,tile_y896_x448,9632,896,448,9696,1088,640,9824,1216,768,0,2097152,1014016,0,0,0,0.0,0.0,,ok
z9632/tile_y896_x896.npz,z9632,tile_y896_x896,9632,896,896,9696,1088,1088,9824,1216,1216,0,2097152,447116,436497,436497,439317,0.97625,0.982557,1.0,ok
z9856/tile_y1344_x0.npz,z9856,tile_y1344_x0,9856,1344,0,9920,1536,192,10048,1664,320,0,2097152,84635,38173,38173,38471,0.451031,0.454552,1.0,ok
z9856/tile_y1344_x1344.npz,z9856,tile_y1344_x1344,9856,1344,1344,9920,1536,1536,10048,1664,1664,0,2097152,649813,645982,645982,648866,0.994104,0.998543,1.0,ok
z9856/tile_y1344_x1792.npz,z9856,tile_y1344_x1792,9856,1344,1792,9920,1536,1984,10048,1664,2112,0,2097152,584073,579641,579641,582480,0.992412,0.997273,1.0,ok
z9856/tile_y1344_x2240.npz,z9856,tile_y1344_x2240,9856,1344,2240,9920,1536,2432,10048,1664,2560,0,2097152,478658,475768,475768,477655,0.993962,0.997905,1.0,ok
z9856/tile_y1344_x2688.npz,z9856,tile_y1344_x2688,9856,1344,2688,9920,1536,2880,10048,1664,3008,0,2097152,493469,491313,491313,492811,0.995631,0.998667,1.0,ok
z9856/tile_y1344_x448.npz,z9856,tile_y1344_x448,9856,1344,448,9920,1536,640,10048,1664,768,0,2097152,637607,635028,635028,637025,0.995955,0.999087,1.0,ok
z9856/tile_y1344_x896.npz,z9856,tile_y1344_x896,9856,1344,896,9920,1536,1088,10048,1664,1216,0,2097152,646591,644394,644394,646340,0.996602,0.999612,1.0,ok
z9856/tile_y1792_x0.npz,z9856,tile_y1792_x0,9856,1792,0,9920,1984,192,10048,2112,320,0,2097152,1213832,0,0,0,0.0,0.0,,ok
z9856/tile_y1792_x1344.npz,z9856,tile_y1792_x1344,9856,1792,1344,9920,1984,1536,10048,2112,1664,0,2097152,548973,545878,545878,548042,0.994362,0.998304,1.0,ok
z9856/tile_y1792_x1792.npz,z9856,tile_y1792_x1792,9856,1792,1792,9920,1984,1984,10048,2112,2112,0,2097152,528594,526426,526426,528099,0.995899,0.999064,1.0,ok
z9856/tile_y1792_x2240.npz,z9856,tile_y1792_x2240,9856,1792,2240,9920,1984,2432,10048,2112,2560,0,2097152,595037,592077,592077,594301,0.995026,0.998763,1.0,ok
z9856/tile_y1792_x2688.npz,z9856,tile_y1792_x2688,9856,1792,2688,9920,1984,2880,10048,2112,3008,0,2097152,595849,593115,593115,595309,0.995412,0.999094,1.0,ok
z9856/tile_y1792_x448.npz,z9856,tile_y1792_x448,9856,1792,448,9920,1984,640,10048,2112,768,0,2097152,747705,745081,745081,747385,0.996491,0.999572,1.0,ok
z9856/tile_y1792_x896.npz,z9856,tile_y1792_x896,9856,1792,896,9920,1984,1088,10048,2112,1216,0,2097152,615455,613239,613239,615178,0.996399,0.99955,1.0,ok
z9856/tile_y2240_x0.npz,z9856,tile_y2240_x0,9856,2240,0,9920,2432,192,10048,2560,320,0,2097152,262144,0,0,0,0.0,0.0,,ok
z9856/tile_y2240_x1344.npz,z9856,tile_y2240_x1344,9856,2240,1344,9920,2432,1536,10048,2560,1664,0,2097152,505241,503157,503157,504829,0.995875,0.999185,1.0,ok
z9856/tile_y2240_x1792.npz,z9856,tile_y2240_x1792,9856,2240,1792,9920,2432,1984,10048,2560,2112,0,2097152,425536,419050,419050,421806,0.984758,0.991235,1.0,ok
z9856/tile_y2240_x2240.npz,z9856,tile_y2240_x2240,9856,2240,2240,9920,2432,2432,10048,2560,2560,0,2097152,734111,0,0,0,0.0,0.0,,ok
z9856/tile_y2240_x2688.npz,z9856,tile_y2240_x2688,9856,2240,2688,9920,2432,2880,10048,2560,3008,0,2097152,1066852,0,0,0,0.0,0.0,,ok
z9856/tile_y2240_x448.npz,z9856,tile_y2240_x448,9856,2240,448,9920,2432,640,10048,2560,768,0,2097152,202264,195562,195562,200782,0.966865,0.992673,1.0,ok
z9856/tile_y2240_x896.npz,z9856,tile_y2240_x896,9856,2240,896,9920,2432,1088,10048,2560,1216,0,2097152,663770,661404,661404,663267,0.996436,0.999242,1.0,ok
z9856/tile_y896_x0.npz,z9856,tile_y896_x0,9856,896,0,9920,1088,192,10048,1216,320,0,2097152,131072,0,0,0,0.0,0.0,,ok
z9856/tile_y896_x1344.npz,z9856,tile_y896_x1344,9856,896,1344,9920,1088,1536,10048,1216,1664,0,2097152,263778,256972,256972,258383,0.974198,0.979547,1.0,ok
z9856/tile_y896_x1792.npz,z9856,tile_y896_x1792,9856,896,1792,9920,1088,1984,10048,1216,2112,0,2097152,508600,5038,5038,6904,0.009906,0.013575,1.0,ok
z9856/tile_y896_x2240.npz,z9856,tile_y896_x2240,9856,896,2240,9920,1088,2432,10048,1216,2560,0,2097152,1081344,0,0,0,0.0,0.0,,ok
z9856/tile_y896_x2688.npz,z9856,tile_y896_x2688,9856,896,2688,9920,1088,2880,10048,1216,3008,0,2097152,393216,0,0,0,0.0,0.0,,ok
z9856/tile_y896_x448.npz,z9856,tile_y896_x448,9856,896,448,9920,1088,640,10048,1216,768,0,2097152,1013211,0,0,0,0.0,0.0,,ok
z9856/tile_y896_x896.npz,z9856,tile_y896_x896,9856,896,896,9920,1088,1088,10048,1216,1216,0,2097152,543992,537275,537275,540045,0.987652,0.992744,1.0,ok
