source,source_row,z,y,x,theta_deg,winding,dk,ct_brightness,conf,pre_repair_global_id,labeled_frac_5cube
unlab,8720,3152,1342,2066,288.0,47,1,163,,172092,1.0
unlab,8831,2704,1991,474,180.0,58,1,161,,139968,1.0
wedge,1675,5264,1666,1032,204.0,75,,,1,322330,1.0
wedge,3510,10928,1045,1054,198.0,47,,,1,626898,1.0
wedge,3614,11184,1818,186,168.0,16,,,1,655551,1.0
wedge,3615,11184,1819,180,168.0,17,,,1,655551,1.0
unlab,5384,9168,1730,1912,306.0,9,1,204,,442680,0.992
wedge,1562,4880,1932,896,186.0,72,,,1,281835,0.992
wedge,1919,5936,2133,812,180.0,60,,,1,343240,0.992
wedge,2176,6704,1836,1226,204.0,57,,,1,223883,0.992
wedge,3237,10320,2519,1132,126.0,69,,,1,551522,0.992
wedge,1943,6032,2131,851,180.0,58,,,1,343240,0.984
wedge,2139,6640,2177,3179,0.0,53,,,1,367923,0.984
wedge,2224,6928,2148,899,180.0,58,,,1,371753,0.984
unlab,2315,11088,973,2084,252.0,5,1,132,,650167,0.976
unlab,1633,10960,1215,1971,324.0,4,1,158,,629571,0.968
unlab,8794,3600,1286,1393,234.0,55,1,160,,206509,0.968
unlab,189,3088,2043,1776,180.0,2,1,144,,181142,0.944
unlab,8546,8976,2133,1533,126.0,32,1,130,,448400,0.944
wedge,959,3344,1416,2138,294.0,53,,,1,188911,0.944
unlab,2504,8592,1788,1876,324.0,5,1,227,,431370,0.936
unlab,899,3408,2005,1916,324.0,3,1,130,,201656,0.928
unlab,1573,3728,1957,1988,306.0,4,1,151,,241178,0.92
unlab,2442,3728,1952,1992,306.0,5,1,153,,241178,0.92
wedge,1069,3600,1568,2447,318.0,43,,,1,216567,0.92
wedge,1184,3888,1375,1227,222.0,67,,,1,249214,0.912
unlab,486,3024,2077,1892,66.0,3,1,145,,183798,0.904
unlab,913,4304,2011,1970,330.0,3,1,150,,286481,0.896
unlab,2440,2960,1947,1898,306.0,5,1,162,,183256,0.896
unlab,2691,11152,994,2428,48.0,6,2,131,,655513,0.896
unlab,3677,9936,1932,1626,114.0,7,2,255,,523442,0.896
unlab,5554,1808,1830,1614,78.0,10,1,162,,63448,0.896
wedge,1233,4080,2629,2596,42.0,60,,,1,264858,0.896
unlab,8928,10768,1769,599,174.0,67,1,147,,593971,0.888
unlab,559,4048,2087,1935,126.0,3,1,130,,259267,0.88
wedge,3420,10800,1965,918,156.0,66,,,1,596704,0.88
unlab,3902,5072,1990,1896,222.0,7,1,106,,223883,0.872
unlab,562,9872,1928,1619,126.0,3,1,160,,500910,0.864
unlab,8978,3600,2636,1384,132.0,72,1,152,,111481,0.864
unlab,298,1168,1822,1554,282.0,2,1,211,,78035,0.856
unlab,3192,11088,967,2083,252.0,6,2,130,,650167,0.856
unlab,2165,2960,1986,1824,204.0,5,1,147,,181471,0.848
unlab,3817,8144,1895,1786,186.0,7,1,144,,408922,0.84
unlab,8782,9424,2438,1470,120.0,54,1,156,,473874,0.84
unlab,8912,8528,1557,2692,342.0,65,1,138,,426454,0.84
unlab,1133,3984,2091,1930,102.0,4,1,132,,259091,0.832
unlab,1272,2320,1916,1542,162.0,4,1,160,,63448,0.832
unlab,1969,4176,2102,1891,126.0,5,1,137,,272532,0.832
unlab,2457,10192,1740,1742,306.0,5,1,192,,538656,0.832
unlab,5410,9552,1799,1860,324.0,9,1,255,,465347,0.832
wedge,2225,6928,2148,891,180.0,59,,,1,371753,0.832
wedge,3511,10928,1041,1041,198.0,48,,,1,626898,0.832
unlab,7029,3216,1854,1707,234.0,13,1,136,,190642,0.83
unlab,26,7888,1999,1916,24.0,2,1,139,,404720,0.824
unlab,305,10512,1693,1666,282.0,2,1,232,,567218,0.824
unlab,314,9360,1878,1791,294.0,2,1,123,,371670,0.824
unlab,3289,3088,1963,1878,294.0,6,1,136,,184124,0.824
unlab,8904,1360,1296,2570,336.0,64,2,117,,75421,0.824
unlab,2510,10960,1212,1975,324.0,5,1,162,,629571,0.816
unlab,4092,1040,1848,1579,300.0,7,1,191,,63775,0.816
unlab,8812,1360,1015,1290,246.0,56,1,158,,71769,0.816
unlab,8950,10320,2483,890,138.0,69,2,144,,550341,0.816
unlab,83,10640,1786,1673,78.0,2,1,163,,598287,0.808
unlab,86,3792,2050,1928,84.0,2,1,115,,242657,0.808
unlab,1910,4112,2112,1938,96.0,5,1,165,,272337,0.808
unlab,1941,10256,1895,1671,108.0,5,1,160,,547226,0.808
unlab,4301,5264,2140,2010,54.0,8,1,126,,325630,0.808
unlab,7144,4048,2116,2154,18.0,14,1,138,,259307,0.808
unlab,8893,1360,1302,2557,336.0,63,1,154,,75421,0.808
wedge,1461,4592,2299,766,168.0,54,,,1,284636,0.808
unlab,2071,11152,974,2303,156.0,5,1,131,,649839,0.8
unlab,2861,3408,2085,1841,120.0,6,1,135,,198926,0.8
unlab,8749,9424,1420,2323,318.0,51,1,154,,441187,0.8
unlab,1587,11152,897,2411,306.0,4,1,220,,651316,0.792
unlab,1980,10256,1878,1657,126.0,5,2,132,,546371,0.792
unlab,4263,3792,2065,2003,30.0,8,2,150,,242638,0.792
unlab,5297,10128,1705,1597,258.0,9,1,143,,512416,0.792
unlab,6201,4496,2150,1807,132.0,11,1,137,,287140,0.792
unlab,6658,7376,2133,1766,168.0,12,1,130,,389110,0.792
wedge,373,1808,2294,2583,30.0,75,,,1,115864,0.792
unlab,5240,7760,1910,1855,228.0,9,1,142,,404210,0.787
unlab,206,9104,1842,1743,186.0,2,1,147,,442846,0.784
unlab,839,4048,2003,1976,288.0,3,1,180,,259304,0.784
unlab,1039,3728,2057,1979,48.0,4,1,147,,121319,0.784
unlab,1262,9936,1886,1617,156.0,4,1,202,,523428,0.784
unlab,2300,8016,1893,1860,246.0,5,1,152,,395683,0.784
unlab,8591,10576,1363,1746,282.0,35,1,146,,588693,0.784
unlab,8763,9424,1421,2322,318.0,52,1,150,,441187,0.784
unlab,8834,10320,1090,1021,228.0,58,1,127,,529334,0.784
unlab,3744,3536,2092,1829,144.0,7,1,148,,219135,0.776
unlab,4480,9232,1934,1755,126.0,8,1,138,,470070,0.776
unlab,6032,3600,2168,2088,42.0,11,1,151,,220723,0.776
unlab,261,3024,1982,1832,228.0,2,1,139,,181609,0.768
unlab,1192,4112,2083,1908,132.0,4,1,171,,272448,0.768
unlab,2044,4112,2077,1882,150.0,5,3,141,,271742,0.768
unlab,2488,10832,1501,1891,318.0,5,1,172,,600524,0.768
unlab,4391,3792,2089,1924,90.0,8,1,152,,242657,0.768
unlab,8924,8528,1556,2694,342.0,66,1,138,,426454,0.768
unlab,311,10768,1586,1745,288.0,2,1,236,,598718,0.76
unlab,1895,1296,1847,1597,90.0,5,1,151,,78402,0.76
unlab,2466,2448,1908,1771,312.0,5,1,163,,63448,0.76
unlab,2928,10192,1882,1605,144.0,6,1,164,,546985,0.76
unlab,7716,4240,1972,2077,330.0,16,1,133,,272792,0.76
wedge,34,976,1670,643,204.0,67,,,1,52984,0.76
unlab,1695,2960,1996,1916,354.0,4,2,149,,166693,0.752
unlab,1714,4112,2047,2010,6.0,5,1,153,,272403,0.752
unlab,2121,10192,1830,1514,180.0,5,1,170,,538015,0.752
unlab,7002,2704,1908,1674,210.0,13,1,148,,63448,0.752
unlab,8934,10320,2482,891,138.0,68,1,140,,550341,0.752
unlab,333,2384,1866,1743,318.0,2,1,136,,63448,0.744
unlab,776,11024,1092,1986,240.0,3,1,135,,629856,0.744
unlab,2467,2960,1958,1898,312.0,5,1,148,,183136,0.744
unlab,2738,9936,1960,1693,66.0,6,1,173,,522758,0.744
unlab,6175,2640,2099,1736,120.0,11,1,198,,152224,0.744
unlab,7894,1360,1726,1180,180.0,18,1,152,,77510,0.744
unlab,8798,3600,1754,2776,342.0,55,1,154,,216582,0.744
unlab,9022,3600,2370,878,162.0,77,1,156,,225393,0.744
unlab,938,3152,2008,1900,348.0,3,1,141,,182164,0.736
unlab,1134,4176,2106,1916,102.0,4,1,149,,272537,0.736
unlab,1753,9808,1897,1766,24.0,5,1,253,,500987,0.736
unlab,2664,8592,1915,1864,42.0,6,1,162,,223883,0.736
unlab,5259,9488,1808,1706,240.0,9,1,152,,465348,0.736
unlab,7858,3984,2276,1994,78.0,18,1,148,,258901,0.736
unlab,1567,10192,1781,1705,300.0,4,2,167,,512815,0.728
unlab,2397,7248,2053,1991,288.0,5,1,137,,389644,0.728
unlab,3354,9680,1840,1740,312.0,6,1,180,,493713,0.728
unlab,4042,9552,1805,1728,276.0,7,1,139,,465347,0.728
unlab,7452,2960,2087,1668,156.0,15,1,168,,165638,0.728
wedge,2974,9392,1358,1897,282.0,49,,,1,463722,0.728
unlab,1921,11088,1076,2085,102.0,5,1,180,,653302,0.72
unlab,2306,3216,1941,1804,252.0,5,1,132,,199218,0.72
unlab,2918,3984,2067,1895,144.0,6,1,141,,251974,0.72
unlab,4245,4112,2076,2056,18.0,8,1,141,,258905,0.72
unlab,6317,10960,1130,1855,240.0,11,1,152,,628071,0.72
unlab,237,4304,2022,1882,204.0,2,1,100,,272869,0.712
unlab,540,4624,2102,1871,114.0,3,1,129,,299893,0.712
unlab,968,4112,2046,2004,6.0,4,1,143,,259267,0.712
unlab,3140,9232,1811,1761,234.0,6,1,159,,442759,0.712
unlab,3338,1488,1659,1695,312.0,6,1,116,,94413,0.712
unlab,4645,5520,2044,1906,228.0,8,1,140,,332075,0.712
unlab,4794,10832,1460,1898,300.0,8,1,168,,590222,0.712
unlab,6256,3152,1943,1674,204.0,11,1,133,,182231,0.712
unlab,6973,3024,2119,1693,150.0,13,1,160,,180957,0.712
unlab,8761,3152,1318,1995,282.0,52,1,157,,172221,0.712
unlab,512,10640,1791,1670,84.0,3,2,160,,598287,0.704
unlab,2262,6288,2090,1907,228.0,5,1,160,,351615,0.704
unlab,4200,3984,2004,2032,342.0,7,1,144,,259072,0.704
unlab,5663,9040,1889,1752,126.0,10,1,160,,449316,0.704
unlab,7632,2576,2096,1511,156.0,16,1,135,,152007,0.704
unlab,8012,1488,1577,1508,234.0,19,1,153,,94440,0.704
unlab,9020,3600,2618,1401,132.0,77,1,168,,225556,0.704
unlab,190,3600,2028,1888,180.0,2,2,139,,220584,0.696
unlab,1385,9488,1859,1687,210.0,4,1,178,,453587,0.696
unlab,1897,2960,2057,1859,90.0,5,1,145,,165692,0.696
unlab,1930,3856,2091,1893,108.0,5,1,140,,240386,0.696
unlab,3391,3984,1988,2020,330.0,6,1,132,,259094,0.696
unlab,6498,4816,2098,2028,30.0,12,1,148,,311465,0.696
unlab,7277,1232,1714,1482,228.0,14,1,164,,78842,0.696
unlab,8000,9808,1883,1421,174.0,19,1,148,,500719,0.696
unlab,8919,3600,2544,1221,144.0,66,1,162,,203891,0.696
unlab,829,3216,1990,1839,282.0,3,1,135,,199270,0.688
unlab,1136,4752,2093,1908,102.0,4,1,130,,311247,0.688
unlab,1917,4176,2111,1915,102.0,5,2,129,,272537,0.688
unlab,3001,10064,1852,1512,174.0,6,1,168,,512497,0.688
unlab,3694,9744,1946,1625,120.0,7,1,152,,500444,0.688
unlab,4458,9936,1937,1624,114.0,8,1,233,,523442,0.688
wedge,1240,4080,1611,1198,210.0,57,,,1,223883,0.688
unlab,641,3088,2049,1779,174.0,3,1,137,,181098,0.68
unlab,858,10192,1788,1702,300.0,3,1,146,,512815,0.68
unlab,1542,4624,1987,1922,294.0,4,1,160,,297245,0.68
unlab,1661,4816,2007,1999,336.0,4,1,152,,311420,0.68
unlab,1772,10000,1898,1691,30.0,5,1,177,,523495,0.68
unlab,2230,11024,1095,1964,216.0,5,1,140,,629645,0.68
unlab,3024,8848,1866,1660,192.0,6,1,152,,442412,0.68
unlab,3323,10704,1656,1698,300.0,6,1,185,,599577,0.68
unlab,3441,8848,1867,1870,354.0,6,1,169,,451101,0.68
unlab,3534,10384,1852,1741,54.0,7,1,129,,566505,0.68
unlab,5198,2576,1916,1642,204.0,9,1,162,,141687,0.68
unlab,8104,4560,1912,2125,330.0,20,1,141,,299112,0.68
unlab,1191,3984,2066,1913,132.0,4,1,133,,251974,0.672
unlab,1518,3024,1956,1880,282.0,4,1,134,,181609,0.672
unlab,1657,3792,1971,2033,336.0,4,1,126,,241371,0.672
unlab,2029,4688,2095,1850,144.0,5,1,130,,297671,0.672
unlab,2217,3920,1994,1905,216.0,5,1,122,,251974,0.672
unlab,2519,9360,1867,1847,330.0,5,1,142,,461155,0.672
unlab,2526,1808,1653,1745,336.0,5,2,153,,109603,0.672
unlab,4071,7696,1911,1984,288.0,7,2,151,,395683,0.672
unlab,4102,5456,2027,2020,300.0,7,1,161,,326242,0.672
unlab,4641,1168,1802,1489,228.0,8,1,156,,53526,0.672
unlab,890,10192,1796,1714,318.0,3,1,145,,538047,0.664
unlab,1002,9936,1890,1698,24.0,4,1,158,,523460,0.664
unlab,1465,9808,1816,1656,246.0,4,1,254,,493334,0.664
unlab,1591,4688,2023,1931,312.0,4,1,112,,299579,0.664
unlab,2376,1104,1856,1538,282.0,5,1,117,,67725,0.664
unlab,2497,3216,1981,1894,324.0,5,2,120,,200690,0.664
unlab,2753,9104,1921,1842,72.0,6,1,173,,459335,0.664
unlab,3352,9040,1750,1863,312.0,6,1,252,,442680,0.664
unlab,3779,1232,1850,1490,162.0,7,1,171,,53526,0.664
unlab,5341,7120,2072,1952,282.0,9,1,161,,223883,0.664
unlab,6220,1936,1808,1470,150.0,11,1,173,,63448,0.664
unlab,7250,2960,2048,1718,162.0,14,1,148,,165702,0.664
unlab,8908,10320,2455,920,138.0,65,2,150,,542995,0.664
unlab,2380,3792,1954,1938,282.0,5,1,116,,240381,0.656
unlab,2520,9872,1842,1718,330.0,5,1,238,,493371,0.656
unlab,3410,9360,1882,1834,336.0,6,1,168,,469820,0.656
unlab,3426,2384,1897,1765,348.0,6,1,167,,63448,0.656
unlab,4405,10640,1820,1665,90.0,8,1,175,,598121,0.656
unlab,4556,2896,2015,1743,174.0,8,1,137,,165539,0.656
unlab,6680,9616,1822,1615,210.0,12,1,120,,479321,0.656
unlab,6809,2896,1805,1960,300.0,12,1,129,,161941,0.656
unlab,7849,4624,2213,1983,60.0,18,2,126,,299410,0.656
unlab,8743,4496,2594,2163,66.0,51,1,138,,292778,0.656
unlab,3042,9552,1854,1569,198.0,6,1,160,,453587,0.65
unlab,904,1104,1883,1572,330.0,3,1,213,,63449,0.648
unlab,1630,9808,1815,1731,324.0,4,1,202,,493371,0.648
unlab,3048,3984,1999,1867,204.0,6,1,113,,259061,0.648
unlab,3286,1872,1659,1633,294.0,6,1,151,,94498,0.648
unlab,5185,10896,1396,1715,192.0,9,1,173,,627839,0.648
unlab,5500,3088,2222,1973,54.0,10,1,152,,182693,0.648
unlab,6525,10256,1978,1779,60.0,12,1,149,,547169,0.648
unlab,6848,10448,1772,1910,354.0,12,1,183,,512666,0.648
unlab,7451,2576,2094,1515,156.0,15,1,162,,152007,0.648
unlab,7474,2064,1728,1526,240.0,15,1,152,,119837,0.648
unlab,8019,3856,1690,1723,240.0,19,1,112,,251774,0.648
unlab,8431,10064,1679,1972,336.0,27,1,170,,515915,0.648
unlab,8856,4944,1831,949,192.0,60,1,132,,281835,0.648
unlab,8892,1808,977,2133,306.0,63,1,135,,104706,0.648
wedge,720,2576,1230,2612,318.0,84,,,1,146574,0.648
wedge,749,2704,2612,1262,132.0,78,,,1,155271,0.648
unlab,844,10704,1687,1665,288.0,3,1,164,,599634,0.64
unlab,1212,4688,2106,1847,138.0,4,2,134,,297671,0.64
unlab,1645,7760,1926,2051,330.0,4,1,170,,395638,0.64
unlab,1826,4176,2121,1969,60.0,5,1,131,,259267,0.64
unlab,2035,9040,1853,1753,144.0,5,1,137,,442860,0.64
unlab,2374,10320,1731,1662,276.0,5,1,177,,538785,0.64
unlab,3241,8976,1776,1748,270.0,6,2,128,,442540,0.64
unlab,3324,10832,1472,1891,300.0,6,1,151,,637968,0.64
unlab,5691,2192,1936,1499,144.0,10,1,146,,128887,0.64
unlab,5757,3280,1988,1781,216.0,10,1,146,,199530,0.64
unlab,7252,11088,1052,1748,174.0,14,1,129,,652169,0.64
unlab,7706,1360,1512,1844,318.0,16,1,144,,78575,0.64
unlab,7845,3920,2179,2086,48.0,18,1,178,,259799,0.64
unlab,8869,6736,1791,2615,330.0,61,1,152,,364422,0.64
unlab,8884,6736,1790,2616,330.0,62,1,123,,364422,0.64
wedge,960,3344,1924,2930,354.0,70,,,1,203140,0.64
unlab,110,9936,1908,1641,108.0,2,1,241,,523430,0.632
unlab,183,3600,2033,1887,174.0,2,2,137,,220584,0.632
unlab,283,9616,1846,1728,264.0,2,1,245,,479348,0.632
unlab,600,4112,2066,1901,150.0,3,2,139,,272487,0.632
unlab,1560,4368,1981,1959,300.0,4,1,136,,288172,0.632
unlab,1618,976,1986,1583,324.0,4,1,127,,67560,0.632
unlab,2461,11152,890,2416,306.0,5,2,159,,650859,0.632
unlab,3608,8976,1897,1754,84.0,7,1,138,,449316,0.632
unlab,3661,8400,1918,1829,108.0,7,1,153,,408922,0.632
unlab,4331,4176,2147,1971,66.0,8,1,136,,273111,0.632
unlab,4545,3280,2057,1780,162.0,8,1,144,,199511,0.632
unlab,5417,4304,1980,2023,330.0,9,1,133,,287818,0.632
unlab,6001,9296,1890,1982,348.0,10,1,136,,442759,0.632
unlab,6157,8912,1914,1728,108.0,11,1,142,,449624,0.632
unlab,6606,2832,2141,1767,114.0,12,1,140,,165449,0.632
unlab,7004,9616,1820,1612,210.0,13,2,159,,479321,0.632
unlab,7926,7440,1905,1943,258.0,18,1,188,,395758,0.632
unlab,7928,9552,1672,1669,258.0,18,1,103,,465660,0.632
unlab,8066,4240,2356,1882,96.0,20,1,127,,121319,0.632
unlab,8171,1488,1649,1894,342.0,21,1,154,,78534,0.632
unlab,9026,10320,1256,2863,336.0,78,1,127,,533701,0.632
unlab,135,3280,2058,1826,132.0,2,1,129,,198665,0.624
unlab,185,9040,1818,1761,174.0,2,1,152,,453865,0.624
unlab,252,4816,2014,1892,216.0,2,1,159,,310729,0.624
unlab,665,4304,2035,1875,186.0,3,1,136,,287749,0.624
unlab,668,7312,2101,1891,186.0,3,1,124,,389389,0.624
unlab,763,1040,1905,1453,234.0,3,1,144,,63479,0.624
unlab,774,4368,1983,1909,240.0,3,2,130,,288157,0.624
unlab,1151,3408,2083,1847,114.0,4,1,142,,198926,0.624
unlab,2065,8848,1920,1647,156.0,5,1,157,,428488,0.624
unlab,4872,3984,2001,2040,342.0,8,1,148,,241340,0.624
unlab,5821,1808,1630,1562,252.0,10,1,153,,109613,0.624
unlab,7267,9616,1818,1608,210.0,14,1,155,,479321,0.624
unlab,8205,8976,1959,1538,150.0,22,1,157,,449806,0.624
unlab,8741,3152,1333,1992,282.0,50,1,149,,172202,0.624
unlab,3795,3664,2056,1854,168.0,7,2,142,,240099,0.62
unlab,89,10640,1784,1669,84.0,2,1,165,,598287,0.616
unlab,446,4432,2097,1974,42.0,3,1,119,,288485,0.616
unlab,464,9360,1936,1805,48.0,3,1,128,,469877,0.616
unlab,499,3984,2070,1951,78.0,3,1,159,,259104,0.616
unlab,898,3024,1995,1899,324.0,3,1,135,,181609,0.616
unlab,1077,4688,2116,1921,66.0,4,1,123,,297750,0.616
unlab,1683,3664,2026,1995,348.0,4,1,143,,220475,0.616
unlab,2607,2960,2039,1972,18.0,6,1,137,,182304,0.616
unlab,3745,3600,2092,1844,144.0,7,1,101,,219323,0.616
unlab,5745,10768,1551,1499,204.0,10,1,142,,598957,0.616
unlab,6042,3920,2128,2023,54.0,11,1,157,,258769,0.616
unlab,6257,3472,2001,1750,204.0,11,1,143,,218921,0.616
unlab,6261,2704,1913,1682,210.0,11,3,153,,63448,0.616
unlab,6956,10640,1879,1588,120.0,13,1,164,,608712,0.616
unlab,7732,4624,2209,1981,60.0,17,1,114,,299410,0.616
unlab,8829,4048,2630,2600,42.0,58,1,145,,264858,0.616
unlab,8890,6288,1779,1143,204.0,63,2,109,,349599,0.616
unlab,8960,3600,2620,1400,132.0,70,1,168,,225556,0.616
wedge,772,2768,2247,625,168.0,73,,,1,169299,0.616
wedge,2448,7728,1653,3018,342.0,62,,,1,402072,0.616
wedge,3354,10672,2188,626,156.0,84,,,1,604442,0.616
unlab,223,10448,1773,1492,192.0,2,1,188,,565795,0.608
unlab,609,2960,2014,1830,156.0,3,1,131,,181471,0.608
unlab,1088,3408,2092,1882,72.0,4,1,137,,218989,0.608
unlab,1224,2512,1999,1709,144.0,4,1,226,,152289,0.608
unlab,1236,3408,2068,1821,150.0,4,1,130,,198926,0.608
unlab,2053,7888,2019,1835,150.0,5,1,130,,412522,0.608
unlab,2257,2768,1942,1788,228.0,5,1,150,,165456,0.608
unlab,2900,3024,2075,1804,138.0,6,1,147,,181671,0.608
unlab,2974,3984,2053,1879,162.0,6,1,139,,257905,0.608
unlab,2983,11152,973,2278,162.0,6,1,147,,649839,0.608
unlab,3776,9616,1914,1678,156.0,7,1,161,,484485,0.608
unlab,4368,8720,1945,1762,78.0,8,1,148,,223883,0.608
unlab,4403,9744,1960,1657,90.0,8,1,149,,500518,0.608
unlab,7317,3344,1817,1882,276.0,14,1,137,,191160,0.608
unlab,8356,1808,1451,1748,300.0,25,1,143,,63448,0.608
unlab,8776,3152,1663,2645,336.0,53,1,133,,178703,0.608
unlab,8872,1360,2014,2493,18.0,62,1,128,,85702,0.608
unlab,8947,5840,2530,2543,36.0,69,1,165,,341663,0.608
unlab,459,4432,2097,1963,48.0,3,1,140,,288485,0.6
unlab,892,10640,1702,1714,318.0,3,1,168,,599301,0.6
unlab,1774,11088,1046,2151,30.0,5,1,138,,653429,0.6
unlab,1906,9616,1946,1732,90.0,5,1,157,,484420,0.6
unlab,3628,10320,1860,1655,90.0,7,1,179,,538314,0.6
unlab,4661,10064,1780,1560,234.0,8,2,156,,512416,0.6
unlab,6364,2064,1730,1586,270.0,11,1,138,,119847,0.6
unlab,6711,3728,1906,1879,240.0,12,1,130,,234034,0.6
unlab,8454,2576,1750,2091,324.0,28,1,144,,148567,0.6
unlab,118,8016,1980,1860,114.0,2,1,153,,412755,0.592
unlab,374,3792,2010,2012,354.0,2,1,166,,241352,0.592
unlab,712,2384,1889,1651,210.0,3,1,168,,142279,0.592
unlab,758,4368,1998,1908,228.0,3,1,104,,288159,0.592
unlab,837,3216,1990,1843,288.0,3,1,137,,199270,0.592
unlab,1296,11024,1136,1956,168.0,4,2,164,,653087,0.592
unlab,1365,7504,2021,1885,204.0,4,1,143,,389389,0.592
unlab,1626,3216,1983,1891,324.0,4,1,124,,200690,0.592
unlab,1665,9360,1886,1826,336.0,4,1,137,,371670,0.592
unlab,2290,9168,1803,1786,240.0,5,1,152,,442759,0.592
unlab,2508,10320,1729,1744,324.0,5,1,208,,538372,0.592
unlab,2907,8272,1926,1845,138.0,6,1,160,,223883,0.592
unlab,3082,10704,1693,1558,210.0,6,1,156,,598714,0.592
unlab,3128,11088,969,2057,228.0,6,1,156,,650167,0.592
unlab,3739,10832,1697,1674,138.0,7,1,174,,636249,0.592
unlab,3763,4624,2095,1822,150.0,7,1,140,,297245,0.592
unlab,4435,4624,2118,1871,108.0,8,1,147,,299922,0.592
unlab,4444,8912,1890,1736,108.0,8,1,131,,449316,0.592
unlab,4474,4304,2089,1884,126.0,8,1,136,,287781,0.592
unlab,4730,10768,1566,1715,264.0,8,1,205,,598839,0.592
unlab,4890,1488,1737,1726,0.0,9,1,176,,63448,0.592
unlab,5161,3280,2059,1773,162.0,9,1,112,,199511,0.592
unlab,5273,10832,1390,1793,246.0,9,1,117,,588273,0.592
unlab,5970,2128,1795,1658,318.0,10,2,140,,126346,0.592
unlab,6029,9872,1952,1754,36.0,11,1,180,,500563,0.592
unlab,6771,1424,1615,1620,276.0,12,1,112,,94303,0.592
unlab,7511,10448,1682,1652,282.0,15,1,181,,567180,0.592
unlab,8300,10128,1934,1305,162.0,24,1,149,,476993,0.592
unlab,8571,9936,1537,1953,312.0,33,1,141,,514115,0.592
unlab,8623,10576,1314,2137,318.0,37,1,146,,560248,0.592
unlab,8984,4496,1375,2127,288.0,72,1,177,,281655,0.592
unlab,498,3792,2048,1930,78.0,3,1,122,,242657,0.584
unlab,633,1872,1761,1460,168.0,3,1,141,,63448,0.584
unlab,727,3792,1995,1890,216.0,3,1,137,,240340,0.584
unlab,1356,3664,2016,1890,204.0,4,1,138,,220584,0.584
unlab,1504,4368,1980,1934,270.0,4,2,158,,288310,0.584
unlab,2074,1552,1767,1434,162.0,5,1,154,,94528,0.584
unlab,2533,8912,1805,1825,336.0,5,1,154,,442540,0.584
unlab,2863,4176,2174,1857,120.0,6,1,122,,272611,0.584
unlab,3049,5648,2072,1884,204.0,6,1,140,,223883,0.584
unlab,3088,3280,2003,1801,216.0,6,2,129,,199510,0.584
unlab,3387,2064,1791,1659,330.0,6,1,156,,63448,0.584
unlab,3727,2768,2066,1745,138.0,7,1,128,,165416,0.584
unlab,3853,3984,1997,1862,204.0,7,1,154,,257905,0.584
unlab,4005,9936,1762,1630,258.0,7,1,168,,512145,0.584
unlab,4889,10832,1525,1921,354.0,8,2,151,,600524,0.584
unlab,5837,3920,1805,1902,258.0,10,1,174,,252286,0.584
unlab,6748,8912,1712,1726,258.0,12,1,150,,442496,0.584
unlab,8848,1360,2014,2494,18.0,60,1,116,,85702,0.584
unlab,8903,10320,1089,1021,228.0,64,1,125,,529334,0.584
unlab,8961,10320,2484,889,138.0,70,1,144,,550341,0.584
unlab,8968,1360,1830,2604,6.0,71,1,133,,80294,0.584
unlab,192,4304,2039,1870,180.0,2,1,127,,287749,0.576
unlab,242,8080,1898,1835,204.0,2,1,142,,395683,0.576
unlab,432,11088,1038,2138,30.0,3,1,134,,650347,0.576
unlab,612,4176,2084,1852,156.0,3,1,140,,271742,0.576
unlab,959,3408,2042,1931,0.0,4,1,134,,220959,0.576
unlab,1120,6544,2255,1974,90.0,4,1,132,,223883,0.576
unlab,1340,3664,2022,1889,198.0,4,1,130,,220584,0.576
unlab,1418,9424,1859,1701,222.0,4,1,130,,465348,0.576
unlab,1574,4048,2017,1986,306.0,4,1,168,,259101,0.576
unlab,1605,10960,1195,1972,312.0,4,1,160,,629691,0.576
unlab,2459,10832,1485,1891,306.0,5,1,185,,637968,0.576
unlab,2534,9360,1884,1830,336.0,5,2,171,,469820,0.576
unlab,2535,10448,1765,1708,336.0,5,1,159,,566761,0.576
unlab,2831,9872,1939,1642,102.0,6,1,145,,500909,0.576
unlab,3364,10832,1493,1900,318.0,6,2,219,,600524,0.576
unlab,3753,9424,1955,1720,144.0,7,1,146,,469958,0.576
unlab,4583,8400,1826,1705,198.0,8,1,166,,409097,0.576
unlab,5169,4688,2074,1780,174.0,9,1,126,,297535,0.576
unlab,5508,10384,1872,1756,54.0,10,1,156,,547286,0.576
unlab,7329,10448,1687,1651,282.0,14,1,190,,567197,0.576
unlab,8264,8848,1695,1412,210.0,23,1,149,,223883,0.576
unlab,8669,9424,1422,1875,282.0,42,1,149,,466206,0.576
unlab,8774,6736,1743,2340,312.0,53,1,124,,223883,0.576
unlab,8851,10768,2306,2452,42.0,60,1,217,,613751,0.576
unlab,8853,1360,2374,1022,132.0,60,1,158,,49843,0.576
wedge,2060,6384,2660,1806,108.0,67,,,1,223883,0.576
wedge,2699,8560,2260,1428,132.0,51,,,1,423147,0.576
unlab,4094,2704,1928,1855,300.0,7,1,114,,63448,0.573
unlab,256,9424,1897,1737,216.0,2,1,139,,371670,0.568
unlab,351,3984,2010,1983,330.0,2,1,136,,259078,0.568
unlab,531,1168,1998,1502,108.0,3,1,161,,67743,0.568
unlab,922,3728,2000,1986,336.0,3,1,161,,242270,0.568
unlab,1159,3152,2088,1806,120.0,4,1,127,,181365,0.568
unlab,1377,3664,2011,1892,210.0,4,1,134,,220584,0.568
unlab,1517,1488,1666,1640,282.0,4,1,167,,78218,0.568
unlab,1639,1936,1703,1652,330.0,4,1,164,,119802,0.568
unlab,1999,9872,1946,1594,132.0,5,1,150,,500829,0.568
unlab,2324,4368,1974,1922,258.0,5,1,107,,288152,0.568
unlab,2363,3024,1938,1874,276.0,5,1,154,,180921,0.568
unlab,2544,9872,1857,1723,342.0,5,1,179,,493624,0.568
unlab,3291,4048,1976,1994,294.0,6,1,156,,259212,0.568
unlab,3557,3984,2101,1973,66.0,7,1,156,,258792,0.568
unlab,3983,4624,1971,1864,252.0,7,1,166,,299398,0.568
unlab,4840,8848,1817,1822,324.0,8,1,159,,409097,0.568
unlab,5343,10000,1771,1626,282.0,9,1,164,,512515,0.568
unlab,5452,9808,1885,1808,12.0,10,1,172,,465347,0.568
unlab,6676,2704,1910,1678,210.0,12,2,136,,63448,0.568
unlab,8178,9744,2076,1863,42.0,22,1,141,,501041,0.568
unlab,8944,10768,1434,2746,348.0,68,1,137,,561305,0.568
unlab,8981,3600,2364,897,162.0,72,1,124,,218103,0.568
wedge,1061,3600,2657,1370,132.0,81,,,1,111481,0.568
wedge,1409,4432,1566,2749,330.0,84,,,1,206505,0.568
wedge,2614,8336,1447,2169,306.0,38,,,1,425300,0.568
unlab,271,7312,2064,1947,246.0,2,1,103,,389389,0.56
unlab,593,3280,2058,1815,144.0,3,1,117,,199570,0.56
unlab,705,8080,1896,1830,204.0,3,2,151,,395683,0.56
unlab,807,10576,1674,1660,264.0,3,1,251,,598074,0.56
unlab,936,9872,1861,1712,342.0,3,2,166,,493371,0.56
unlab,1259,6864,2195,1909,156.0,4,1,109,,374396,0.56
unlab,1697,3152,2012,1915,354.0,4,1,107,,182164,0.56
unlab,2486,6928,2081,2006,318.0,5,1,149,,374524,0.56
unlab,2545,11024,1099,2086,342.0,5,1,153,,652337,0.56
unlab,2718,9488,1960,1794,60.0,6,2,146,,483798,0.56
unlab,2786,8976,1888,1753,84.0,6,1,147,,449316,0.56
unlab,2911,9424,1958,1726,138.0,6,1,149,,469958,0.56
unlab,2963,9488,1923,1708,156.0,6,1,157,,483776,0.56
unlab,3794,2128,1892,1422,168.0,7,1,154,,130581,0.56
unlab,5079,9744,1968,1622,114.0,9,1,144,,484463,0.56
unlab,5179,4688,2034,1768,192.0,9,1,103,,297694,0.56
unlab,5411,9872,1785,1784,324.0,9,1,165,,493252,0.56
unlab,5606,2960,2094,1839,102.0,10,1,163,,152072,0.56
unlab,5736,10320,1746,1507,198.0,10,1,118,,538419,0.56
unlab,5992,10128,1762,1778,336.0,10,1,198,,538498,0.56
unlab,6840,8656,1775,1978,336.0,12,1,158,,432784,0.56
unlab,6977,7504,2126,1819,156.0,13,1,182,,395511,0.56
unlab,7140,8656,1892,2070,6.0,14,1,142,,439106,0.56
unlab,7630,912,2192,1311,150.0,16,1,152,,49843,0.56
unlab,8684,7632,2406,2136,66.0,44,1,136,,398770,0.56
unlab,8742,3152,1320,2073,288.0,50,1,128,,172092,0.56
unlab,8859,9424,2547,2048,66.0,61,1,163,,473630,0.56
unlab,8879,3152,2378,1040,156.0,62,1,180,,186052,0.56
unlab,8911,10320,1078,1010,228.0,65,1,166,,531192,0.56
wedge,1080,3632,2655,1355,132.0,79,,,1,111481,0.56
wedge,1774,5552,2628,1811,108.0,67,,,2,223883,0.56
unlab,197,11152,940,2311,180.0,2,1,160,,649780,0.552
unlab,748,9680,1826,1616,222.0,3,1,176,,479066,0.552
unlab,861,1296,1671,1670,306.0,3,1,140,,78392,0.552
unlab,950,10448,1786,1700,348.0,3,2,139,,566610,0.552
unlab,1514,10000,1798,1614,276.0,4,1,157,,493252,0.552
unlab,1572,3600,1984,1964,306.0,4,1,149,,220691,0.552
unlab,1603,10512,1712,1701,312.0,4,1,205,,567228,0.552
unlab,1692,10448,1784,1707,348.0,4,2,143,,566610,0.552
unlab,1787,8848,1913,1778,36.0,5,2,175,,449316,0.552
unlab,1868,9872,1930,1671,72.0,5,2,163,,500909,0.552
unlab,2013,8272,1921,1850,138.0,5,1,131,,408922,0.552
unlab,2435,8976,1794,1773,300.0,5,2,156,,442540,0.552
unlab,2905,7056,2201,1887,138.0,6,2,153,,381754,0.552
unlab,3141,9424,1839,1710,234.0,6,1,126,,465348,0.552
unlab,3146,10704,1612,1551,234.0,6,2,138,,598597,0.552
unlab,3673,8272,1944,1865,114.0,7,1,137,,223883,0.552
unlab,4080,3920,1902,2004,294.0,7,1,136,,253630,0.552
unlab,4769,8848,1819,1754,288.0,8,3,134,,409097,0.552
unlab,5076,7888,2061,1856,114.0,9,1,121,,412537,0.552
unlab,6022,7504,2188,2195,30.0,11,1,154,,223883,0.552
unlab,6674,10320,1749,1554,204.0,12,1,158,,538377,0.552
unlab,7683,10448,1585,1649,276.0,16,1,192,,567011,0.552
unlab,8023,4048,1840,1865,246.0,19,1,113,,252319,0.552
unlab,8653,8528,2218,2139,48.0,41,1,149,,428977,0.552
unlab,8792,6224,2553,1793,114.0,55,1,119,,223883,0.552
unlab,8811,3728,1432,1606,240.0,56,1,118,,232518,0.552
unlab,8938,6288,1766,1113,204.0,68,1,153,,349641,0.552
unlab,8954,9424,1206,1250,234.0,69,1,146,,463364,0.552
wedge,989,3440,1894,610,186.0,68,,,1,197687,0.552
wedge,1109,3696,2448,947,156.0,79,,,1,218052,0.552
wedge,1356,4336,2700,1431,126.0,61,,,1,265936,0.552
unlab,5920,9168,1746,1855,288.0,10,1,193,,442680,0.547
unlab,79,2320,1952,1636,78.0,2,1,136,,142008,0.544
unlab,1235,3280,2073,1780,150.0,4,1,146,,199511,0.544
unlab,1417,9040,1777,1766,222.0,4,1,156,,442540,0.544
unlab,1429,6288,2096,1912,228.0,4,1,148,,351615,0.544
unlab,2016,9616,1943,1673,138.0,5,1,145,,484404,0.544
unlab,2158,9552,1856,1575,198.0,5,2,147,,484133,0.544
unlab,2182,10320,1767,1594,204.0,5,1,132,,538377,0.544
unlab,2362,2768,1883,1842,276.0,5,1,134,,152549,0.544
unlab,3125,10448,1757,1586,228.0,6,1,144,,566702,0.544
unlab,3135,5712,2066,1925,234.0,6,1,130,,338086,0.544
unlab,3500,9872,1934,1730,36.0,7,1,153,,500563,0.544
unlab,3897,3728,1982,1903,222.0,7,1,160,,242318,0.544
unlab,4602,10448,1750,1511,204.0,8,1,140,,566822,0.544
unlab,4617,2256,1834,1541,216.0,8,1,144,,126517,0.544
unlab,4949,8400,1949,1900,54.0,9,1,122,,428684,0.544
unlab,5407,5328,2019,2070,324.0,9,1,151,,326151,0.544
unlab,6501,2960,2109,2006,36.0,12,1,125,,167268,0.544
unlab,6931,8144,1994,1872,102.0,13,1,146,,223883,0.544
unlab,7046,3920,1851,1870,246.0,13,1,107,,253582,0.544
unlab,7322,9744,1704,1677,276.0,14,1,177,,479450,0.544
unlab,8143,1424,1796,1477,150.0,21,1,151,,63448,0.544
unlab,8293,4112,2364,1841,108.0,24,1,121,,121319,0.544
unlab,8332,2704,2229,1991,54.0,25,1,151,,152975,0.544
wedge,343,1712,2236,2536,30.0,80,,,1,115555,0.544
wedge,585,2256,2312,643,156.0,58,,,1,140212,0.544
unlab,64,9872,1925,1681,60.0,2,1,164,,500818,0.536
unlab,136,9552,1962,1664,132.0,2,1,131,,484872,0.536
unlab,462,7504,2112,2019,48.0,3,1,146,,390101,0.536
unlab,1004,1232,1848,1625,30.0,4,2,114,,78314,0.536
unlab,1107,6544,2252,1982,84.0,4,1,158,,223883,0.536
unlab,1177,7824,2039,1875,126.0,4,1,145,,223883,0.536
unlab,1353,10320,1759,1549,198.0,4,1,163,,538377,0.536
unlab,1664,8528,1816,1870,336.0,4,1,189,,424174,0.536
unlab,1871,10832,1618,1884,72.0,5,1,156,,637910,0.536
unlab,1926,3216,2107,1805,108.0,5,1,136,,198425,0.536
unlab,3224,8976,1786,1742,264.0,6,1,149,,442540,0.536
unlab,3333,9360,1809,1849,306.0,6,1,172,,465666,0.536
unlab,3502,3792,2068,1978,42.0,7,1,148,,242657,0.536
unlab,3648,9168,1911,1807,102.0,7,1,163,,449316,0.536
unlab,3654,2128,1915,1570,108.0,7,1,179,,130716,0.536
unlab,3798,7312,2136,1842,168.0,7,1,154,,382080,0.536
unlab,3844,10320,1752,1527,198.0,7,1,125,,538419,0.536
unlab,3880,3280,1999,1796,216.0,7,3,117,,199510,0.536
unlab,4717,3152,1935,1837,264.0,8,1,139,,182249,0.536
unlab,4927,8976,1926,1870,36.0,9,1,171,,450837,0.536
unlab,5103,10704,1832,1583,126.0,9,1,120,,598724,0.536
unlab,5158,1616,1737,1466,162.0,9,1,187,,94528,0.536
unlab,5429,9296,1866,2010,342.0,9,1,147,,461155,0.536
unlab,5703,2128,1963,1405,150.0,10,1,162,,128887,0.536
unlab,7137,10640,1656,1945,342.0,13,1,150,,601261,0.536
unlab,7530,3792,1858,2070,312.0,15,1,145,,234035,0.536
unlab,7537,11024,1007,2136,318.0,15,1,177,,631007,0.536
unlab,8693,8528,1424,2272,318.0,44,1,145,,425118,0.536
unlab,8777,4944,2413,2592,30.0,54,1,141,,305920,0.536
unlab,8826,1360,2014,2495,18.0,58,1,142,,85702,0.536
wedge,2029,6288,2511,813,162.0,88,,,1,355108,0.536
wedge,2035,6320,2647,1792,108.0,66,,,1,223883,0.533
unlab,574,9872,1909,1628,132.0,3,1,179,,500851,0.528
unlab,764,1104,1876,1503,234.0,3,2,162,,67732,0.528
unlab,1049,3408,2082,1894,54.0,4,1,162,,200569,0.528
unlab,1163,4304,2094,1888,120.0,4,1,127,,287781,0.528
unlab,1322,8144,1898,1812,186.0,4,1,124,,412880,0.528
unlab,1357,3920,2006,1905,204.0,4,1,128,,251974,0.528
unlab,1570,1296,1667,1674,306.0,4,1,140,,78392,0.528
unlab,1873,3792,2065,1934,78.0,5,1,148,,242653,0.528
unlab,1929,3600,2107,1907,108.0,5,1,118,,220584,0.528
unlab,2078,4240,2092,1835,162.0,5,1,135,,271742,0.528
unlab,2205,9488,1856,1682,210.0,5,2,156,,453587,0.528
unlab,3689,8400,1911,1821,120.0,7,1,128,,408922,0.528
unlab,3957,9808,1790,1636,240.0,7,1,180,,493530,0.528
unlab,4091,8848,1820,1761,294.0,7,3,157,,409097,0.528
unlab,4457,8592,1914,1762,114.0,8,1,127,,423895,0.528
unlab,5723,3536,2036,1763,174.0,10,1,140,,219152,0.528
unlab,5754,1232,1754,1486,216.0,10,1,159,,78158,0.528
unlab,5836,3152,1930,1827,258.0,10,1,144,,182249,0.528
unlab,6721,3920,1856,1873,246.0,12,1,133,,253582,0.528
unlab,7272,3152,1822,1627,222.0,14,1,122,,175555,0.528
unlab,7548,9552,1982,1898,24.0,16,1,151,,485161,0.528
unlab,8051,9104,1765,2083,342.0,19,1,100,,223883,0.528
unlab,8213,10576,1586,1404,210.0,22,1,167,,565928,0.528
unlab,8239,2832,1822,2121,330.0,22,1,158,,162010,0.528
unlab,8689,8080,2317,1518,132.0,44,1,131,,412939,0.528
unlab,8747,2256,1408,1606,270.0,51,1,153,,124185,0.528
unlab,8748,3152,1321,2073,288.0,51,1,128,,172092,0.528
unlab,8865,9872,1147,1499,258.0,61,1,145,,489920,0.528
unlab,8881,6288,1782,1150,204.0,62,1,152,,349668,0.528
unlab,9001,4496,1346,1985,276.0,74,1,163,,281616,0.528
unlab,9012,3600,2762,1694,108.0,76,1,158,,227512,0.528
wedge,736,2640,2317,794,162.0,69,,,1,140585,0.528
wedge,759,2736,2247,608,168.0,77,,,1,169299,0.528
wedge,1759,5520,2626,1802,108.0,67,,,2,223883,0.528
wedge,2015,6256,2644,1802,108.0,70,,,2,223883,0.528
wedge,2835,8880,1488,2392,330.0,60,,,1,441187,0.528
unlab,23,10704,1757,1686,18.0,2,1,148,,598650,0.52
unlab,567,10960,1285,1898,126.0,3,1,134,,588341,0.52
unlab,628,4304,2052,1881,162.0,3,1,135,,287242,0.52
unlab,985,2832,2003,1886,18.0,4,1,112,,166495,0.52
unlab,1199,7824,2039,1867,132.0,4,1,142,,223883,0.52
unlab,1607,2448,1909,1776,318.0,4,1,134,,63448,0.52
unlab,2726,2128,1927,1621,66.0,6,1,135,,122464,0.52
unlab,2897,1424,1786,1536,138.0,6,1,170,,63448,0.52
unlab,3079,9360,1856,1692,210.0,6,1,150,,465348,0.52
unlab,3147,976,1936,1430,240.0,6,1,165,,53398,0.52
unlab,3479,3792,2062,1998,30.0,7,1,142,,242657,0.52
unlab,3676,9104,1913,1791,114.0,7,1,170,,459335,0.52
unlab,3878,3152,1934,1729,216.0,7,1,136,,181418,0.52
unlab,4057,8144,1816,1910,282.0,7,1,144,,395683,0.52
unlab,4801,8528,1693,1915,306.0,8,1,162,,425094,0.52
unlab,4996,8400,1942,1867,72.0,9,1,150,,428684,0.52
unlab,5120,1424,1814,1505,138.0,9,1,184,,94434,0.52
unlab,5150,5968,2182,1861,150.0,9,1,157,,223883,0.52
unlab,5461,6160,2169,2099,24.0,10,1,124,,352377,0.52
unlab,6111,8208,1979,1879,84.0,11,1,162,,223883,0.52
unlab,6517,4560,2286,2010,60.0,12,1,133,,287561,0.52
unlab,6799,8912,1685,1802,288.0,12,1,126,,442740,0.52
unlab,7639,10128,1798,1309,186.0,16,1,162,,223883,0.52
unlab,7925,7376,1948,1940,258.0,18,1,142,,388982,0.52
unlab,8471,8400,1650,1745,246.0,29,1,173,,423945,0.52
unlab,8816,3152,1658,2656,336.0,56,1,116,,178919,0.52
unlab,8894,8528,1562,2678,342.0,63,1,138,,426539,0.52
unlab,8941,10320,1027,1098,234.0,68,1,126,,531190,0.52
wedge,1793,5584,2630,1813,108.0,68,,,1,223883,0.52
unlab,340,3728,1994,1977,324.0,2,1,165,,242199,0.512
unlab,831,7824,1924,1924,282.0,3,1,164,,404683,0.512
unlab,982,10960,1269,2013,12.0,4,1,180,,629654,0.512
unlab,1105,4880,2121,1957,84.0,4,1,118,,311184,0.512
unlab,1839,10896,1578,1970,60.0,5,1,110,,638455,0.512
unlab,2054,9104,1884,1761,150.0,5,1,162,,449316,0.512
unlab,2216,3728,1980,1891,216.0,5,1,119,,242229,0.512
unlab,2339,8272,1811,1885,264.0,5,1,132,,409177,0.512
unlab,2619,3920,2050,2002,24.0,6,1,117,,258792,0.512
unlab,2701,7952,2006,1924,54.0,6,1,156,,404394,0.512
unlab,2785,8848,1965,1743,84.0,6,1,171,,449381,0.512
unlab,3200,4496,1953,1896,258.0,6,1,103,,287643,0.512
unlab,3485,9168,1911,1910,30.0,7,1,140,,459586,0.512
unlab,3501,1872,1790,1666,42.0,7,1,169,,63448,0.512
unlab,3992,11088,962,2081,252.0,7,1,136,,650167,0.512
unlab,4009,3280,1923,1834,264.0,7,1,143,,198625,0.512
unlab,4189,9424,1849,1928,336.0,7,1,119,,461155,0.512
unlab,4277,2576,2048,1858,42.0,8,1,123,,152019,0.512
unlab,4437,4944,2127,1928,108.0,8,1,143,,310035,0.512
unlab,4616,10576,1682,1570,210.0,8,2,147,,567035,0.512
unlab,4994,7824,2074,1936,72.0,9,1,135,,223883,0.512
unlab,5072,4624,2155,1848,114.0,9,1,194,,297343,0.512
unlab,5423,8784,1757,1972,336.0,9,1,174,,434406,0.512
unlab,5832,8912,1750,1724,252.0,10,1,141,,442690,0.512
unlab,5838,4048,1948,1937,258.0,10,1,131,,259152,0.512
unlab,5872,8144,1800,1891,270.0,10,1,151,,395683,0.512
unlab,6391,2064,1728,1609,282.0,11,1,150,,119847,0.512
unlab,6705,3984,1846,1807,234.0,12,1,138,,252240,0.512
unlab,7000,9168,1799,1686,204.0,13,1,156,,442653,0.512
unlab,7665,3920,1838,1865,246.0,16,1,146,,253582,0.512
unlab,7717,10960,1110,2165,330.0,16,1,162,,629416,0.512
unlab,8174,2448,2102,2016,30.0,22,1,122,,142681,0.512
unlab,8759,2256,1480,1244,228.0,52,1,147,,126036,0.512
unlab,8949,1808,2291,1845,66.0,69,1,148,,113839,0.512
unlab,8959,4048,2788,1632,114.0,70,1,187,,111481,0.512
unlab,9002,4496,1368,2129,288.0,74,1,142,,281656,0.512
unlab,9008,4496,1368,2129,288.0,75,2,142,,281656,0.512
unlab,9033,10320,1218,2653,330.0,79,1,156,,533447,0.512
wedge,746,2704,2707,1502,114.0,75,,,2,155285,0.512
wedge,1434,4464,1568,2735,330.0,89,,,1,206505,0.512
unlab,2132,4304,2032,1854,186.0,5,1,145,,285745,0.51
unlab,39,3280,2063,1883,36.0,2,1,138,,198787,0.504
unlab,403,10128,1845,1694,12.0,3,1,210,,512815,0.504
unlab,745,5392,2051,1922,222.0,3,1,172,,326252,0.504
unlab,1129,10128,1933,1613,96.0,4,1,164,,545717,0.504
unlab,1213,7888,2030,1842,138.0,4,1,131,,223883,0.504
unlab,1214,8784,1905,1686,138.0,4,1,138,,223883,0.504
unlab,1304,5136,2078,1913,174.0,4,1,193,,318177,0.504
unlab,1370,9168,1832,1760,204.0,4,1,144,,442653,0.504
unlab,1395,3728,1986,1900,216.0,4,1,146,,242318,0.504
unlab,1400,6288,2100,1897,216.0,4,2,140,,351615,0.504
unlab,1592,4752,1991,1966,312.0,4,1,129,,223883,0.504
unlab,1872,11152,990,2396,72.0,5,1,152,,655456,0.504
unlab,2266,7312,2045,1910,228.0,5,1,141,,389926,0.504
unlab,2840,8592,1909,1772,108.0,6,1,149,,437546,0.504
unlab,2938,4048,2084,1906,150.0,6,1,144,,259387,0.504
unlab,3038,8208,1871,1786,198.0,6,3,149,,409177,0.504
unlab,3044,2064,1802,1516,204.0,6,1,148,,63448,0.504
unlab,3460,9744,1908,1741,12.0,7,1,200,,500490,0.504
unlab,3602,4688,2160,1907,84.0,7,1,108,,223883,0.504
unlab,3633,4688,2187,1883,96.0,7,1,147,,299611,0.504
unlab,3857,8208,1876,1819,204.0,7,2,167,,409177,0.504
unlab,4298,3984,2126,2011,54.0,8,1,166,,258761,0.504
unlab,4439,7376,2176,1942,108.0,8,1,176,,389422,0.504
unlab,4921,3216,2123,1966,36.0,9,2,144,,200022,0.504
unlab,5199,3408,1961,1682,204.0,9,1,112,,219561,0.504
unlab,5765,4240,1999,1836,222.0,10,1,100,,271821,0.504
unlab,7012,8272,1767,1733,216.0,13,1,146,,409097,0.504
unlab,7025,1680,1602,1514,234.0,13,1,170,,109566,0.504
unlab,7470,10128,1656,1467,228.0,15,1,163,,513018,0.504
unlab,7482,3920,1842,1866,246.0,15,1,137,,253582,0.504
unlab,7628,10256,2018,1482,138.0,16,1,146,,547257,0.504
unlab,8170,2832,1824,2118,330.0,21,1,141,,162010,0.504
unlab,8754,8528,2304,1804,90.0,52,1,123,,223883,0.504
unlab,8765,2256,2457,2245,42.0,53,2,142,,134247,0.504
unlab,8827,4496,2430,2602,30.0,58,1,131,,293311,0.504
unlab,8891,9424,1219,1260,234.0,63,1,167,,463369,0.504
unlab,9016,4496,1367,2129,288.0,76,1,141,,281656,0.504
wedge,3300,10544,2533,1892,72.0,64,,,1,552047,0.504
wedge,3402,10768,2406,2275,54.0,64,,,1,618369,0.504
unlab,3080,9488,1854,1678,210.0,6,3,144,,453587,0.5
unlab,61,10192,1870,1706,54.0,2,1,160,,512625,0.496
unlab,175,3728,2028,1896,168.0,2,1,141,,242162,0.496
unlab,258,3792,1991,1893,222.0,2,1,160,,240340,0.496
unlab,324,4624,2023,1915,306.0,2,1,131,,288662,0.496
unlab,371,9104,1836,1885,348.0,2,1,148,,442759,0.496
unlab,399,7568,2058,2035,12.0,3,2,150,,389389,0.496
unlab,800,976,1938,1484,264.0,3,1,187,,67568,0.496
unlab,1095,1680,1746,1593,78.0,4,1,166,,63448,0.496
unlab,1334,7952,1951,1838,192.0,4,1,124,,412769,0.496
unlab,1345,7888,1967,1827,198.0,4,1,167,,412523,0.496
unlab,1368,8080,1893,1825,204.0,4,3,129,,395683,0.496
unlab,1866,9616,1940,1749,72.0,5,1,155,,484488,0.496
unlab,2002,10960,1299,1879,132.0,5,1,167,,588341,0.496
unlab,2125,1424,1712,1543,186.0,5,1,142,,62169,0.496
unlab,2172,6864,2132,1866,204.0,5,1,136,,366751,0.496
unlab,2175,8080,1891,1820,204.0,5,2,153,,395683,0.496
unlab,2223,6288,2096,1892,216.0,5,1,120,,351615,0.496
unlab,2303,9808,1808,1653,246.0,5,2,180,,493334,0.496
unlab,2354,7696,1932,1954,270.0,5,2,142,,395638,0.496
unlab,2559,10448,1783,1714,348.0,5,1,144,,566610,0.496
unlab,2599,10832,1547,1926,12.0,6,2,151,,638043,0.496
unlab,2703,9680,1984,1758,54.0,6,1,167,,470035,0.496
unlab,2822,3280,2103,1831,102.0,6,1,153,,198458,0.496
unlab,3051,6288,2097,1856,204.0,6,1,134,,223883,0.496
unlab,3053,7120,2102,1869,204.0,6,1,119,,374567,0.496
unlab,3063,10320,1765,1591,204.0,6,2,132,,538377,0.496
unlab,3186,8016,1871,1858,252.0,6,1,146,,395683,0.496
unlab,3208,9360,1805,1757,258.0,6,1,155,,465347,0.496
unlab,3231,4688,1982,1897,270.0,6,1,142,,297363,0.496
unlab,3347,4688,2008,1945,312.0,6,1,123,,299568,0.496
unlab,3421,7504,2004,2138,342.0,6,1,128,,395614,0.496
unlab,3656,3408,2112,1843,108.0,7,1,173,,197948,0.496
unlab,3668,3408,2110,1836,114.0,7,2,146,,197948,0.496
unlab,3802,3984,2042,1857,174.0,7,1,151,,257905,0.496
unlab,3860,10320,1764,1588,204.0,7,2,127,,538377,0.496
unlab,3946,10512,1636,1553,234.0,7,2,129,,566996,0.496
unlab,4459,10320,1865,1623,114.0,8,1,143,,546677,0.496
unlab,4600,10320,1762,1584,204.0,8,1,121,,538377,0.496
unlab,4710,8016,1865,1864,258.0,8,1,154,,395683,0.496
unlab,4917,3792,2067,2007,30.0,9,1,163,,242638,0.496
unlab,5482,3600,2163,2083,42.0,10,1,137,,220723,0.496
unlab,5558,8720,1962,1766,78.0,10,1,171,,428488,0.496
unlab,5571,8208,1971,1878,84.0,10,1,139,,421211,0.496
unlab,5644,11024,1278,1937,114.0,10,1,126,,628155,0.496
unlab,5945,1040,1829,1612,306.0,10,1,130,,63767,0.496
unlab,7101,8848,1777,1781,294.0,13,1,128,,409097,0.496
unlab,7220,9744,2009,1619,108.0,14,1,142,,484430,0.496
unlab,7721,9104,1769,2070,342.0,16,1,144,,223883,0.496
unlab,8030,6160,1961,1959,258.0,19,1,125,,352040,0.496
unlab,8241,2960,2037,2198,6.0,23,1,127,,183117,0.496
unlab,8414,10640,1820,1318,168.0,27,1,142,,574063,0.496
unlab,8671,2640,1699,2450,336.0,42,1,153,,149202,0.496
unlab,8779,4496,2505,2438,42.0,54,1,174,,293187,0.496
unlab,8786,2256,2469,2259,42.0,55,3,163,,134247,0.496
unlab,8933,4048,2810,2206,72.0,68,1,146,,266172,0.496
wedge,1106,3696,2660,1348,132.0,70,,,1,111481,0.496
wedge,1083,3632,2451,959,156.0,81,,,1,218052,0.493
unlab,44,2832,2026,1880,42.0,2,1,157,,165672,0.488
unlab,372,10448,1787,1694,348.0,2,1,158,,566610,0.488
unlab,442,9616,1919,1773,36.0,3,1,155,,480184,0.488
unlab,1619,1424,1685,1657,324.0,4,1,192,,94193,0.488
unlab,1647,9360,1871,1840,330.0,4,1,165,,371670,0.488
unlab,1749,8208,1924,1929,24.0,5,1,129,,421444,0.488
unlab,1863,8080,1972,1896,72.0,5,1,136,,413323,0.488
unlab,2248,9616,1835,1672,222.0,5,1,150,,479172,0.488
unlab,2792,1232,1951,1579,90.0,6,1,168,,82855,0.488
unlab,2931,11152,984,2319,144.0,6,1,137,,650397,0.488
unlab,3137,7824,1922,1858,234.0,6,1,175,,223883,0.488
unlab,3481,4816,2079,1996,30.0,7,1,130,,311412,0.488
unlab,3554,10640,1835,1716,60.0,7,1,152,,598288,0.488
unlab,3803,4176,2061,1832,174.0,7,1,123,,271789,0.488
unlab,3929,8080,1858,1825,228.0,7,1,139,,395683,0.488
unlab,4097,3408,1911,1941,300.0,7,1,137,,220793,0.488
unlab,4367,8656,1938,1799,78.0,8,1,136,,437676,0.488
unlab,4399,8656,1931,1783,90.0,8,1,140,,437671,0.488
unlab,4572,6288,2123,1876,192.0,8,2,161,,223883,0.488
unlab,5131,8080,1965,1825,138.0,9,1,153,,412767,0.488
unlab,5183,8144,1884,1786,192.0,9,1,152,,412880,0.488
unlab,5186,10960,1211,1744,192.0,9,1,184,,628050,0.488
unlab,5276,1488,1652,1597,252.0,9,1,170,,94420,0.488
unlab,5304,5648,2030,1974,264.0,9,1,156,,332195,0.488
unlab,5473,3216,2126,1969,36.0,10,2,130,,200022,0.488
unlab,5521,8272,1957,1936,60.0,10,1,154,,223883,0.488
unlab,5662,8912,1916,1696,126.0,10,1,169,,449687,0.488
unlab,5855,6160,2038,1984,264.0,10,1,128,,352077,0.488
unlab,6045,7440,2184,2062,54.0,11,1,155,,395570,0.488
unlab,6288,7120,2068,1881,228.0,11,1,157,,382562,0.488
unlab,6495,9552,1973,1877,24.0,12,1,151,,484053,0.488
unlab,6514,1296,1967,1709,60.0,12,1,108,,78218,0.488
unlab,6602,8336,1964,1829,108.0,12,1,154,,223883,0.488
unlab,6639,9424,2010,1688,132.0,12,1,154,,469995,0.488
unlab,6759,2192,1774,1582,270.0,12,1,147,,126588,0.488
unlab,7035,3408,1835,1746,240.0,13,1,140,,210586,0.488
unlab,7305,9616,1725,1697,258.0,14,1,165,,479337,0.488
unlab,7367,4048,2118,2159,18.0,15,2,137,,259307,0.488
unlab,7839,9104,1768,2074,342.0,17,2,166,,223883,0.488
unlab,7913,6224,2012,1890,234.0,18,1,134,,223883,0.488
unlab,7958,9104,1766,2079,342.0,18,2,151,,223883,0.488
unlab,7960,9744,2045,1925,30.0,19,1,164,,501692,0.488
unlab,8265,7120,2014,1775,216.0,23,1,127,,373563,0.488
unlab,8278,2896,2216,2211,30.0,24,1,139,,133475,0.488
unlab,8866,4496,1360,1913,270.0,61,1,141,,281431,0.488
unlab,8871,9872,1733,3044,354.0,61,1,146,,496799,0.488
unlab,8882,4496,1360,1913,270.0,62,1,141,,281431,0.488
unlab,8883,1808,976,2133,306.0,62,1,154,,104706,0.488
wedge,1239,4080,1930,865,186.0,56,,,1,254735,0.488
wedge,2044,6352,2652,1797,108.0,71,,,1,223883,0.488
unlab,112,3536,2089,1898,114.0,2,1,147,,220584,0.48
unlab,672,11088,1010,2053,186.0,3,1,138,,653327,0.48
unlab,693,10320,1761,1555,198.0,3,2,173,,538377,0.48
unlab,977,4112,2052,2002,12.0,4,1,127,,259267,0.48
unlab,1069,9104,1891,1842,60.0,4,1,135,,459401,0.48
unlab,1164,4368,2084,1900,120.0,4,1,158,,287325,0.48
unlab,1286,1936,1749,1524,168.0,4,2,144,,119761,0.48
unlab,1295,10384,1789,1598,168.0,4,1,158,,566549,0.48
unlab,1351,9552,1858,1580,198.0,4,1,146,,484133,0.48
unlab,1411,1296,1729,1548,222.0,4,1,196,,78353,0.48
unlab,1498,9808,1802,1668,264.0,4,1,194,,493334,0.48
unlab,1783,6352,2205,2044,36.0,5,1,171,,359412,0.48
unlab,1837,9744,1952,1693,60.0,5,1,140,,500428,0.48
unlab,2134,9488,1890,1664,186.0,5,1,148,,483776,0.48
unlab,2171,6288,2099,1861,204.0,5,1,147,,223883,0.48
unlab,2178,9168,1829,1753,204.0,5,1,144,,442653,0.48
unlab,2293,1104,1842,1497,246.0,5,1,194,,63538,0.48
unlab,2348,4368,1970,1934,270.0,5,3,126,,282798,0.48
unlab,2454,9040,1754,1850,306.0,5,1,255,,442680,0.48
unlab,2483,3600,1989,1976,318.0,5,2,126,,220391,0.48
unlab,3056,8208,1878,1825,204.0,6,1,192,,409177,0.48
unlab,3595,8656,1931,1798,78.0,7,2,135,,437671,0.48
unlab,4169,1680,1604,1742,330.0,7,1,165,,94240,0.48
unlab,4366,7248,2214,1984,78.0,8,1,151,,389653,0.48
unlab,4637,8720,1819,1681,222.0,8,1,137,,409097,0.48
unlab,4820,1872,1652,1690,318.0,8,1,161,,119737,0.48
unlab,4845,976,1975,1624,330.0,8,1,161,,67539,0.48
unlab,5004,8208,1980,1888,78.0,9,1,147,,223883,0.48
unlab,5016,8912,1941,1764,84.0,9,1,157,,449650,0.48
unlab,5018,9488,1993,1769,84.0,9,1,162,,469771,0.48
unlab,5040,10064,2013,1588,96.0,9,1,184,,523122,0.48
unlab,5077,8912,1895,1727,114.0,9,1,133,,449316,0.48
unlab,5163,3856,2074,1757,162.0,9,1,115,,258018,0.48
unlab,5332,7824,1877,1921,276.0,9,1,133,,404714,0.48
unlab,6430,5712,2037,2023,306.0,11,1,161,,337948,0.48
unlab,6585,6992,2250,1985,102.0,12,1,136,,223883,0.48
unlab,6647,1168,1954,1392,150.0,12,1,144,,62169,0.48
unlab,6685,9424,1759,1548,216.0,12,1,153,,223883,0.48
unlab,6858,4240,2128,2016,30.0,13,1,136,,272848,0.48
unlab,7010,6224,2037,1844,216.0,13,1,139,,351613,0.48
unlab,7142,3728,2080,2236,12.0,14,1,148,,241145,0.48
unlab,7156,6096,2246,2068,54.0,14,1,156,,223883,0.48
unlab,8212,5328,1952,1662,204.0,22,1,145,,325481,0.48
unlab,8298,1360,1943,1229,150.0,24,1,131,,81995,0.48
unlab,8576,10640,2173,1665,90.0,34,1,150,,608711,0.48
unlab,8621,10064,1434,1788,294.0,37,1,129,,507203,0.48
unlab,8670,3600,1508,2400,312.0,42,1,132,,217756,0.48
unlab,8801,2256,2475,2265,42.0,56,2,158,,134247,0.48
unlab,8930,1360,1285,2596,336.0,67,1,127,,75446,0.48
unlab,8943,1360,1285,2596,336.0,68,2,127,,75446,0.48
wedge,1340,4304,2711,1436,126.0,71,,,1,265936,0.48
unlab,90,10960,1308,1930,84.0,2,1,164,,588341,0.472
unlab,368,1360,1711,1674,348.0,2,1,169,,78536,0.472
unlab,411,10704,1759,1692,18.0,3,2,154,,598650,0.472
unlab,599,3152,2048,1796,150.0,3,1,136,,181307,0.472
unlab,634,1936,1747,1532,168.0,3,1,158,,119761,0.472
unlab,1036,9424,1959,1812,42.0,4,1,148,,469877,0.472
unlab,1108,7440,2126,1984,84.0,4,1,138,,395796,0.472
unlab,1149,11024,1208,1978,108.0,4,1,165,,629576,0.472
unlab,1170,1808,1823,1518,126.0,4,1,159,,63448,0.472
unlab,1533,6480,2094,1998,288.0,4,1,162,,223883,0.472
unlab,1809,6352,2200,2000,54.0,5,1,144,,359412,0.472
unlab,2015,9104,1901,1763,138.0,5,1,144,,459468,0.472
unlab,2214,3280,2007,1806,216.0,5,1,105,,199543,0.472
unlab,2608,4112,2070,2039,18.0,6,1,156,,259267,0.472
unlab,2798,7568,2113,1981,90.0,6,2,162,,396298,0.472
unlab,2859,2064,1889,1554,120.0,6,1,166,,122464,0.472
unlab,3055,8080,1889,1815,204.0,6,1,113,,412880,0.472
unlab,3097,8336,1810,1787,216.0,6,1,125,,409177,0.472
unlab,3419,4240,2023,2048,342.0,6,1,135,,273301,0.472
unlab,3438,3920,2020,2008,354.0,6,1,140,,258780,0.472
unlab,3818,9360,1892,1644,186.0,7,1,174,,469798,0.472
unlab,3971,8016,1877,1853,246.0,7,1,129,,395683,0.472
unlab,4000,8016,1872,1866,258.0,7,2,146,,395683,0.472
unlab,4002,8144,1818,1872,258.0,7,1,134,,395683,0.472
unlab,4030,8976,1768,1748,270.0,7,1,158,,442551,0.472
unlab,4166,976,1977,1622,330.0,7,1,161,,67539,0.472
unlab,4185,3792,1958,2062,336.0,7,1,130,,241352,0.472
unlab,4230,10832,1532,1929,0.0,8,1,120,,638043,0.472
unlab,4259,7952,2013,2006,24.0,8,1,113,,413227,0.472
unlab,4456,8272,1951,1862,114.0,8,1,135,,223883,0.472
unlab,4594,7440,2019,1865,204.0,8,1,125,,223883,0.472
unlab,4599,9360,1818,1581,204.0,8,1,126,,465436,0.472
unlab,4630,3664,1967,1860,222.0,8,1,106,,219373,0.472
unlab,4923,4496,2113,2024,36.0,9,1,128,,287546,0.472
unlab,5432,8656,1827,1949,348.0,9,1,147,,432899,0.472
unlab,5697,8144,1953,1827,144.0,10,1,148,,408922,0.472
unlab,5985,912,1998,1706,336.0,10,1,178,,56450,0.472
unlab,5998,4560,2025,2019,348.0,10,1,145,,287353,0.472
unlab,6026,3216,2128,1973,36.0,11,1,132,,200022,0.472
unlab,6232,7376,2147,1841,156.0,11,1,155,,389110,0.472
unlab,6730,976,1820,1420,252.0,12,1,156,,53398,0.472
unlab,7061,8464,1737,1787,252.0,13,1,132,,424036,0.472
unlab,7900,6288,2056,1808,210.0,18,3,138,,351613,0.472
unlab,7901,9616,1807,1590,210.0,18,2,199,,479321,0.472
unlab,7976,10000,2103,1635,84.0,19,1,118,,522889,0.472
unlab,8046,1936,1570,1883,330.0,19,1,148,,63448,0.472
unlab,8758,1488,2181,1224,132.0,52,1,132,,67414,0.472
unlab,9023,4496,1381,2203,294.0,77,1,134,,281604,0.472
wedge,3031,9552,2477,2714,30.0,81,,,1,474976,0.472
unlab,2246,9424,1854,1696,222.0,5,2,152,,465380,0.47
unlab,34,6736,2200,1996,30.0,2,2,152,,223883,0.464
unlab,129,9872,1910,1632,126.0,2,1,164,,500851,0.464
unlab,423,1232,1843,1617,30.0,3,3,135,,78229,0.464
unlab,428,4304,2065,1964,30.0,3,1,137,,259267,0.464
unlab,585,6544,2224,1919,138.0,3,1,138,,223883,0.464
unlab,608,2576,2011,1702,156.0,3,1,125,,152603,0.464
unlab,819,4112,1945,1956,276.0,3,1,127,,259371,0.464
unlab,872,10704,1657,1710,306.0,3,1,213,,599563,0.464
unlab,947,9168,1842,1892,348.0,3,1,119,,454992,0.464
unlab,1072,10896,1574,1968,60.0,4,1,166,,638455,0.464
unlab,1489,11024,1066,1992,258.0,4,2,155,,652718,0.464
unlab,1843,1680,1753,1608,66.0,5,1,171,,63448,0.464
unlab,2118,3600,2028,1861,180.0,5,3,124,,219373,0.464
unlab,2177,9040,1791,1754,204.0,5,1,152,,442540,0.464
unlab,2470,4240,2021,1954,312.0,5,1,123,,272802,0.464
unlab,2615,1232,1849,1640,24.0,6,1,183,,63448,0.464
unlab,2872,11088,1096,2051,120.0,6,1,156,,653291,0.464
unlab,2921,4688,2100,1844,144.0,6,1,136,,297671,0.464
unlab,3002,10896,1442,1799,174.0,6,1,150,,627683,0.464
unlab,3086,2384,1842,1594,216.0,6,1,154,,138200,0.464
unlab,3439,4624,2045,1989,354.0,6,1,135,,299890,0.464
unlab,3469,6032,2179,2079,24.0,7,1,147,,223883,0.464
unlab,3625,9168,1912,1818,90.0,7,3,132,,459619,0.464
unlab,3813,1488,1724,1503,186.0,7,1,162,,94418,0.464
unlab,3913,9424,1844,1685,222.0,7,1,155,,465380,0.464
unlab,4127,1808,1646,1660,312.0,7,1,166,,109957,0.464
unlab,4162,8016,1878,1961,324.0,7,1,153,,395683,0.464
unlab,4180,1808,1648,1756,336.0,7,1,139,,109603,0.464
unlab,4479,9168,1925,1770,126.0,8,1,145,,459335,0.464
unlab,4490,2448,1988,1689,138.0,8,1,113,,141684,0.464
unlab,4610,9232,1790,1667,210.0,8,1,191,,442653,0.464
unlab,4696,6416,2069,1947,252.0,8,1,118,,360006,0.464
unlab,4755,5648,2046,1998,282.0,8,1,138,,223883,0.464
unlab,4861,9424,1846,1933,336.0,8,1,150,,461155,0.464
unlab,5096,7440,2150,1919,126.0,9,1,152,,223883,0.464
unlab,5110,6032,2186,1921,132.0,9,1,133,,345063,0.464
unlab,5217,10576,1678,1563,210.0,9,1,151,,598261,0.464
unlab,5342,8848,1816,1748,282.0,9,1,134,,409097,0.464
unlab,5574,8720,1954,1756,84.0,10,1,167,,223883,0.464
unlab,5747,2704,1915,1686,210.0,10,2,115,,63448,0.464
unlab,5824,3088,1882,1790,252.0,10,1,142,,181958,0.464
unlab,5847,7376,2007,1953,258.0,10,1,142,,223883,0.464
unlab,6093,5456,2196,1996,78.0,11,1,131,,325666,0.464
unlab,6158,9168,1932,1794,108.0,11,1,146,,459335,0.464
unlab,6691,7376,1998,1869,222.0,12,1,117,,223883,0.464
unlab,6774,2192,1759,1594,276.0,12,1,185,,126601,0.464
unlab,6933,10128,2063,1575,102.0,13,1,166,,523118,0.464
unlab,7108,2320,1778,1704,306.0,13,1,158,,137776,0.464
unlab,7135,9488,1833,1965,342.0,13,1,156,,465910,0.464
unlab,7789,9616,1809,1594,210.0,17,1,201,,479321,0.464
unlab,7999,2896,2060,1582,168.0,19,1,134,,166132,0.464
unlab,8004,6288,2054,1804,210.0,19,2,137,,351613,0.464
unlab,8082,11024,1232,1821,150.0,20,1,148,,651579,0.464
unlab,8193,2000,1902,1527,114.0,22,1,169,,122693,0.464
unlab,8455,2704,2062,2152,12.0,29,1,140,,152937,0.464
unlab,8565,3792,2213,1490,156.0,33,1,156,,240252,0.464
unlab,8594,9616,2297,1865,72.0,36,1,164,,484288,0.464
unlab,8683,4496,2592,2162,66.0,44,1,138,,292778,0.464
unlab,8762,6736,1748,2335,312.0,52,1,136,,223883,0.464
unlab,8818,2256,2481,2272,42.0,57,1,128,,134247,0.464
unlab,8910,6288,1773,1130,204.0,65,1,161,,349599,0.464
unlab,8998,9424,1523,1082,210.0,74,1,131,,453573,0.464
unlab,9019,3152,2688,1460,120.0,77,1,150,,144040,0.464
wedge,583,2256,2411,882,144.0,62,,,1,132693,0.464
wedge,1301,4240,2687,1358,132.0,69,,,1,265936,0.464
unlab,1495,8336,1788,1854,264.0,4,1,122,,409177,0.46
unlab,275,3920,1920,1914,252.0,2,1,112,,258687,0.456
unlab,393,3408,2051,1906,12.0,3,2,140,,220822,0.456
unlab,653,5200,2075,1916,180.0,3,1,156,,318178,0.456
unlab,697,3856,1991,1844,204.0,3,1,165,,258040,0.456
unlab,786,4624,2016,1879,252.0,3,1,116,,297331,0.456
unlab,960,3472,2062,1940,0.0,4,2,171,,220475,0.456
unlab,1366,7952,1939,1840,204.0,4,1,169,,412523,0.456
unlab,1371,9232,1842,1744,204.0,4,2,167,,442653,0.456
unlab,2070,10640,1779,1592,156.0,5,1,180,,598139,0.456
unlab,2179,9232,1839,1738,204.0,5,2,149,,442653,0.456
unlab,2408,4368,1982,1953,294.0,5,1,147,,282798,0.456
unlab,2499,5776,2083,2020,324.0,5,1,150,,337864,0.456
unlab,2576,9168,1858,2083,0.0,6,1,139,,442759,0.456
unlab,3060,9232,1836,1731,204.0,6,1,156,,442653,0.456
unlab,3069,3920,1985,1878,210.0,6,1,128,,258797,0.456
unlab,3153,3728,1960,1910,240.0,6,1,112,,242228,0.456
unlab,3207,8016,1880,1867,258.0,6,2,163,,395683,0.456
unlab,3395,8016,1896,1950,330.0,6,1,154,,395683,0.456
unlab,3432,9104,1817,1977,348.0,6,2,149,,454716,0.456
unlab,3606,8272,1955,1900,84.0,7,1,142,,223883,0.456
unlab,3624,8016,2023,1880,90.0,7,1,173,,223883,0.456
unlab,3858,9040,1786,1744,204.0,7,1,146,,442540,0.456
unlab,3917,1680,1635,1527,228.0,7,1,141,,94533,0.456
unlab,4013,8144,1827,1883,264.0,7,1,147,,395683,0.456
unlab,4515,10640,1804,1586,144.0,8,1,145,,599263,0.456
unlab,4573,8784,1839,1612,192.0,8,1,130,,442429,0.456
unlab,4608,9040,1785,1756,210.0,8,1,149,,442759,0.456
unlab,4638,9488,1832,1683,222.0,8,1,235,,465348,0.456
unlab,4737,8144,1817,1891,270.0,8,1,135,,395683,0.456
unlab,5064,8912,1895,1734,108.0,9,1,146,,449316,0.456
unlab,5209,3536,1974,1850,210.0,9,1,143,,219234,0.456
unlab,6236,2064,1893,1403,162.0,11,1,130,,63448,0.456
unlab,6704,3216,1858,1710,234.0,12,1,149,,190642,0.456
unlab,6930,7568,2172,1954,102.0,13,1,160,,395661,0.456
unlab,6995,8144,1877,1800,198.0,13,1,150,,395683,0.456
unlab,6999,8080,1858,1746,204.0,13,1,148,,408922,0.456
unlab,7364,2000,1650,1842,342.0,14,1,106,,119845,0.456
unlab,7541,2000,1649,1846,342.0,15,1,105,,119845,0.456
unlab,7715,2128,1739,1793,330.0,16,1,157,,63448,0.456
unlab,7835,3792,1840,2124,318.0,17,1,109,,234020,0.456
unlab,8824,6288,1880,3170,348.0,57,1,160,,301018,0.456
unlab,8886,10768,1992,2772,18.0,63,1,165,,613347,0.456
unlab,9015,9872,1600,339,192.0,76,1,135,,464139,0.456
wedge,1722,5456,2355,3163,12.0,71,,,1,301018,0.456
wedge,2694,8528,2285,1488,126.0,50,,,1,428013,0.456
unlab,8073,6352,2303,1867,120.0,20,1,140,,223883,0.453
unlab,13,3408,2049,1898,12.0,2,1,138,,220822,0.448
unlab,418,7888,2002,1923,24.0,3,2,116,,404720,0.448
unlab,621,1424,1740,1548,162.0,3,1,151,,63448,0.448
unlab,694,1872,1705,1542,204.0,3,1,184,,119724,0.448
unlab,811,6480,2084,1973,270.0,3,1,144,,352191,0.448
unlab,1006,1680,1748,1671,30.0,4,1,117,,63448,0.448
unlab,1230,1872,1799,1483,150.0,4,1,190,,119858,0.448
unlab,1270,2000,1742,1560,162.0,4,3,148,,119761,0.448
unlab,1347,8080,1892,1800,198.0,4,1,164,,408922,0.448
unlab,1658,4048,2029,2014,336.0,4,1,158,,259267,0.448
unlab,1716,7312,2126,2131,6.0,5,1,101,,389389,0.448
unlab,1742,10000,1873,1677,18.0,5,1,224,,523505,0.448
unlab,1862,7504,2117,1990,72.0,5,2,131,,382073,0.448
unlab,1881,8080,1969,1890,78.0,5,1,154,,413323,0.448
unlab,1952,1360,1780,1575,120.0,5,1,174,,63448,0.448
unlab,1976,7568,2110,1935,126.0,5,1,145,,396294,0.448
unlab,2019,10384,1817,1630,138.0,5,1,151,,566541,0.448
unlab,2154,8208,1873,1791,198.0,5,2,147,,409177,0.448
unlab,2391,4048,1987,1981,288.0,5,1,167,,259304,0.448
unlab,2796,1808,1821,1591,90.0,6,1,179,,63448,0.448
unlab,2891,7120,2202,1877,132.0,6,1,151,,381798,0.448
unlab,3025,9232,1840,1668,192.0,6,1,120,,442653,0.448
unlab,3164,4176,1968,1891,246.0,6,1,126,,272655,0.448
unlab,3288,2768,1945,1850,294.0,6,1,131,,152549,0.448
unlab,3348,6224,2096,2015,312.0,6,1,139,,352118,0.448
unlab,3531,9808,1975,1761,54.0,7,1,127,,500563,0.448
unlab,3636,7312,2209,1957,96.0,7,1,139,,223883,0.448
unlab,3780,1616,1733,1480,162.0,7,1,193,,94528,0.448
unlab,3828,9040,1790,1694,192.0,7,1,144,,442653,0.448
unlab,3855,7440,2021,1870,204.0,7,2,123,,223883,0.448
unlab,3872,9616,1835,1638,210.0,7,3,182,,479321,0.448
unlab,3954,5392,2028,1934,240.0,7,1,141,,317429,0.448
unlab,4234,10000,1858,1677,6.0,8,1,252,,512457,0.448
unlab,4265,6160,2158,2054,30.0,8,1,142,,352083,0.448
unlab,4449,3280,2098,1818,114.0,8,1,136,,198458,0.448
unlab,4466,8400,1916,1818,120.0,8,1,143,,408922,0.448
unlab,4580,4880,1994,1801,198.0,8,2,140,,309973,0.448
unlab,4590,3920,1990,1868,204.0,8,1,148,,257558,0.448
unlab,4613,9616,1833,1635,210.0,8,2,131,,479321,0.448
unlab,4634,7952,1907,1831,222.0,8,1,139,,412651,0.448
unlab,4732,2128,1780,1589,270.0,8,1,164,,126428,0.448
unlab,4823,7440,2012,2041,318.0,8,1,140,,390081,0.448
unlab,4848,2320,1831,1725,330.0,8,1,150,,63448,0.448
unlab,5028,6608,2291,1971,90.0,9,1,136,,223883,0.448
unlab,5029,8272,1964,1892,90.0,9,1,139,,223883,0.448
unlab,5135,3472,2116,1813,144.0,9,1,112,,219119,0.448
unlab,5197,10384,1745,1603,198.0,9,1,161,,566511,0.448
unlab,5207,2704,1917,1690,210.0,9,1,148,,63448,0.448
unlab,5224,8720,1807,1649,216.0,9,1,124,,409097,0.448
unlab,5227,1808,1663,1526,222.0,9,1,153,,109611,0.448
unlab,5277,2640,1907,1774,252.0,9,1,153,,63448,0.448
unlab,5356,9552,1706,1782,288.0,9,1,160,,479027,0.448
unlab,5436,3600,2019,2016,354.0,9,1,130,,220391,0.448
unlab,5536,7504,2155,2014,66.0,10,1,160,,396002,0.448
unlab,5557,8144,1985,1908,78.0,10,1,140,,421332,0.448
unlab,5710,9872,1954,1524,150.0,10,1,145,,500850,0.448
unlab,5771,1744,1637,1491,228.0,10,1,151,,93339,0.448
unlab,5895,5648,2031,2002,282.0,10,1,141,,223883,0.448
unlab,6056,6352,2267,2030,60.0,11,1,159,,223883,0.448
unlab,6069,4816,2170,1985,66.0,11,1,145,,311148,0.448
unlab,7456,8080,1860,1701,198.0,15,1,132,,408922,0.448
unlab,7457,8144,1872,1784,198.0,15,1,125,,395683,0.448
unlab,7643,8080,1857,1695,198.0,16,1,135,,408922,0.448
unlab,7651,2896,1920,1729,216.0,16,1,145,,165606,0.448
unlab,7749,6224,2256,1967,96.0,17,1,133,,352527,0.448
unlab,8005,9616,1805,1586,210.0,19,2,198,,479321,0.448
unlab,8307,6800,1974,1849,246.0,24,1,138,,365556,0.448
unlab,8849,10768,1989,2764,18.0,60,1,172,,613719,0.448
wedge,2321,7248,2692,1849,102.0,64,,,1,376453,0.448
unlab,171,6864,2185,1920,162.0,2,1,107,,374323,0.44
unlab,289,10640,1684,1665,270.0,2,1,185,,599374,0.44
unlab,348,1680,1671,1627,330.0,2,1,210,,109523,0.44
unlab,556,1808,1819,1520,126.0,3,1,176,,63448,0.44
unlab,903,10640,1710,1715,324.0,3,3,147,,599362,0.44
unlab,980,8208,1915,1948,12.0,4,1,156,,421357,0.44
unlab,1232,2192,1910,1523,150.0,4,1,165,,121369,0.44
unlab,1268,1552,1765,1441,162.0,4,2,141,,94528,0.44
unlab,1324,8848,1875,1674,186.0,4,1,125,,442412,0.44
unlab,1373,10896,1386,1782,204.0,4,1,114,,627853,0.44
unlab,1386,9616,1841,1649,210.0,4,3,169,,479066,0.44
unlab,1726,4816,2057,2010,12.0,5,1,132,,311147,0.44
unlab,1730,8208,1917,1958,12.0,5,2,122,,421159,0.44
unlab,1914,9680,1972,1684,96.0,5,1,146,,484332,0.44
unlab,1957,3856,2070,1888,120.0,5,1,152,,240386,0.44
unlab,1993,6928,2202,1882,132.0,5,1,131,,223883,0.44
unlab,2099,10640,1766,1576,168.0,5,1,202,,598139,0.44
unlab,2204,8912,1783,1659,210.0,5,1,150,,442470,0.44
unlab,2310,8016,1878,1860,252.0,5,2,136,,395683,0.44
unlab,2428,4176,1993,1961,300.0,5,1,126,,272505,0.44
unlab,2709,2128,1932,1633,60.0,6,1,144,,130761,0.44
unlab,2722,10320,1852,1688,60.0,6,1,151,,538438,0.44
unlab,3043,10384,1749,1615,198.0,6,1,191,,566511,0.44
unlab,3054,7440,2023,1875,204.0,6,1,134,,223883,0.44
unlab,3076,7952,1922,1822,210.0,6,1,147,,408922,0.44
unlab,3111,6864,2112,1891,222.0,6,1,156,,374338,0.44
unlab,3112,9424,1849,1690,222.0,6,2,131,,465380,0.44
unlab,3161,2448,1897,1719,246.0,6,1,113,,63448,0.44
unlab,3187,10128,1733,1592,252.0,6,1,166,,512416,0.44
unlab,3297,6608,2115,2002,294.0,6,2,143,,366365,0.44
unlab,3369,1744,1660,1610,324.0,6,1,195,,109906,0.44
unlab,3376,6288,2099,2007,324.0,6,1,150,,352118,0.44
unlab,3431,8848,1862,1824,348.0,6,1,140,,409097,0.44
unlab,3687,7120,2209,1895,120.0,7,1,158,,381798,0.44
unlab,3754,10640,1800,1592,144.0,7,2,117,,598179,0.44
unlab,3953,4112,1962,1901,240.0,7,1,111,,257905,0.44
unlab,4147,6224,2094,2024,318.0,7,1,144,,352118,0.44
unlab,4321,7504,2144,2020,60.0,8,1,124,,395957,0.44
unlab,4607,8720,1825,1654,210.0,8,1,123,,409097,0.44
unlab,4640,1104,1858,1481,228.0,8,2,195,,68159,0.44
unlab,4693,2832,1786,1770,252.0,8,1,112,,123289,0.44
unlab,4922,3600,2148,2097,36.0,9,1,138,,133475,0.44
unlab,5215,9616,1831,1632,210.0,9,1,163,,479321,0.44
unlab,5499,2320,2054,1742,54.0,10,1,116,,141997,0.44
unlab,5565,2448,2021,1747,84.0,10,1,155,,132122,0.44
unlab,5611,7248,2216,1947,102.0,10,1,134,,382082,0.44
unlab,5702,2000,1775,1521,150.0,10,1,101,,119847,0.44
unlab,5709,9424,1957,1703,150.0,10,1,162,,469958,0.44
unlab,5964,5968,2052,2018,312.0,10,1,131,,223883,0.44
unlab,6254,9168,1808,1665,198.0,11,3,152,,442653,0.44
unlab,6265,9040,1762,1716,210.0,11,1,141,,442540,0.44
unlab,6303,11024,991,1907,234.0,11,1,108,,628295,0.44
unlab,6325,10000,1754,1566,246.0,11,1,185,,512497,0.44
unlab,6503,6160,2222,2130,36.0,12,1,186,,223883,0.44
unlab,6586,7120,2247,1915,102.0,12,1,166,,223883,0.44
unlab,6672,10384,1740,1587,198.0,12,1,152,,566583,0.44
unlab,6684,6224,2040,1849,216.0,12,2,134,,351613,0.44
unlab,6706,5072,1934,1880,234.0,12,1,142,,223883,0.44
unlab,6985,2832,1962,1722,192.0,13,1,140,,165554,0.44
unlab,6997,2704,1887,1584,204.0,13,1,104,,138451,0.44
unlab,7050,8144,1768,1829,246.0,13,1,150,,416400,0.44
unlab,7259,8144,1874,1792,198.0,14,2,145,,395683,0.44
unlab,7265,6288,2065,1822,210.0,14,1,110,,351615,0.44
unlab,7609,7888,2139,1802,120.0,16,1,131,,223883,0.44
unlab,7731,9232,2031,1921,54.0,17,1,144,,438514,0.44
unlab,7973,3344,2230,1880,84.0,19,1,147,,197948,0.44
unlab,8054,4176,2170,2135,30.0,20,1,116,,260243,0.44
unlab,8078,1424,1793,1481,150.0,20,1,169,,63448,0.44
unlab,8146,4688,1820,1629,222.0,21,1,163,,294508,0.44
unlab,8244,2896,2214,2207,30.0,23,1,140,,133475,0.44
unlab,8486,4112,2373,1754,120.0,30,1,126,,275692,0.44
unlab,8547,3792,2212,1493,156.0,32,2,156,,240252,0.44
unlab,9013,3152,2689,1459,120.0,76,1,150,,144040,0.44
wedge,1771,5520,1623,2252,300.0,59,,,1,324194,0.44
wedge,1889,5872,2641,1806,108.0,70,,,1,223883,0.44
wedge,1996,6224,2648,1816,108.0,69,,,2,223883,0.44
unlab,236,3024,1986,1792,204.0,2,1,141,,181698,0.432
unlab,620,1104,1931,1459,162.0,3,1,213,,67736,0.432
unlab,677,3280,2018,1763,192.0,3,1,136,,199576,0.432
unlab,1079,6736,2233,1977,66.0,4,1,145,,223883,0.432
unlab,1237,3792,2047,1877,150.0,4,1,115,,241373,0.432
unlab,1243,6992,2194,1948,150.0,4,1,125,,223883,0.432
unlab,1374,10960,1198,1807,204.0,4,1,148,,628050,0.432
unlab,1546,7568,1973,2014,294.0,4,1,140,,395614,0.432
unlab,1933,5328,2201,1936,108.0,5,1,162,,326121,0.432
unlab,1967,2768,2069,1773,126.0,5,1,194,,63448,0.432
unlab,1995,7312,2160,1921,132.0,5,1,132,,389013,0.432
unlab,2111,5200,2083,1901,174.0,5,1,154,,317430,0.432
unlab,2201,7952,1926,1829,210.0,5,1,114,,408922,0.432
unlab,2289,4368,1960,1896,240.0,5,1,159,,288036,0.432
unlab,2345,1488,1672,1625,270.0,5,1,165,,78218,0.432
unlab,2398,7312,2044,1988,288.0,5,3,156,,389876,0.432
unlab,2555,9104,1818,1972,348.0,5,1,148,,454716,0.432
unlab,2727,2384,2005,1732,66.0,6,1,149,,141588,0.432
unlab,2780,7120,2213,1947,84.0,6,1,126,,382082,0.432
unlab,3151,1680,1632,1545,240.0,6,1,148,,94533,0.432
unlab,3453,7440,2086,2136,6.0,7,1,143,,382597,0.432
unlab,3724,10448,1863,1571,132.0,7,1,166,,575583,0.432
unlab,3884,6352,2092,1888,216.0,7,1,143,,223883,0.432
unlab,4106,8720,1826,1779,300.0,7,1,154,,409097,0.432
unlab,4135,6992,2119,2043,312.0,7,1,143,,382372,0.432
unlab,4359,10704,1829,1674,72.0,8,1,162,,598720,0.432
unlab,4423,3280,2117,1828,102.0,8,1,122,,198458,0.432
unlab,4489,8208,1945,1828,132.0,8,2,112,,408922,0.432
unlab,4519,3280,2090,1752,150.0,8,1,131,,199519,0.432
unlab,4542,2000,1749,1537,162.0,8,2,175,,119761,0.432
unlab,4723,8528,1754,1794,264.0,8,1,154,,416506,0.432
unlab,4832,1936,1688,1663,324.0,8,1,136,,119802,0.432
unlab,4904,6160,2167,2130,18.0,9,1,129,,352428,0.432
unlab,4990,6032,2218,2000,72.0,9,2,164,,344569,0.432
unlab,5160,2000,1751,1531,162.0,9,1,147,,119761,0.432
unlab,5300,2192,1798,1573,264.0,9,1,156,,126782,0.432
unlab,5458,2448,1967,1794,24.0,10,1,176,,141740,0.432
unlab,5474,6032,2213,2085,36.0,10,2,148,,223883,0.432
unlab,5716,1872,1767,1492,162.0,10,1,201,,63448,0.432
unlab,5854,3152,1909,1834,264.0,10,2,145,,181342,0.432
unlab,5981,1104,1841,1644,330.0,10,1,202,,63990,0.432
unlab,5983,6416,2072,2123,330.0,10,1,137,,359891,0.432
unlab,6124,9168,1943,1818,90.0,11,1,154,,459335,0.432
unlab,6219,1168,1951,1396,150.0,11,1,169,,81755,0.432
unlab,6250,6224,2081,1812,198.0,11,1,157,,223883,0.432
unlab,6571,4944,2162,1942,96.0,12,1,155,,311148,0.432
unlab,6666,3536,1995,1816,192.0,12,2,111,,218987,0.432
unlab,6670,9168,1807,1662,198.0,12,2,147,,442653,0.432
unlab,6733,7056,2051,1914,252.0,12,1,152,,382193,0.432
unlab,6994,8080,1864,1715,198.0,13,1,149,,408922,0.432
unlab,7275,7184,2027,1815,222.0,14,1,123,,223883,0.432
unlab,7290,2064,1719,1536,246.0,14,1,156,,119837,0.432
unlab,7568,6096,2255,2002,84.0,16,1,154,,352301,0.432
unlab,7645,2704,1882,1572,204.0,16,3,162,,138451,0.432
unlab,7668,9872,1683,1567,246.0,16,1,136,,493556,0.432
unlab,7800,6160,1995,1920,240.0,17,1,130,,344100,0.432
unlab,8007,5264,1970,1813,216.0,19,1,149,,223883,0.432
unlab,8109,4176,2172,2138,30.0,21,1,139,,260243,0.432
unlab,8260,4048,2326,1871,108.0,23,1,146,,121319,0.432
unlab,8418,7824,1742,1728,234.0,27,1,149,,400443,0.432
unlab,8755,2256,2498,1541,96.0,52,1,142,,132788,0.432
unlab,8901,6288,1776,1137,204.0,64,2,120,,349599,0.432
wedge,1355,4336,2709,2417,54.0,68,,,1,293608,0.432
wedge,2356,7376,2537,2746,30.0,68,,,1,223883,0.432
unlab,3169,8080,1862,1854,246.0,6,1,129,,395683,0.43
unlab,7552,8720,2024,1854,54.0,16,1,135,,437774,0.43
unlab,138,1168,1909,1496,138.0,2,1,204,,63636,0.424
unlab,152,5200,2094,1950,150.0,2,1,250,,318178,0.424
unlab,429,6736,2202,2000,30.0,3,3,135,,223883,0.424
unlab,598,1872,1795,1491,150.0,3,1,120,,119858,0.424
unlab,886,6672,2127,2027,318.0,3,1,133,,366710,0.424
unlab,996,6096,2160,2042,24.0,4,1,139,,345102,0.424
unlab,1116,1808,1809,1591,90.0,4,1,167,,63448,0.424
unlab,1378,4432,2002,1843,210.0,4,1,140,,285994,0.424
unlab,1496,9616,1810,1724,264.0,4,1,198,,479356,0.424
unlab,1500,10000,1765,1600,264.0,4,1,162,,512497,0.424
unlab,1515,10192,1749,1686,276.0,4,1,222,,538717,0.424
unlab,1564,7760,1928,1970,300.0,4,1,149,,404644,0.424
unlab,1581,8528,1736,1883,306.0,4,1,112,,425129,0.424
unlab,1766,5968,2177,2020,30.0,5,1,115,,344858,0.424
unlab,2159,9680,1843,1537,198.0,5,1,145,,492989,0.424
unlab,2183,10448,1765,1544,204.0,5,1,179,,565795,0.424
unlab,2334,5968,2074,1939,264.0,5,1,104,,223883,0.424
unlab,2372,9872,1806,1662,276.0,5,1,168,,493596,0.424
unlab,2386,7696,1921,1971,282.0,5,1,148,,223883,0.424
unlab,2754,9168,1918,1838,72.0,6,1,170,,459619,0.424
unlab,2941,5968,2170,1881,150.0,6,1,160,,344948,0.424
unlab,2966,10640,1782,1585,156.0,6,2,187,,598182,0.424
unlab,3179,1104,1833,1503,252.0,6,1,169,,63441,0.424
unlab,3185,5968,2062,1922,252.0,6,1,146,,223883,0.424
unlab,3316,7440,2006,2014,300.0,6,1,156,,390087,0.424
unlab,3321,9808,1803,1705,300.0,6,1,254,,493320,0.424
unlab,3464,5456,2150,2120,18.0,7,1,126,,332431,0.424
unlab,3484,8912,1936,1925,30.0,7,1,162,,450781,0.424
unlab,3845,10384,1748,1611,198.0,7,2,182,,566511,0.424
unlab,3961,2384,1856,1666,246.0,7,1,120,,63448,0.424
unlab,4074,9936,1769,1686,288.0,7,1,129,,493252,0.424
unlab,4083,4560,1976,1912,294.0,7,1,112,,299275,0.424
unlab,4215,9104,1816,1982,348.0,7,3,159,,454716,0.424
unlab,4235,1488,1755,1713,12.0,8,1,183,,63448,0.424
unlab,4427,7568,2137,1962,102.0,8,1,138,,395698,0.424
unlab,4777,5456,2010,2018,294.0,8,1,130,,318847,0.424
unlab,4825,8720,1827,1806,318.0,8,1,180,,409097,0.424
unlab,4875,7888,1953,1996,342.0,8,1,140,,405181,0.424
unlab,4905,8144,1929,1960,18.0,9,1,142,,421327,0.424
unlab,5053,2192,1948,1558,108.0,9,1,154,,130631,0.424
unlab,5213,8016,1864,1753,210.0,9,1,155,,408922,0.424
unlab,5253,2768,1873,1764,240.0,9,1,149,,63448,0.424
unlab,5318,5776,2040,1966,270.0,9,1,152,,338096,0.424
unlab,5655,8464,1934,1792,120.0,10,1,137,,428482,0.424
unlab,5699,8720,1937,1669,144.0,10,1,135,,437809,0.424
unlab,5720,3536,2053,1770,168.0,10,1,169,,219255,0.424
unlab,5733,8208,1864,1766,198.0,10,2,133,,409177,0.424
unlab,5879,1744,1609,1561,276.0,10,1,168,,94411,0.424
unlab,6027,3792,2109,2047,36.0,11,1,174,,241393,0.424
unlab,6039,10640,1887,1791,48.0,11,1,148,,609644,0.424
unlab,6508,4240,2144,1981,48.0,12,1,166,,273357,0.424
unlab,6632,3856,2174,1778,132.0,12,1,136,,238232,0.424
unlab,6669,8080,1866,1721,198.0,12,2,152,,408922,0.424
unlab,6787,8848,1798,1752,282.0,12,1,136,,442474,0.424
unlab,7120,1040,1867,1626,318.0,13,1,178,,63767,0.424
unlab,7123,7120,2059,2022,318.0,13,1,152,,382593,0.424
unlab,7260,2704,1885,1580,204.0,14,2,156,,138451,0.424
unlab,7266,9104,1785,1705,210.0,14,1,164,,442653,0.424
unlab,7301,6160,2008,1969,258.0,14,1,127,,352074,0.424
unlab,7576,6928,2276,1932,90.0,16,1,158,,223883,0.424
unlab,7649,6288,2060,1815,210.0,16,3,157,,351613,0.424
unlab,8206,1488,1806,1300,168.0,22,1,100,,62169,0.424
unlab,8847,9424,1521,2664,336.0,59,1,141,,466321,0.424
unlab,9010,9424,1521,2664,336.0,75,1,139,,466321,0.424
wedge,1291,4208,1274,1837,264.0,79,,,1,206505,0.424
unlab,3600,3280,2116,1854,84.0,7,1,141,,198458,0.42
unlab,7726,6800,2302,2119,36.0,17,1,144,,223883,0.42
unlab,148,5200,2119,1923,144.0,2,1,167,,317429,0.416
unlab,157,1680,1728,1513,156.0,2,1,143,,109524,0.416
unlab,623,1552,1763,1447,162.0,3,1,181,,94528,0.416
unlab,638,11024,1133,1968,168.0,3,1,119,,652661,0.416
unlab,639,1488,1743,1562,174.0,3,1,157,,78434,0.416
unlab,711,10960,1201,1814,204.0,3,1,163,,628050,0.416
unlab,944,7248,2111,2051,348.0,3,1,154,,223883,0.416
unlab,993,1360,1750,1662,24.0,4,1,171,,78526,0.416
unlab,1434,9104,1806,1778,228.0,4,1,166,,442759,0.416
unlab,1653,2256,1852,1670,336.0,4,1,147,,63448,0.416
unlab,1802,7504,2126,2031,48.0,5,1,110,,390070,0.416
unlab,1901,5328,2199,1972,90.0,5,1,128,,325654,0.416
unlab,2153,8080,1888,1790,198.0,5,2,135,,408922,0.416
unlab,2225,7248,2087,1908,216.0,5,1,122,,389666,0.416
unlab,2351,5392,2022,1973,270.0,5,1,147,,326231,0.416
unlab,2433,7696,1929,1996,300.0,5,1,154,,404652,0.416
unlab,2445,4752,1987,1959,306.0,5,1,134,,223883,0.416
unlab,2482,2640,1948,1845,318.0,5,2,144,,63448,0.416
unlab,2515,4240,2039,1961,330.0,5,1,116,,272834,0.416
unlab,2522,10320,1732,1762,330.0,5,1,231,,538379,0.416
unlab,2739,10128,2006,1702,66.0,6,1,151,,523384,0.416
unlab,2776,3280,2106,1853,84.0,6,1,119,,198458,0.416
unlab,2910,8912,1875,1711,138.0,6,1,159,,449648,0.416
unlab,3064,10576,1676,1526,204.0,6,2,182,,567042,0.416
unlab,3154,5392,2037,1939,240.0,6,1,112,,326252,0.416
unlab,3238,7696,1924,1954,270.0,6,2,142,,223883,0.416
unlab,3405,2384,1830,1878,336.0,6,1,128,,63448,0.416
unlab,3406,3024,1997,1916,336.0,6,1,133,,183703,0.416
unlab,3594,7120,2217,1957,78.0,7,1,157,,381816,0.416
unlab,3607,8784,1956,1741,84.0,7,1,161,,437807,0.416
unlab,3630,1488,1834,1614,96.0,7,1,171,,94474,0.416
unlab,3717,6224,2183,1936,132.0,7,1,128,,223883,0.416
unlab,3756,1360,1787,1500,150.0,7,1,185,,77602,0.416
unlab,3854,6096,2106,1920,204.0,7,2,130,,223883,0.416
unlab,3871,9488,1851,1673,210.0,7,2,149,,453587,0.416
unlab,3950,1104,1835,1484,240.0,7,2,150,,63985,0.416
unlab,3997,5712,2053,1950,258.0,7,1,129,,338096,0.416
unlab,4015,8784,1793,1724,264.0,7,1,154,,409097,0.416
unlab,4037,5968,2054,1953,276.0,7,1,171,,223883,0.416
unlab,4148,8720,1834,1799,318.0,7,1,140,,409097,0.416
unlab,4258,6800,2216,2042,24.0,8,1,125,,374151,0.416
unlab,4738,8528,1747,1804,270.0,8,1,147,,416506,0.416
unlab,5050,8272,1962,1876,102.0,9,1,153,,223883,0.416
unlab,5098,8080,1981,1832,126.0,9,1,127,,223883,0.416
unlab,5182,6288,2122,1870,192.0,9,1,146,,223883,0.416
unlab,5299,1680,1614,1574,264.0,9,1,113,,94533,0.416
unlab,5353,8848,1811,1757,288.0,9,2,140,,442474,0.416
unlab,5616,2192,1956,1556,108.0,10,2,147,,122475,0.416
unlab,5704,2448,2075,1510,150.0,10,1,139,,141671,0.416
unlab,5939,7568,1930,2048,300.0,10,1,137,,223883,0.416
unlab,5941,8720,1805,1791,300.0,10,1,140,,409097,0.416
unlab,6095,6032,2217,1990,78.0,11,1,131,,344569,0.416
unlab,6113,9872,1984,1665,84.0,11,2,145,,500797,0.416
unlab,6263,8336,1802,1755,210.0,11,1,157,,416506,0.416
unlab,6266,9104,1793,1719,210.0,11,1,142,,442653,0.416
unlab,6351,8400,1761,1821,258.0,11,1,151,,424030,0.416
unlab,6393,2256,1805,1622,282.0,11,1,134,,126826,0.416
unlab,6578,8464,1962,1820,96.0,12,1,145,,428480,0.416
unlab,6814,6864,2066,2020,300.0,12,1,154,,374438,0.416
unlab,6826,6800,2074,2022,312.0,12,1,123,,223883,0.416
unlab,7453,9104,1954,1587,156.0,15,1,155,,459345,0.416
unlab,7561,6032,2256,1998,78.0,16,1,149,,223883,0.416
unlab,7784,2704,1880,1568,204.0,17,2,181,,152268,0.416
unlab,7796,8016,1783,1768,234.0,17,1,144,,408696,0.416
unlab,7879,1104,2151,1448,108.0,18,1,182,,67422,0.416
unlab,8057,8208,2059,1942,66.0,20,1,140,,223883,0.416
unlab,8349,3600,1904,1718,210.0,25,1,150,,219362,0.416
unlab,8583,4048,2422,2227,54.0,35,1,136,,263305,0.416
unlab,8611,6096,2416,1930,102.0,37,1,133,,223883,0.416
unlab,8852,1360,2532,1868,72.0,60,1,108,,51456,0.416
unlab,8913,3600,1818,2919,348.0,65,1,138,,217859,0.416
wedge,1051,3568,1556,2460,318.0,37,,,1,217540,0.416
wedge,2185,6736,1613,1956,270.0,66,,,1,350531,0.416
wedge,2192,6800,2735,1880,96.0,58,,,1,376724,0.416
unlab,227,3792,2002,1870,198.0,2,1,130,,242651,0.408
unlab,532,1616,1767,1568,108.0,3,2,137,,63448,0.408
unlab,625,2000,1740,1565,162.0,3,2,147,,119761,0.408
unlab,659,1616,1691,1541,186.0,3,1,132,,63448,0.408
unlab,682,7952,1953,1846,192.0,3,2,135,,412523,0.408
unlab,719,8080,1873,1802,210.0,3,1,122,,412880,0.408
unlab,760,6864,2137,1926,228.0,3,2,158,,374294,0.408
unlab,843,7312,2056,1984,288.0,3,1,145,,389389,0.408
unlab,846,1680,1646,1605,294.0,3,1,160,,109517,0.408
unlab,1301,3600,2035,1869,174.0,4,3,105,,220687,0.408
unlab,1430,6864,2130,1920,228.0,4,3,158,,374405,0.408
unlab,1831,7504,2122,2007,60.0,5,1,202,,390070,0.408
unlab,1852,10640,1812,1694,66.0,5,1,184,,598323,0.408
unlab,1893,7504,2115,1977,84.0,5,2,146,,395796,0.408
unlab,2133,8528,1836,1717,186.0,5,1,140,,409097,0.408
unlab,2389,1680,1629,1604,288.0,5,1,147,,94533,0.408
unlab,2432,7632,1968,2006,300.0,5,1,142,,395614,0.408
unlab,2489,1424,1681,1663,324.0,5,1,178,,94193,0.408
unlab,2537,1424,1660,1791,342.0,5,1,158,,94316,0.408
unlab,2622,5904,2181,2058,24.0,6,1,148,,337848,0.408
unlab,2641,4624,2127,2017,30.0,6,1,132,,299402,0.408
unlab,2770,8656,1923,1796,78.0,6,2,150,,437618,0.408
unlab,2815,9936,1962,1644,96.0,6,1,200,,522662,0.408
unlab,3023,8144,1894,1833,192.0,6,1,149,,395683,0.408
unlab,3028,10384,1737,1524,192.0,6,1,156,,538120,0.408
unlab,3058,9040,1788,1749,204.0,6,2,155,,442540,0.408
unlab,3162,3472,1996,1857,246.0,6,1,162,,219761,0.408
unlab,3170,8272,1802,1856,246.0,6,1,210,,409177,0.408
unlab,3490,4304,2076,1970,36.0,7,1,139,,272816,0.408
unlab,3494,6096,2207,2086,36.0,7,1,176,,223883,0.408
unlab,3503,5456,2153,2032,42.0,7,1,135,,332336,0.408
unlab,3778,10640,1785,1578,156.0,7,1,161,,598179,0.408
unlab,3782,1936,1764,1505,162.0,7,1,169,,63448,0.408
unlab,3829,9168,1835,1710,192.0,7,1,113,,454247,0.408
unlab,3906,6800,2111,1872,222.0,7,1,145,,223883,0.408
unlab,3960,1680,1631,1553,246.0,7,3,175,,94533,0.408
unlab,4064,1680,1610,1610,288.0,7,1,133,,94533,0.408
unlab,4067,4560,1974,1903,288.0,7,1,124,,299275,0.408
unlab,4227,1232,1821,1684,0.0,8,1,107,,78214,0.408
unlab,4248,6224,2183,2127,18.0,8,1,145,,352196,0.408
unlab,4300,5200,2189,2066,54.0,8,1,135,,325654,0.408
unlab,4413,7120,2223,1930,96.0,8,1,154,,381816,0.408
unlab,4500,8912,1888,1696,138.0,8,1,127,,449745,0.408
unlab,4541,1872,1762,1508,162.0,8,2,255,,63448,0.408
unlab,4554,5136,2097,1858,168.0,8,1,187,,317430,0.408
unlab,4734,4816,1950,1927,270.0,8,1,129,,310024,0.408
unlab,4746,4496,1921,1925,276.0,8,1,129,,282798,0.408
unlab,4799,5648,2056,2027,306.0,8,1,142,,332182,0.408
unlab,4846,1424,1657,1718,330.0,8,1,175,,94193,0.408
unlab,4920,2512,2023,1842,36.0,9,1,152,,141464,0.408
unlab,5020,9872,1960,1663,84.0,9,1,160,,500881,0.408
unlab,5112,6288,2195,1901,132.0,9,1,166,,223883,0.408
unlab,5115,8080,1977,1824,132.0,9,1,133,,223883,0.408
unlab,5188,3024,1958,1677,198.0,9,1,158,,180955,0.408
unlab,5340,5648,2038,2000,282.0,9,2,126,,223883,0.408
unlab,5522,8336,1952,1913,60.0,10,1,145,,223883,0.408
unlab,5564,2192,1967,1591,84.0,10,1,136,,122397,0.408
unlab,5605,1872,1844,1577,102.0,10,1,178,,119870,0.408
unlab,5610,6160,2202,1976,102.0,10,1,150,,223883,0.408
unlab,5762,9232,1753,1645,216.0,10,1,124,,442759,0.408
unlab,5952,6224,2065,2030,306.0,10,1,140,,337849,0.408
unlab,6098,8464,1958,1849,78.0,11,1,130,,428510,0.408
unlab,6153,8144,1981,1867,108.0,11,1,144,,408922,0.408
unlab,6171,8528,1930,1767,114.0,11,1,120,,416447,0.408
unlab,6211,8080,1974,1815,138.0,11,1,140,,223883,0.408
unlab,6294,1872,1640,1535,234.0,11,1,148,,94545,0.408
unlab,6356,2320,1788,1612,264.0,11,1,164,,137909,0.408
unlab,6372,7120,2062,1939,270.0,11,1,157,,382447,0.408
unlab,6374,8336,1731,1862,270.0,11,1,146,,417884,0.408
unlab,6479,5520,2055,2229,348.0,11,1,140,,223883,0.408
unlab,6855,7952,2044,2075,24.0,13,1,152,,223883,0.408
unlab,6986,3536,1994,1810,192.0,13,1,127,,218987,0.408
unlab,7381,1616,1853,1661,66.0,15,1,176,,63448,0.408
unlab,7460,6288,2062,1819,210.0,15,2,155,,351613,0.408
unlab,7733,8592,2036,1899,60.0,17,1,154,,438654,0.408
unlab,7785,3280,1889,1516,204.0,17,1,159,,198635,0.408
unlab,7823,4432,1864,1996,294.0,17,1,149,,283700,0.408
unlab,7955,4624,1936,2098,330.0,18,1,145,,299040,0.408
unlab,8063,10448,2005,1648,84.0,20,1,157,,576543,0.408
unlab,8277,2000,1581,1858,330.0,23,2,141,,63448,0.408
unlab,8297,8976,2016,1550,138.0,24,1,155,,449740,0.408
unlab,8752,2256,2451,2238,42.0,52,1,140,,134247,0.408
unlab,8788,9424,2512,2033,66.0,55,1,137,,474180,0.408
unlab,8868,6736,1637,2008,276.0,61,1,136,,364266,0.408
wedge,2180,6736,2729,1838,102.0,65,,,1,376724,0.408
wedge,2456,7760,2471,1833,102.0,55,,,1,407189,0.408
wedge,3317,10576,1125,2732,330.0,65,,,1,557164,0.408
unlab,173,2256,1899,1520,168.0,2,1,172,,128953,0.4
unlab,239,7056,2124,1890,204.0,2,2,155,,381754,0.4
unlab,415,6096,2157,2034,24.0,3,1,146,,345102,0.4
unlab,434,3664,2076,1991,36.0,3,1,112,,220637,0.4
unlab,732,6096,2112,1954,216.0,3,2,152,,345101,0.4
unlab,917,9872,1848,1708,330.0,3,1,192,,493647,0.4
unlab,1056,7504,2118,2014,54.0,4,1,144,,390101,0.4
unlab,1057,9232,1916,1837,54.0,4,1,170,,454247,0.4
unlab,1091,7504,2110,1988,72.0,4,1,131,,396065,0.4
unlab,1109,7504,2107,1976,84.0,4,1,168,,396065,0.4
unlab,1431,7568,1983,1924,228.0,4,1,115,,223883,0.4
unlab,1454,7312,2050,1933,240.0,4,1,132,,389926,0.4
unlab,1547,7760,1929,1960,294.0,4,1,115,,404644,0.4
unlab,1746,6160,2150,2056,24.0,5,1,128,,352427,0.4
unlab,1786,8208,1936,1922,36.0,5,2,147,,421477,0.4
unlab,2088,1936,1750,1517,168.0,5,1,128,,119761,0.4
unlab,2149,4496,2009,1842,198.0,5,1,122,,286095,0.4
unlab,2188,2064,1802,1534,210.0,5,2,160,,63448,0.4
unlab,2464,1744,1652,1597,312.0,5,1,136,,109926,0.4
unlab,2523,10384,1716,1777,330.0,5,1,141,,567142,0.4
unlab,2541,4496,2008,1990,342.0,5,1,149,,287594,0.4
unlab,2547,1680,1668,1716,348.0,5,2,163,,94498,0.4
unlab,2618,3664,2083,2040,24.0,6,1,130,,241106,0.4
unlab,2825,6544,2260,1956,102.0,6,1,122,,223883,0.4
unlab,2839,6544,2257,1947,108.0,6,1,128,,223883,0.4
unlab,2894,8208,1932,1840,132.0,6,1,173,,420581,0.4
unlab,2908,8400,1911,1800,138.0,6,1,139,,408922,0.4
unlab,2956,6288,2166,1892,156.0,6,1,137,,223883,0.4
unlab,2962,9168,1892,1741,156.0,6,1,186,,449316,0.4
unlab,3183,4368,1958,1912,252.0,6,3,130,,288036,0.4
unlab,3196,3152,1961,1834,258.0,6,1,132,,182273,0.4
unlab,3237,7568,1961,1981,270.0,6,1,146,,223883,0.4
unlab,3433,9168,1831,1948,348.0,6,1,148,,223883,0.4
unlab,3646,8080,1991,1863,102.0,7,1,157,,223883,0.4
unlab,3667,10576,1814,1641,108.0,7,1,146,,599038,0.4
unlab,3720,8720,1939,1695,132.0,7,1,145,,223883,0.4
unlab,3783,2000,1747,1542,162.0,7,3,156,,119761,0.4
unlab,3935,1104,1845,1481,234.0,7,2,162,,63479,0.4
unlab,4051,5968,2057,1961,282.0,7,1,146,,331428,0.4
unlab,4167,1424,1659,1715,330.0,7,1,169,,94193,0.4
unlab,4257,3920,2056,2017,24.0,8,1,134,,258792,0.4
unlab,4411,3280,2117,1837,96.0,8,1,134,,198458,0.4
unlab,4533,2640,2040,1683,156.0,8,1,106,,152533,0.4
unlab,4612,9488,1848,1668,210.0,8,1,155,,453587,0.4
unlab,4619,5712,2065,1890,216.0,8,1,155,,337378,0.4
unlab,4625,9104,1762,1697,216.0,8,1,152,,442540,0.4
unlab,4731,1360,1646,1606,270.0,8,1,148,,78509,0.4
unlab,4882,9104,1815,1987,348.0,8,2,142,,454716,0.4
unlab,4993,7440,2152,2005,72.0,9,1,141,,390096,0.4
unlab,5013,7504,2144,1980,84.0,9,1,141,,396105,0.4
unlab,5114,7696,2079,1884,132.0,9,1,138,,395560,0.4
unlab,5116,8208,1952,1822,132.0,9,1,142,,223883,0.4
unlab,5159,1872,1764,1500,162.0,9,2,171,,63448,0.4
unlab,5180,5840,2086,1808,192.0,9,1,138,,337426,0.4
unlab,5230,4176,1984,1854,222.0,9,1,116,,271854,0.4
unlab,5232,9168,1749,1697,222.0,9,1,102,,442759,0.4
unlab,5249,10064,1774,1556,234.0,9,1,166,,512416,0.4
unlab,5288,2512,1864,1738,258.0,9,1,127,,63448,0.4
unlab,5315,2192,1797,1582,270.0,9,1,149,,63448,0.4
unlab,5374,8848,1808,1776,300.0,9,1,131,,442474,0.4
unlab,5433,9104,1814,1992,348.0,9,1,160,,454716,0.4
unlab,5568,6352,2252,1970,84.0,10,1,131,,223883,0.4
unlab,5599,6992,2252,1994,96.0,10,1,147,,223883,0.4
unlab,5615,1936,1828,1570,108.0,10,1,172,,119933,0.4
unlab,5637,6160,2199,1959,114.0,10,1,151,,223883,0.4
unlab,5659,5840,2195,1929,126.0,10,1,156,,223883,0.4
unlab,5671,5520,2185,1899,132.0,10,1,143,,332521,0.4
unlab,5672,5840,2194,1917,132.0,10,1,123,,223883,0.4
unlab,5759,8848,1785,1601,216.0,10,1,152,,409097,0.4
unlab,5932,2128,1780,1633,300.0,10,1,154,,126428,0.4
unlab,6037,8144,1986,1963,48.0,11,1,148,,413325,0.4
unlab,6181,7568,2140,1927,120.0,11,1,124,,223883,0.4
unlab,6184,8464,1940,1788,120.0,11,2,168,,223883,0.4
unlab,6205,7504,2132,1905,132.0,11,1,143,,223883,0.4
unlab,6502,6096,2238,2129,36.0,12,1,148,,223883,0.4
unlab,6555,8464,1956,1839,84.0,12,1,136,,428510,0.4
unlab,6574,6736,2284,1940,96.0,12,1,132,,223883,0.4
unlab,6731,1680,1596,1550,252.0,12,1,130,,94545,0.4
unlab,6739,2256,1794,1587,258.0,12,1,138,,63448,0.4
unlab,6895,5968,2243,1981,72.0,13,1,142,,338416,0.4
unlab,6963,8464,1945,1773,126.0,13,1,153,,428478,0.4
unlab,7003,9104,1788,1711,210.0,13,1,154,,442653,0.4
unlab,7059,6864,2061,1922,252.0,13,1,140,,374327,0.4
unlab,7075,5264,1953,1969,270.0,13,1,142,,325798,0.4
unlab,7077,5648,1999,1983,270.0,13,1,153,,337789,0.4
unlab,7197,5456,2212,1965,96.0,14,1,146,,332363,0.4
unlab,7326,6800,2055,1960,282.0,14,1,151,,366837,0.4
unlab,7458,2704,1883,1576,204.0,15,3,164,,138451,0.4
unlab,7461,7120,2046,1788,210.0,15,1,143,,365556,0.4
unlab,7544,10832,1512,2044,354.0,15,1,177,,638925,0.4
unlab,7697,5456,1963,2057,300.0,16,1,138,,318583,0.4
unlab,7799,5840,2000,1911,240.0,17,1,131,,223883,0.4
unlab,7881,8656,2011,1734,108.0,18,1,166,,428488,0.4
unlab,7937,6800,2028,1951,276.0,18,1,148,,366837,0.4
unlab,7944,5712,1992,2005,288.0,18,2,149,,337822,0.4
unlab,8086,9616,1802,1582,210.0,20,1,196,,479321,0.4
unlab,8238,2000,1583,1854,330.0,22,1,125,,63448,0.4
unlab,8261,6864,2392,1832,120.0,23,1,163,,223883,0.4
unlab,8522,3792,2210,1496,156.0,31,2,141,,240252,0.4
unlab,8526,2448,1672,1542,234.0,31,1,142,,138378,0.4
unlab,8641,1424,1394,1316,228.0,39,1,132,,71296,0.4
unlab,8815,6736,1735,2347,312.0,56,1,134,,364263,0.4
unlab,8922,9424,1196,1243,234.0,66,1,137,,463371,0.4
unlab,8966,9424,1206,1451,246.0,70,1,156,,463245,0.4
unlab,8983,9424,1199,1448,246.0,72,1,124,,440884,0.4
wedge,1323,4272,2682,1345,132.0,62,,,1,265936,0.4
wedge,1658,5168,1649,2732,330.0,64,,,2,316384,0.4
unlab,195,8080,1917,1825,180.0,2,1,115,,408922,0.392
unlab,768,10512,1713,1610,234.0,3,1,172,,566909,0.392
unlab,782,7312,2050,1941,246.0,3,1,166,,389389,0.392
unlab,906,1424,1682,1674,330.0,3,2,154,,78638,0.392
unlab,1306,8208,1905,1807,174.0,4,1,134,,408922,0.392
unlab,1475,7504,1983,1946,252.0,4,1,128,,223883,0.392
unlab,1578,5264,2013,2020,306.0,4,1,112,,325674,0.392
unlab,1728,6672,2208,2109,12.0,5,1,146,,223883,0.392
unlab,1735,10832,1544,1914,12.0,5,1,139,,638020,0.392
unlab,1896,1808,1815,1591,90.0,5,2,151,,63448,0.392
unlab,1898,3216,2094,1832,90.0,5,1,120,,181302,0.392
unlab,2006,2576,2024,1725,138.0,5,1,144,,152333,0.392
unlab,2051,6992,2200,1939,150.0,5,1,162,,374520,0.392
unlab,2061,4368,2060,1858,156.0,5,1,152,,285831,0.392
unlab,2267,7376,2037,1923,228.0,5,1,148,,223883,0.392
unlab,2278,7824,1928,1863,234.0,5,1,134,,223883,0.392
unlab,2529,4112,2012,2008,336.0,5,1,141,,259371,0.392
unlab,2699,6352,2205,2004,54.0,6,2,113,,359412,0.392
unlab,3016,10320,1782,1547,186.0,6,1,153,,512625,0.392
unlab,3050,6096,2109,1927,204.0,6,2,123,,352292,0.392
unlab,3096,8208,1858,1814,216.0,6,2,133,,409177,0.392
unlab,3273,7696,1916,1972,282.0,6,2,152,,396420,0.392
unlab,3295,5392,2018,2008,294.0,6,1,129,,326231,0.392
unlab,3361,7184,2086,1990,318.0,6,1,124,,382128,0.392
unlab,3451,1232,1830,1658,6.0,7,1,144,,63448,0.392
unlab,3671,7120,2218,1901,114.0,7,1,148,,381816,0.392
unlab,3675,8784,1950,1693,114.0,7,1,135,,223883,0.392
unlab,3703,6992,2224,1959,126.0,7,3,152,,223883,0.392
unlab,3868,6352,2091,1868,210.0,7,1,143,,223883,0.392
unlab,3970,7952,1906,1867,246.0,7,1,134,,412651,0.392
unlab,4303,7696,2072,2006,54.0,8,1,144,,404973,0.392
unlab,4334,6096,2205,2019,66.0,8,1,109,,344569,0.392
unlab,4390,3280,2116,1846,90.0,8,1,150,,198458,0.392
unlab,4431,10320,1878,1637,102.0,8,1,154,,546612,0.392
unlab,4478,8080,1975,1836,126.0,8,1,143,,412767,0.392
unlab,4488,8080,1972,1829,132.0,8,1,154,,412767,0.392
unlab,4512,8336,1916,1790,144.0,8,1,122,,428341,0.392
unlab,4593,6096,2103,1913,204.0,8,1,161,,223883,0.392
unlab,4621,6992,2110,1932,216.0,8,2,139,,374019,0.392
unlab,4893,1232,1831,1674,6.0,9,1,159,,78218,0.392
unlab,5148,2640,2062,1673,150.0,9,1,165,,140958,0.392
unlab,5181,6096,2114,1883,192.0,9,1,149,,223883,0.392
unlab,5184,8720,1845,1586,192.0,9,1,160,,431742,0.392
unlab,5338,1616,1635,1604,282.0,9,2,129,,94533,0.392
unlab,5399,2128,1799,1653,318.0,9,1,153,,126346,0.392
unlab,5645,11152,1058,2327,114.0,10,1,130,,655433,0.392
unlab,5660,6992,2240,1947,126.0,10,2,141,,223883,0.392
unlab,5661,8656,1939,1727,126.0,10,2,149,,437595,0.392
unlab,5756,2768,1900,1708,216.0,10,1,126,,165506,0.392
unlab,5916,7504,1937,2010,288.0,10,1,103,,396111,0.392
unlab,6046,10000,1974,1698,54.0,11,1,209,,523029,0.392
unlab,6275,5200,2003,1904,222.0,11,1,141,,325769,0.392
unlab,6293,1680,1611,1520,234.0,11,1,126,,94411,0.392
unlab,6713,6160,2025,1937,240.0,12,2,180,,223883,0.392
unlab,6777,5712,2016,1974,276.0,12,1,129,,338119,0.392
unlab,7021,6608,2095,1891,228.0,13,1,151,,366392,0.392
unlab,7030,6608,2092,1904,234.0,13,1,143,,366392,0.392
unlab,7090,5712,2014,1986,282.0,13,1,159,,338118,0.392
unlab,7291,6736,2051,1897,246.0,14,1,151,,366865,0.392
unlab,7330,5648,2009,2018,288.0,14,1,129,,332195,0.392
unlab,7388,8272,2000,1931,72.0,15,1,145,,413295,0.392
unlab,7580,5072,2216,1953,96.0,16,1,140,,318559,0.392
unlab,8176,8912,2040,2104,30.0,22,1,151,,450571,0.392
unlab,8248,8464,2074,1922,66.0,23,1,152,,413287,0.392
unlab,8302,6096,2026,1740,204.0,24,1,118,,223883,0.392
unlab,8336,10192,2202,1756,78.0,25,1,158,,523301,0.392
unlab,8590,8144,1584,1891,270.0,35,1,173,,409135,0.392
unlab,8626,2768,2186,2171,30.0,38,1,148,,166311,0.392
unlab,8898,10320,2442,935,138.0,64,1,123,,542995,0.392
unlab,8948,7184,2651,2507,42.0,69,1,130,,223883,0.392
wedge,2189,6768,1599,1842,258.0,68,,,1,350531,0.392
wedge,2437,7696,2486,1854,102.0,61,,,1,407189,0.39
unlab,78,11088,1060,2113,72.0,2,1,168,,653302,0.384
unlab,165,1424,1736,1558,162.0,2,1,174,,63448,0.384
unlab,243,8656,1837,1728,204.0,2,1,155,,431595,0.384
unlab,433,3216,2062,1882,36.0,3,2,215,,198340,0.384
unlab,527,1616,1769,1576,102.0,3,2,149,,63448,0.384
unlab,775,10768,1590,1689,240.0,3,1,196,,599640,0.384
unlab,953,2576,1970,1846,354.0,3,1,137,,63448,0.384
unlab,975,2832,1999,1894,12.0,4,1,118,,166553,0.384
unlab,1162,4240,2118,1883,120.0,4,1,148,,272619,0.384
unlab,1227,4368,2057,1891,144.0,4,1,140,,286686,0.384
unlab,1228,6928,2190,1873,144.0,4,1,128,,223883,0.384
unlab,1876,5392,2198,1994,78.0,5,1,163,,223883,0.384
unlab,2184,10576,1678,1532,204.0,5,1,172,,567042,0.384
unlab,2383,5968,2078,1957,282.0,5,1,142,,344897,0.384
unlab,2392,4304,1982,1938,288.0,5,1,124,,286481,0.384
unlab,2767,6736,2245,1966,78.0,6,1,126,,366031,0.384
unlab,2833,1616,1788,1562,108.0,6,1,142,,63448,0.384
unlab,2906,7248,2185,1904,138.0,6,1,164,,382080,0.384
unlab,3039,8528,1818,1721,198.0,6,1,104,,409097,0.384
unlab,3223,8528,1768,1796,264.0,6,1,170,,416506,0.384
unlab,3599,1680,1791,1592,84.0,7,1,151,,63448,0.384
unlab,3735,7056,2208,1880,138.0,7,2,150,,223883,0.384
unlab,3862,10576,1673,1520,204.0,7,1,174,,567042,0.384
unlab,3985,6672,2089,1941,252.0,7,1,169,,223883,0.384
unlab,3996,4368,1957,1919,258.0,7,3,137,,288133,0.384
unlab,4050,4816,1955,1945,282.0,7,1,113,,310024,0.384
unlab,4596,8208,1873,1814,204.0,8,2,165,,409177,0.384
unlab,4643,2384,1853,1638,228.0,8,1,164,,138225,0.384
unlab,4759,2512,1864,1791,288.0,8,1,136,,63448,0.384
unlab,4992,7120,2235,1972,72.0,9,1,154,,381816,0.384
unlab,5143,10384,1858,1562,144.0,9,1,172,,538446,0.384
unlab,5155,9808,1920,1532,156.0,9,1,157,,500578,0.384
unlab,5262,1680,1614,1545,246.0,9,2,175,,93339,0.384
unlab,5287,2192,1799,1565,258.0,9,1,162,,126782,0.384
unlab,5316,4368,1930,1934,270.0,9,1,149,,287955,0.384
unlab,5339,2064,1742,1606,282.0,9,1,159,,63448,0.384
unlab,5551,8464,1959,1859,72.0,10,1,129,,223883,0.384
unlab,5677,6608,2283,1882,132.0,10,1,129,,223883,0.384
unlab,5688,8784,1940,1648,138.0,10,1,144,,437793,0.384
unlab,5738,1424,1685,1531,204.0,10,1,134,,94402,0.384
unlab,5751,6032,2086,1895,210.0,10,1,147,,223883,0.384
unlab,5868,5776,2033,1966,270.0,10,2,150,,331428,0.384
unlab,5967,7440,1998,2041,312.0,10,1,153,,390087,0.384
unlab,5973,7312,2020,2066,318.0,10,1,149,,389857,0.384
unlab,6096,6096,2226,2008,78.0,11,2,160,,344569,0.384
unlab,6150,5456,2188,1948,108.0,11,2,156,,332264,0.384
unlab,6166,5904,2229,1900,114.0,11,1,125,,338416,0.384
unlab,6180,7248,2215,1916,120.0,11,1,136,,381746,0.384
unlab,6345,5264,1983,1947,258.0,11,2,124,,318847,0.384
unlab,6396,7120,2058,1955,282.0,11,1,126,,382447,0.384
unlab,6406,5648,2030,2011,288.0,11,2,138,,223883,0.384
unlab,6565,8144,1988,1891,90.0,12,1,160,,413323,0.384
unlab,6696,5264,2005,1898,228.0,12,1,141,,318847,0.384
unlab,6744,6352,2056,1940,258.0,12,1,146,,352160,0.384
unlab,6920,5072,2190,1956,96.0,13,1,162,,310035,0.384
unlab,6938,6352,2244,1926,108.0,13,1,152,,223883,0.384
unlab,6946,6160,2221,1950,114.0,13,1,146,,223883,0.384
unlab,7513,5840,2016,2016,288.0,15,1,156,,338357,0.384
unlab,7634,9872,1951,1493,156.0,16,1,135,,500732,0.384
unlab,7719,1168,1789,1778,342.0,16,1,176,,63448,0.384
unlab,8493,3792,2209,1498,156.0,30,1,127,,240252,0.384
unlab,8723,8528,2224,2225,42.0,48,1,176,,223883,0.384
unlab,8819,1360,2518,1864,72.0,57,1,177,,86501,0.384
wedge,2691,8528,2279,2056,60.0,51,,,1,430326,0.384
unlab,105,1616,1760,1571,108.0,2,1,159,,63448,0.376
unlab,603,6544,2222,1892,150.0,3,1,123,,223883,0.376
unlab,997,6224,2177,2073,24.0,4,1,153,,352618,0.376
unlab,1046,1616,1772,1646,54.0,4,1,166,,63448,0.376
unlab,1330,4112,2028,1887,192.0,4,1,129,,257905,0.376
unlab,1360,5840,2091,1910,204.0,4,1,128,,331426,0.376
unlab,1563,7568,1972,2024,300.0,4,1,132,,395614,0.376
unlab,1737,4560,2097,2005,18.0,5,1,117,,288662,0.376
unlab,1781,4176,2103,2001,36.0,5,1,158,,273116,0.376
unlab,1796,4880,2122,2020,48.0,5,1,122,,223883,0.376
unlab,1808,6224,2182,2013,54.0,5,1,161,,223883,0.376
unlab,1948,8848,1959,1699,114.0,5,1,154,,449354,0.376
unlab,2131,3728,2010,1868,186.0,5,1,156,,219323,0.376
unlab,2234,1552,1662,1532,222.0,5,1,184,,94505,0.376
unlab,2314,10576,1676,1646,252.0,5,1,194,,598074,0.376
unlab,2795,1616,1793,1591,90.0,6,1,124,,63448,0.376
unlab,2870,9744,1940,1628,120.0,6,1,164,,500444,0.376
unlab,3121,6480,2093,1903,228.0,6,1,123,,223883,0.376
unlab,3206,7696,1926,1939,258.0,6,1,155,,395683,0.376
unlab,3215,10960,1166,1906,258.0,6,1,168,,629471,0.376
unlab,3389,2576,1938,1845,330.0,6,1,171,,141646,0.376
unlab,3392,4240,2034,1970,330.0,6,2,110,,272834,0.376
unlab,3401,10448,1751,1715,330.0,6,1,186,,566770,0.376
unlab,3474,1552,1803,1743,30.0,7,1,138,,63448,0.376
unlab,3574,4304,2136,1951,72.0,7,1,156,,272779,0.376
unlab,3620,7120,2218,1939,90.0,7,1,151,,381816,0.376
unlab,3737,8912,1882,1704,138.0,7,2,135,,449760,0.376
unlab,3801,3728,2029,1845,174.0,7,1,143,,219323,0.376
unlab,3959,1104,1826,1491,246.0,7,2,162,,63985,0.376
unlab,4282,2000,1803,1673,48.0,8,1,166,,63448,0.376
unlab,4789,7696,1913,2005,300.0,8,1,140,,404839,0.376
unlab,4963,6480,2291,2042,60.0,9,1,178,,223883,0.376
unlab,5006,9232,1988,1828,78.0,9,1,132,,459335,0.376
unlab,5084,5072,2157,1912,120.0,9,1,142,,317404,0.376
unlab,5113,6416,2225,1915,132.0,9,1,154,,223883,0.376
unlab,5138,6416,2216,1894,144.0,9,1,158,,223883,0.376
unlab,5517,4944,2120,1998,60.0,10,1,129,,223883,0.376
unlab,5544,4240,2153,1940,72.0,10,2,147,,273241,0.376
unlab,5569,7504,2152,1981,84.0,10,2,147,,396061,0.376
unlab,5592,9296,2019,1848,90.0,10,1,168,,469755,0.376
unlab,5638,7568,2138,1940,114.0,10,1,152,,395698,0.376
unlab,5676,6416,2229,1911,132.0,10,1,158,,223883,0.376
unlab,5693,3472,2119,1808,144.0,10,1,151,,219069,0.376
unlab,5844,6672,2065,1946,258.0,10,1,118,,365802,0.376
unlab,5896,5712,2040,1980,282.0,10,1,152,,331428,0.376
unlab,5904,2320,1800,1652,288.0,10,1,153,,63448,0.376
unlab,5908,5648,2037,2009,288.0,10,1,131,,223883,0.376
unlab,5910,5776,2039,1993,288.0,10,1,142,,331428,0.376
unlab,5944,10960,1145,1984,300.0,10,1,167,,629645,0.376
unlab,6049,2512,2064,1818,60.0,11,1,110,,132122,0.376
unlab,6079,1680,1796,1615,72.0,11,1,138,,63448,0.376
unlab,6084,6160,2222,2026,72.0,11,1,137,,223883,0.376
unlab,6087,6992,2256,2034,72.0,11,1,108,,223883,0.376
unlab,6131,6992,2258,1993,96.0,11,1,133,,223883,0.376
unlab,6146,2192,1963,1553,108.0,11,1,142,,130630,0.376
unlab,6420,5840,2044,2027,300.0,11,3,113,,337886,0.376
unlab,6544,6992,2270,2026,78.0,12,1,150,,223883,0.376
unlab,6596,5968,2230,1914,108.0,12,1,163,,223883,0.376
unlab,6779,6608,2074,1982,276.0,12,1,107,,365802,0.376
unlab,7057,5904,2018,1907,252.0,13,1,120,,331428,0.376
unlab,7139,5200,2103,2250,6.0,14,1,135,,223883,0.376
unlab,7218,7440,2193,1938,108.0,14,1,123,,389431,0.376
unlab,7475,2768,1840,1745,240.0,15,1,139,,148524,0.376
unlab,7829,7184,1960,2037,300.0,17,1,163,,223883,0.376
unlab,7899,2704,1878,1563,204.0,18,1,215,,152268,0.376
unlab,7931,5648,1950,1966,264.0,18,1,139,,337788,0.376
unlab,7986,10064,2116,1517,108.0,19,1,154,,523254,0.376
unlab,8129,7696,2164,1920,102.0,21,1,152,,404927,0.376
unlab,8290,9680,2179,1662,96.0,24,1,152,,484277,0.376
unlab,8516,6224,2355,1956,96.0,31,1,118,,355775,0.376
unlab,8796,6736,1736,2346,312.0,55,1,134,,364263,0.376
unlab,8955,1360,1072,2333,318.0,69,1,114,,74466,0.376
wedge,1625,5104,1535,2291,300.0,61,,,1,206505,0.376
unlab,3075,6928,2103,1855,210.0,6,1,146,,373803,0.373
unlab,98,1616,1762,1578,102.0,2,1,158,,63448,0.368
unlab,102,3600,2108,1915,102.0,2,1,108,,220584,0.368
unlab,200,6480,2163,1898,186.0,2,1,181,,359498,0.368
unlab,272,2384,1879,1680,252.0,2,1,176,,142322,0.368
unlab,613,4304,2059,1876,156.0,3,1,137,,287242,0.368
unlab,744,4304,2021,1899,222.0,3,1,122,,273319,0.368
unlab,907,1488,1708,1674,330.0,3,1,164,,78218,0.368
unlab,972,9488,1907,1818,6.0,4,1,152,,465348,0.368
unlab,1361,6224,2109,1920,204.0,4,1,171,,352160,0.368
unlab,1673,5776,2100,2035,342.0,4,1,155,,223883,0.368
unlab,1732,9232,1897,1937,12.0,5,1,162,,459655,0.368
unlab,2107,3600,2036,1860,174.0,5,2,140,,219373,0.368
unlab,2195,5776,2073,1880,210.0,5,1,140,,331426,0.368
unlab,2325,6672,2104,1954,258.0,5,1,131,,366798,0.368
unlab,2513,1616,1666,1644,330.0,5,2,163,,109502,0.368
unlab,2653,7696,2049,2021,36.0,6,1,114,,395724,0.368
unlab,2797,6864,2275,1959,90.0,6,1,134,,373848,0.368
unlab,2892,7440,2129,1924,132.0,6,1,147,,395956,0.368
unlab,2926,8400,1920,1776,144.0,6,1,140,,223883,0.368
unlab,2929,10640,1795,1599,144.0,6,2,160,,598182,0.368
unlab,3017,1232,1803,1495,192.0,6,1,183,,78188,0.368
unlab,3330,6672,2111,2019,306.0,6,1,131,,366690,0.368
unlab,3381,10192,1783,1741,324.0,6,1,183,,512815,0.368
unlab,3545,6736,2254,1998,60.0,7,1,144,,366031,0.368
unlab,3621,7312,2206,1967,90.0,7,1,141,,223883,0.368
unlab,3642,1616,1796,1570,102.0,7,1,150,,63448,0.368
unlab,3943,8912,1781,1712,234.0,7,1,165,,442634,0.368
unlab,3969,7504,1961,1927,246.0,7,1,139,,223883,0.368
unlab,4133,5776,2063,2019,312.0,7,1,158,,223883,0.368
unlab,4420,1680,1791,1562,102.0,8,1,159,,63448,0.368
unlab,4428,8784,1967,1710,102.0,8,1,152,,223883,0.368
unlab,4570,5840,2087,1816,192.0,8,2,141,,337426,0.368
unlab,4571,6096,2116,1892,192.0,8,2,165,,223883,0.368
unlab,5027,5392,2213,1973,90.0,9,1,132,,325654,0.368
unlab,5129,6736,2239,1880,138.0,9,1,125,,223883,0.368
unlab,5469,9936,1939,1772,30.0,10,1,190,,522893,0.368
unlab,5480,1680,1794,1690,42.0,10,1,126,,109894,0.368
unlab,5492,7696,2076,2022,48.0,10,1,134,,404840,0.368
unlab,5502,4944,2120,2009,54.0,10,1,140,,223883,0.368
unlab,5547,6736,2280,1986,72.0,10,1,116,,223883,0.368
unlab,5620,5456,2180,1951,108.0,10,2,160,,332474,0.368
unlab,5646,2000,1812,1556,120.0,10,1,186,,63448,0.368
unlab,5650,5840,2196,1940,120.0,10,1,132,,223883,0.368
unlab,6094,5840,2209,2000,78.0,11,1,161,,223883,0.368
unlab,6140,6160,2210,1975,102.0,11,2,158,,223883,0.368
unlab,6152,7568,2140,1951,108.0,11,1,139,,395698,0.368
unlab,6224,4624,2122,1776,150.0,11,1,152,,297179,0.368
unlab,6267,2768,1895,1702,216.0,11,1,138,,165506,0.368
unlab,6390,1680,1590,1605,282.0,11,1,151,,109614,0.368
unlab,6395,6992,2054,2026,282.0,11,1,156,,374562,0.368
unlab,6434,8720,1808,1800,306.0,11,1,136,,409097,0.368
unlab,6529,6160,2231,2042,66.0,12,1,113,,352440,0.368
unlab,6553,6992,2269,2015,84.0,12,1,149,,223883,0.368
unlab,6673,912,2012,1234,204.0,12,1,166,,55947,0.368
unlab,6778,5840,2036,1991,276.0,12,1,138,,331428,0.368
unlab,6856,8528,1928,1990,24.0,13,1,158,,429097,0.368
unlab,6970,3792,2130,1802,138.0,13,1,124,,240914,0.368
unlab,6988,5072,2007,1734,192.0,13,1,144,,317425,0.368
unlab,7022,8656,1776,1705,228.0,13,1,135,,416506,0.368
unlab,7079,7056,2049,1945,270.0,13,1,140,,382193,0.368
unlab,7194,912,2210,1444,96.0,14,1,147,,49843,0.368
unlab,7257,8528,1822,1694,192.0,14,1,118,,409097,0.368
unlab,7499,2704,1842,1818,270.0,15,1,152,,63448,0.368
unlab,7660,1872,1583,1516,240.0,16,1,163,,119227,0.368
unlab,7806,5328,1938,1923,252.0,17,1,119,,325693,0.368
unlab,7907,6288,1924,1713,222.0,18,1,135,,223883,0.368
unlab,8420,3536,1694,1895,264.0,27,1,126,,215651,0.368
unlab,8483,6160,2369,1941,102.0,30,1,122,,355746,0.368
unlab,176,5392,2114,1887,168.0,2,1,124,,317429,0.36
unlab,841,5200,2006,2005,288.0,3,1,102,,318178,0.36
unlab,1187,2384,1991,1621,132.0,4,1,121,,141588,0.36
unlab,1195,5072,2118,1915,132.0,4,1,145,,223883,0.36
unlab,1344,6864,2134,1838,198.0,4,1,140,,373472,0.36
unlab,1362,6608,2156,1907,204.0,4,1,136,,366498,0.36
unlab,1396,4112,1991,1879,216.0,4,1,133,,271723,0.36
unlab,1485,7504,1983,1955,258.0,4,1,144,,223883,0.36
unlab,1801,6992,2216,2051,48.0,5,1,143,,223883,0.36
unlab,1804,3408,2089,1899,54.0,5,1,162,,200585,0.36
unlab,1846,3280,2102,1875,66.0,5,1,123,,198458,0.36
unlab,1946,5072,2140,1933,114.0,5,1,148,,317414,0.36
unlab,1973,5136,2156,1921,126.0,5,1,173,,223883,0.36
unlab,2163,2000,1702,1549,204.0,5,1,145,,119823,0.36
unlab,2202,8208,1866,1814,210.0,5,2,152,,409177,0.36
unlab,2241,6672,2116,1900,222.0,5,1,146,,366686,0.36
unlab,2495,2704,1950,1875,324.0,5,1,110,,152572,0.36
unlab,2596,8208,1919,1967,12.0,6,1,129,,421159,0.36
unlab,2603,1424,1739,1669,18.0,6,1,167,,78526,0.36
unlab,3233,5392,2014,1973,270.0,6,2,126,,326242,0.36
unlab,3282,8848,1834,1749,288.0,6,1,146,,442433,0.36
unlab,3561,6736,2259,1989,66.0,7,1,109,,223883,0.36
unlab,3825,6096,2118,1901,192.0,7,1,132,,223883,0.36
unlab,4084,5008,1916,2023,294.0,7,1,150,,223883,0.36
unlab,4216,9168,1829,1956,348.0,7,1,152,,455050,0.36
unlab,4281,912,2178,1516,48.0,8,1,171,,56420,0.36
unlab,4396,7120,2224,1939,90.0,8,1,138,,381816,0.36
unlab,4408,1872,1826,1591,96.0,8,1,152,,63448,0.36
unlab,4464,6864,2261,1908,120.0,8,1,158,,223883,0.36
unlab,4675,1232,1736,1541,246.0,8,1,179,,78158,0.36
unlab,4860,8784,1760,1966,336.0,8,2,146,,434406,0.36
unlab,4944,7696,2071,2018,48.0,9,1,143,,404973,0.36
unlab,4948,7696,2078,2010,54.0,9,1,122,,404842,0.36
unlab,5037,8784,1969,1721,96.0,9,1,152,,223883,0.36
unlab,5063,8784,1964,1699,108.0,9,1,164,,223883,0.36
unlab,5289,4368,1940,1915,258.0,9,2,120,,288081,0.36
unlab,5323,10128,1718,1624,270.0,9,1,148,,512416,0.36
unlab,5352,7632,1937,2000,288.0,9,1,160,,395622,0.36
unlab,5383,8720,1819,1792,306.0,9,1,128,,409097,0.36
unlab,5683,6160,2193,1916,138.0,10,1,117,,223883,0.36
unlab,5701,1936,1805,1476,150.0,10,1,182,,63448,0.36
unlab,5767,5904,2055,1860,222.0,10,1,116,,223883,0.36
unlab,5783,6672,2078,1897,234.0,10,1,146,,223883,0.36
unlab,5793,6672,2076,1911,240.0,10,1,156,,223883,0.36
unlab,5892,1616,1627,1606,282.0,10,3,154,,94533,0.36
unlab,5898,7120,2065,1953,282.0,10,2,135,,382447,0.36
unlab,5909,5712,2041,1989,288.0,10,1,153,,331428,0.36
unlab,5966,6608,2110,2038,312.0,10,1,156,,352191,0.36
unlab,6074,6992,2256,2045,66.0,11,1,134,,223883,0.36
unlab,6155,8720,1981,1715,108.0,11,1,145,,223883,0.36
unlab,6274,1680,1623,1500,222.0,11,1,136,,93339,0.36
unlab,6411,4368,1930,1976,294.0,11,1,136,,288041,0.36
unlab,6419,4368,1930,1989,300.0,11,1,138,,288041,0.36
unlab,6465,8912,1779,1854,330.0,11,2,230,,442597,0.36
unlab,6526,1808,1828,1638,66.0,12,1,160,,63448,0.36
unlab,6546,7632,2143,1993,78.0,12,1,136,,395712,0.36
unlab,6642,3792,2126,1807,138.0,12,1,112,,240914,0.36
unlab,6692,9104,1760,1718,222.0,12,1,124,,442540,0.36
unlab,6795,5840,2038,2009,288.0,12,1,124,,331428,0.36
unlab,6807,1616,1613,1640,300.0,12,1,134,,109512,0.36
unlab,6904,976,2165,1507,84.0,13,1,123,,67910,0.36
unlab,7005,2704,1830,1596,216.0,13,1,136,,63448,0.36
unlab,7039,5904,2022,1881,240.0,13,1,140,,331428,0.36
unlab,7134,9104,1775,2053,342.0,13,1,129,,223883,0.36
unlab,7195,2000,1844,1592,96.0,14,1,177,,63448,0.36
unlab,7207,8528,1963,1779,102.0,14,1,135,,428487,0.36
unlab,7722,10768,1732,2104,12.0,17,1,169,,600665,0.36
unlab,7768,4304,2154,1836,126.0,17,1,102,,271621,0.36
unlab,7865,2000,1882,1605,90.0,18,1,154,,63448,0.36
unlab,7965,4624,2216,1985,60.0,19,1,112,,299391,0.36
unlab,7985,6288,2266,1910,108.0,19,1,138,,223883,0.36
unlab,8120,9936,2121,1680,84.0,21,1,141,,500867,0.36
unlab,8305,2512,1763,1538,222.0,24,1,153,,63448,0.36
unlab,8388,6352,1878,1987,276.0,26,1,129,,223883,0.36
unlab,8734,4688,1591,1997,282.0,49,1,137,,294885,0.36
wedge,1824,5648,2688,1926,96.0,62,,,1,335469,0.36
unlab,441,9232,1895,1839,36.0,3,1,165,,459655,0.352
unlab,487,5072,2144,2009,66.0,3,1,149,,223883,0.352
unlab,773,3984,1989,1918,240.0,3,1,154,,257905,0.352
unlab,1343,6416,2126,1880,198.0,4,1,178,,358685,0.352
unlab,1723,2832,2002,1910,12.0,5,1,139,,166549,0.352
unlab,1963,10064,1967,1534,120.0,5,1,146,,523216,0.352
unlab,2024,1360,1777,1536,144.0,5,1,179,,63448,0.352
unlab,2090,2704,2022,1675,168.0,5,1,113,,152270,0.352
unlab,2196,6096,2093,1913,210.0,5,1,132,,223883,0.352
unlab,2640,1808,1772,1678,30.0,6,1,169,,63448,0.352
unlab,2667,9232,1929,1871,42.0,6,1,158,,459619,0.352
unlab,2775,2384,2002,1701,84.0,6,1,146,,141588,0.352
unlab,3020,5840,2090,1830,192.0,6,1,149,,337426,0.352
unlab,3236,7504,1967,1971,270.0,6,1,172,,395622,0.352
unlab,3256,7568,1949,1991,276.0,6,3,129,,395622,0.352
unlab,3301,7696,1911,1994,294.0,6,1,151,,395683,0.352
unlab,3614,1616,1799,1591,90.0,7,1,129,,63448,0.352
unlab,3824,5840,2089,1823,192.0,7,2,147,,337426,0.352
unlab,3839,5840,2083,1861,198.0,7,1,140,,331426,0.352
unlab,3843,9424,1863,1594,198.0,7,1,166,,469972,0.352
unlab,4068,4816,1958,1954,288.0,7,1,140,,310024,0.352
unlab,4143,2128,1810,1642,318.0,7,1,134,,126346,0.352
unlab,4419,1488,1834,1604,102.0,8,1,161,,94474,0.352
unlab,4822,6224,2089,2030,318.0,8,1,170,,352118,0.352
unlab,4970,1680,1787,1623,66.0,9,1,127,,63448,0.352
unlab,5012,7120,2232,1949,84.0,9,1,140,,381816,0.352
unlab,5206,912,1992,1251,210.0,9,1,132,,55947,0.352
unlab,5244,5904,2048,1884,234.0,9,1,134,,338404,0.352
unlab,5270,9296,1845,1815,246.0,9,1,168,,442759,0.352
unlab,5291,5264,2000,1951,258.0,9,1,154,,326180,0.352
unlab,5390,6608,2114,2034,312.0,9,1,144,,366434,0.352
unlab,5840,4368,1931,1913,258.0,10,1,140,,288177,0.352
unlab,6151,5904,2225,1913,108.0,11,1,124,,338416,0.352
unlab,6348,6800,2070,1915,258.0,11,1,138,,223883,0.352
unlab,6399,8848,1803,1751,282.0,11,1,142,,442474,0.352
unlab,6490,4816,2092,2091,18.0,12,1,141,,223883,0.352
unlab,6664,912,2075,1291,192.0,12,1,171,,56401,0.352
unlab,6688,1424,1659,1542,222.0,12,1,141,,94298,0.352
unlab,6780,7312,1992,1980,276.0,12,1,134,,389784,0.352
unlab,7052,8528,1736,1755,246.0,13,1,170,,424062,0.352
unlab,7205,5968,2238,1923,102.0,14,1,154,,223883,0.352
unlab,7321,8016,1762,1898,276.0,14,1,129,,408629,0.352
unlab,8167,1424,1554,1794,318.0,21,1,148,,78502,0.352
unlab,8342,5712,2304,1797,132.0,25,1,140,,223883,0.352
unlab,8581,10320,1959,1145,162.0,34,1,125,,544896,0.352
unlab,8658,3152,1420,1718,258.0,41,1,160,,171905,0.352
unlab,8672,10960,1472,2609,18.0,43,1,156,,640853,0.352
unlab,8764,3152,1897,3004,354.0,52,1,103,,185552,0.352
unlab,8787,4496,2586,2315,54.0,55,1,141,,223883,0.352
wedge,1704,5392,2564,1637,126.0,67,,,1,320593,0.352
unlab,96,4752,2098,1913,96.0,2,1,125,,311247,0.344
unlab,400,8144,1923,1968,12.0,3,1,151,,420987,0.344
unlab,691,8784,1828,1618,198.0,3,1,130,,442429,0.344
unlab,978,7120,2160,2065,12.0,4,1,120,,223883,0.344
unlab,1792,4880,2118,2032,42.0,5,1,152,,223883,0.344
unlab,1915,1616,1783,1573,102.0,5,1,170,,63448,0.344
unlab,2187,1360,1683,1533,210.0,5,1,130,,78509,0.344
unlab,2678,3792,2058,1959,48.0,6,1,105,,241373,0.344
unlab,2851,5072,2146,1930,114.0,6,1,123,,317404,0.344
unlab,3012,3728,2009,1856,186.0,6,1,162,,219323,0.344
unlab,3470,6160,2156,2070,24.0,7,1,154,,352083,0.344
unlab,3497,7696,2055,2029,36.0,7,1,135,,404917,0.344
unlab,3528,8144,1969,1936,54.0,7,1,138,,421333,0.344
unlab,3544,6416,2242,2025,60.0,7,1,146,,223883,0.344
unlab,3732,4752,2105,1850,138.0,7,1,134,,298953,0.344
unlab,4694,4368,1941,1906,252.0,8,2,122,,288081,0.344
unlab,4930,912,2177,1529,42.0,9,1,156,,56420,0.344
unlab,4954,1808,1812,1643,60.0,9,1,162,,63448,0.344
unlab,5010,3152,2134,1858,84.0,9,1,132,,181302,0.344
unlab,5104,912,2174,1396,132.0,9,1,161,,50837,0.344
unlab,5330,7312,2010,1978,276.0,9,1,154,,389851,0.344
unlab,5524,10896,1630,2000,60.0,10,1,159,,638402,0.344
unlab,5750,5200,2020,1889,210.0,10,1,122,,223883,0.344
unlab,5826,5456,1990,1939,252.0,10,1,170,,223883,0.344
unlab,5980,9104,1766,1935,324.0,10,1,197,,455015,0.344
unlab,6104,2448,2033,1749,84.0,11,2,161,,141464,0.344
unlab,6331,5712,2028,1934,252.0,11,1,134,,337982,0.344
unlab,6486,1616,1745,1821,12.0,12,1,155,,94552,0.344
unlab,6690,6352,2067,1874,222.0,12,2,149,,351615,0.344
unlab,6861,4304,2134,2024,42.0,13,1,144,,272848,0.344
unlab,6915,6928,2254,1932,90.0,13,1,143,,223883,0.344
unlab,6939,6416,2262,1942,108.0,13,1,142,,223883,0.344
unlab,6958,2448,2031,1675,126.0,13,1,145,,140686,0.344
unlab,7098,5904,2030,1988,294.0,13,1,149,,337886,0.344
unlab,7366,11024,1147,2208,6.0,15,1,148,,629849,0.344
unlab,7449,8784,1966,1556,150.0,15,1,169,,437049,0.344
unlab,8208,10640,1786,1291,174.0,22,1,188,,574063,0.344
unlab,8236,6352,1979,2078,306.0,22,1,148,,359629,0.344
unlab,8392,7952,1697,2011,294.0,26,1,143,,409268,0.344
unlab,8429,3216,1810,2129,324.0,27,1,110,,193543,0.344
unlab,9014,9872,2006,453,174.0,76,1,163,,481400,0.344
unlab,358,912,2093,1506,342.0,2,2,158,,56450,0.336
unlab,929,2128,1840,1642,342.0,3,2,146,,126994,0.336
unlab,1139,9552,1990,1699,102.0,4,1,138,,470035,0.336
unlab,1274,3600,2047,1874,162.0,4,1,143,,220699,0.336
unlab,2236,3280,2001,1807,222.0,5,1,147,,198746,0.336
unlab,2630,10128,1877,1729,24.0,6,1,195,,523302,0.336
unlab,3034,5840,2086,1870,198.0,6,2,132,,331426,0.336
unlab,3103,2128,1806,1533,222.0,6,1,140,,121341,0.336
unlab,3138,8208,1830,1821,234.0,6,1,135,,395683,0.336
unlab,3315,5392,2006,2025,300.0,6,1,108,,326242,0.336
unlab,4104,7632,1952,2014,300.0,7,1,145,,223883,0.336
unlab,4680,6480,2058,1922,246.0,8,1,119,,223883,0.336
unlab,4981,8976,1931,1789,66.0,9,1,130,,449846,0.336
unlab,5011,5392,2215,1985,84.0,9,1,125,,325654,0.336
unlab,5278,4368,1933,1903,252.0,9,1,141,,288165,0.336
unlab,5370,6864,2086,2009,300.0,9,1,145,,374339,0.336
unlab,5870,7312,2001,1967,270.0,10,1,140,,389842,0.336
unlab,6011,3408,2078,1974,18.0,11,1,158,,220343,0.336
unlab,6283,4432,1945,1826,228.0,11,1,115,,285852,0.336
unlab,6714,6864,2081,1905,240.0,12,1,126,,374308,0.336
unlab,6781,9680,1686,1714,276.0,12,1,150,,479403,0.336
unlab,6916,8336,1968,1862,90.0,13,1,126,,223883,0.336
unlab,6934,10256,2008,1655,102.0,13,1,150,,547277,0.336
unlab,7084,6160,2019,2004,276.0,13,1,121,,352074,0.336
unlab,7569,6224,2253,1992,84.0,16,1,114,,352573,0.336
unlab,7611,10832,1919,1633,120.0,16,1,146,,609283,0.336
unlab,7847,2704,2171,1948,54.0,18,1,129,,152129,0.336
unlab,8091,5328,1921,1937,258.0,20,1,181,,223883,0.336
unlab,8124,7632,2206,1969,90.0,21,1,152,,223883,0.336
unlab,8147,5136,1860,1863,240.0,21,1,144,,223883,0.336
unlab,8153,5776,1952,1930,258.0,21,1,118,,337460,0.336
unlab,8690,3600,1565,1665,240.0,44,1,138,,213047,0.336
unlab,451,8848,1923,1780,42.0,3,1,163,,449316,0.328
unlab,675,2256,1868,1545,192.0,3,1,148,,130889,0.328
unlab,866,6480,2083,2036,306.0,3,1,133,,223883,0.328
unlab,1016,11088,1042,2144,30.0,4,2,139,,650347,0.328
unlab,1128,9552,1985,1709,96.0,4,1,137,,484143,0.328
unlab,1848,7568,2108,2008,66.0,5,1,148,,382073,0.328
unlab,2243,7632,1977,1909,222.0,5,1,136,,223883,0.328
unlab,2414,7504,1992,2000,294.0,5,1,155,,223883,0.328
unlab,2922,5648,2165,1917,144.0,6,1,116,,317429,0.328
unlab,3010,3344,2016,1672,186.0,6,1,161,,199875,0.328
unlab,3205,7312,2016,1948,258.0,6,1,142,,389843,0.328
unlab,4297,2896,2159,1957,54.0,8,1,146,,152072,0.328
unlab,4475,5712,2203,1903,126.0,8,1,167,,223883,0.328
unlab,5373,8720,1812,1787,300.0,9,2,149,,409097,0.328
unlab,5636,5968,2216,1908,114.0,10,1,124,,223883,0.328
unlab,5654,8400,1929,1811,120.0,10,1,107,,223883,0.328
unlab,5760,8912,1726,1599,216.0,10,1,135,,432308,0.328
unlab,5860,8656,1756,1772,264.0,10,1,159,,416506,0.328
unlab,6165,5776,2219,1923,114.0,11,1,169,,223883,0.328
unlab,6493,3088,2133,2046,24.0,12,1,169,,182791,0.328
unlab,6605,9744,1992,1624,108.0,12,1,158,,484582,0.328
unlab,7073,1744,1578,1551,270.0,13,1,137,,109567,0.328
unlab,7182,5840,2225,1992,84.0,14,1,135,,223883,0.328
unlab,7225,10640,1889,1602,114.0,14,1,168,,608598,0.328
unlab,7520,5840,2019,2042,300.0,15,1,129,,338357,0.328
unlab,7675,7440,1914,1945,258.0,16,1,112,,395815,0.328
unlab,8183,5904,2308,1925,96.0,22,1,151,,223883,0.328
unlab,8215,3216,1800,1581,222.0,22,1,151,,190770,0.328
unlab,8222,3280,1682,1771,258.0,22,1,141,,191048,0.328
unlab,8253,5968,2328,1986,78.0,23,1,125,,223883,0.328
unlab,8409,2896,2325,1660,120.0,27,1,150,,170345,0.328
unlab,204,8528,1839,1741,186.0,2,1,130,,409097,0.32
unlab,263,6864,2144,1932,228.0,2,1,151,,374314,0.32
unlab,546,3088,2138,1787,120.0,3,1,133,,181062,0.32
unlab,1363,6864,2135,1873,204.0,4,1,150,,366751,0.32
unlab,1771,9936,1905,1713,30.0,5,1,187,,523454,0.32
unlab,1875,5200,2195,2009,78.0,5,1,129,,223883,0.32
unlab,1922,1616,1781,1564,108.0,5,2,176,,63448,0.32
unlab,1998,9680,1956,1635,132.0,5,1,168,,484332,0.32
unlab,2313,10384,1695,1657,252.0,5,1,179,,566534,0.32
unlab,2829,8912,1895,1741,102.0,6,1,161,,449316,0.32
unlab,3171,8464,1800,1800,246.0,6,3,154,,416506,0.32
unlab,3378,8528,1744,1944,324.0,6,1,144,,409097,0.32
unlab,3512,3472,2150,1966,48.0,7,1,165,,220499,0.32
unlab,3563,9808,1961,1721,66.0,7,1,174,,500737,0.32
unlab,3821,1232,1801,1485,192.0,7,2,162,,63572,0.32
unlab,4131,4368,1942,2010,312.0,7,1,143,,288083,0.32
unlab,4179,10704,1676,1765,330.0,7,1,193,,598611,0.32
unlab,4221,2960,1992,1956,354.0,7,1,151,,182299,0.32
unlab,4289,8144,1970,1948,48.0,8,1,143,,421333,0.32
unlab,4537,7952,2007,1793,156.0,8,1,146,,412632,0.32
unlab,4722,8144,1818,1882,264.0,8,1,151,,395683,0.32
unlab,5486,912,2189,1526,48.0,10,1,167,,50837,0.32
unlab,6000,5520,2057,2222,348.0,10,1,114,,223883,0.32
unlab,6474,1616,1636,1776,342.0,11,1,170,,109668,0.32
unlab,6929,6928,2256,1909,102.0,13,1,136,,223883,0.32
unlab,7085,6864,2064,1970,276.0,13,1,171,,374327,0.32
unlab,7167,5968,2249,1983,72.0,14,1,120,,223883,0.32
unlab,7331,7376,1982,2005,288.0,14,1,145,,388982,0.32
unlab,7531,4752,1904,2044,312.0,15,1,225,,294917,0.32
unlab,7573,6032,2256,1971,90.0,16,1,146,,223883,0.32
unlab,8039,5712,1986,2007,288.0,19,1,148,,223883,0.32
unlab,8088,1808,1577,1461,228.0,20,1,128,,109143,0.32
unlab,8589,6416,1824,1941,264.0,35,1,119,,357135,0.32
unlab,8673,10192,2269,1931,60.0,43,1,124,,547742,0.32
unlab,162,5648,2143,1924,156.0,2,1,121,,223883,0.312
unlab,450,7568,2078,2016,42.0,3,1,161,,395691,0.312
unlab,578,1872,1790,1536,138.0,3,1,174,,119858,0.312
unlab,799,11024,1075,1994,258.0,3,1,154,,652357,0.312
unlab,970,8784,1871,1796,6.0,4,1,119,,423895,0.312
unlab,1595,8016,1893,1919,312.0,4,1,145,,395683,0.312
unlab,1663,7056,2121,2008,336.0,4,1,159,,382393,0.312
unlab,3424,11152,905,2487,342.0,6,1,137,,651365,0.312
unlab,4117,5456,2037,2024,306.0,7,1,144,,326231,0.312
unlab,4170,2960,1938,1970,330.0,7,1,156,,166749,0.312
unlab,4461,3536,2116,1873,120.0,8,1,161,,218989,0.312
unlab,4569,4688,2035,1775,192.0,8,1,136,,297694,0.312
unlab,5447,1680,1718,1785,6.0,10,1,128,,109766,0.312
unlab,5531,5776,2207,2004,66.0,10,1,160,,223883,0.312
unlab,5609,5904,2224,1924,102.0,10,1,142,,338416,0.312
unlab,5933,2320,1800,1674,300.0,10,1,158,,137776,0.312
unlab,6031,912,2187,1540,42.0,11,1,169,,50837,0.312
unlab,6264,8720,1801,1613,210.0,11,1,149,,409097,0.312
unlab,6324,8400,1776,1802,246.0,11,1,151,,416506,0.312
unlab,6425,10128,1706,1696,300.0,11,1,176,,513023,0.312
unlab,6947,6480,2299,1916,114.0,13,1,143,,223883,0.312
unlab,7335,6992,2023,2066,294.0,14,1,148,,366765,0.312
unlab,7598,6288,2250,1916,108.0,16,1,164,,223883,0.312
unlab,7979,8464,2032,1830,90.0,19,1,154,,420765,0.312
unlab,8034,7056,2017,1959,276.0,19,1,142,,382348,0.312
unlab,8138,5968,2296,1826,126.0,21,1,150,,223883,0.312
unlab,8151,8912,1663,1675,246.0,21,1,130,,442718,0.312
unlab,8191,8464,2032,1776,108.0,22,1,130,,420765,0.312
unlab,8381,9808,1633,1575,246.0,26,1,148,,493360,0.312
unlab,8410,6416,2313,1862,126.0,27,1,153,,223883,0.312
unlab,8422,5584,1811,1979,270.0,27,1,125,,223883,0.312
unlab,8446,7696,1766,1878,252.0,28,1,120,,223883,0.312
wedge,1809,5584,1762,2585,330.0,43,,,1,330228,0.312
unlab,389,9104,1860,1907,6.0,3,1,142,,454820,0.304
unlab,1425,3280,2001,1815,228.0,4,1,154,,198746,0.304
unlab,1593,7568,1971,2049,312.0,4,1,140,,395614,0.304
unlab,1784,7824,2040,1975,36.0,5,1,164,,404718,0.304
unlab,1997,9040,1859,1765,132.0,5,1,152,,454019,0.304
unlab,2661,5712,2175,2026,42.0,6,1,160,,317429,0.304
unlab,2757,9872,1937,1673,72.0,6,1,158,,500909,0.304
unlab,3218,3792,1943,1916,264.0,6,1,155,,242617,0.304
unlab,3454,9744,1900,1742,6.0,7,1,224,,500477,0.304
unlab,4859,8528,1807,1891,336.0,8,1,255,,409097,0.304
unlab,5538,9040,1915,1851,66.0,10,1,150,,449316,0.304
unlab,5988,4304,1973,2069,336.0,10,2,168,,287847,0.304
unlab,6161,2000,1822,1562,114.0,11,1,156,,63448,0.304
unlab,6167,6160,2207,1956,114.0,11,1,166,,223883,0.304
unlab,6178,6160,2205,1946,120.0,11,1,149,,223883,0.304
unlab,6444,7248,2014,2070,312.0,11,1,142,,389698,0.304
unlab,6570,2896,2148,1830,96.0,12,1,147,,152072,0.304
unlab,7244,9808,1958,1560,138.0,14,1,188,,500644,0.304
unlab,7430,8912,1949,1703,114.0,15,1,165,,449828,0.304
unlab,8197,7952,2186,1793,114.0,22,1,148,,404239,0.304
unlab,8242,3856,2093,2132,18.0,23,1,179,,242689,0.304
unlab,8314,8784,1627,1707,264.0,24,1,153,,431713,0.304
unlab,8448,6096,1890,2042,282.0,28,1,123,,352032,0.304
unlab,117,6864,2208,1943,114.0,2,1,140,,374346,0.296
unlab,282,3024,1968,1861,264.0,2,1,138,,181609,0.296
unlab,740,2960,1975,1830,222.0,3,1,153,,165722,0.296
unlab,1007,3216,2060,1890,30.0,4,2,120,,200804,0.296
unlab,1233,2576,2005,1730,150.0,4,1,129,,152011,0.296
unlab,1580,7568,1971,2036,306.0,4,1,119,,395614,0.296
unlab,2004,1616,1771,1509,138.0,5,1,121,,63448,0.296
unlab,2109,4304,2053,1786,174.0,5,1,129,,257820,0.296
unlab,3422,7952,1932,1988,342.0,6,1,100,,413191,0.296
unlab,3679,2896,2152,1760,120.0,7,1,167,,152072,0.296
unlab,3836,4880,1996,1807,198.0,7,1,149,,309973,0.296
unlab,3838,5712,2074,1826,198.0,7,1,142,,223883,0.296
unlab,3919,2128,1801,1539,228.0,7,1,160,,121341,0.296
unlab,4585,9232,1836,1702,198.0,8,3,181,,442653,0.296
unlab,4651,1104,1837,1475,234.0,8,1,154,,53526,0.296
unlab,5021,10192,1948,1690,84.0,9,1,173,,546899,0.296
unlab,6174,1360,1874,1520,120.0,11,1,178,,63448,0.296
unlab,6209,7056,2229,1857,138.0,11,1,147,,382040,0.296
unlab,6318,1488,1632,1578,246.0,11,1,150,,94420,0.296
unlab,6487,2576,2006,1917,12.0,12,1,140,,132122,0.296
unlab,6660,4816,2057,1758,174.0,12,1,149,,310761,0.296
unlab,6909,8208,1995,1881,84.0,13,1,138,,223883,0.296
unlab,6936,3216,2180,1781,108.0,13,1,113,,181006,0.296
unlab,6967,8016,2072,1758,132.0,13,1,145,,404337,0.296
unlab,6974,8144,1959,1799,150.0,13,1,146,,223883,0.296
unlab,7202,10640,1888,1650,96.0,14,1,155,,609680,0.296
unlab,7471,1424,1628,1543,234.0,15,1,144,,94255,0.296
unlab,7746,9296,2064,1863,84.0,17,1,160,,459764,0.296
unlab,7832,10320,1641,1766,306.0,17,1,150,,538427,0.296
unlab,7859,4816,2242,1970,78.0,18,1,144,,299637,0.296
unlab,7927,8720,1720,1714,258.0,18,1,104,,431618,0.296
unlab,8132,8720,2089,1680,108.0,21,1,156,,223883,0.296
unlab,8360,1296,1919,1927,24.0,26,1,145,,79462,0.296
unlab,8441,2128,2135,1499,108.0,28,1,170,,130774,0.296
unlab,8528,2704,1631,1856,276.0,31,1,162,,148526,0.296
unlab,8686,4944,2438,1996,84.0,44,1,141,,313983,0.296
wedge,2222,6928,2748,1998,84.0,66,,,1,376830,0.296
wedge,3168,10064,2592,1852,72.0,61,,,2,504095,0.296
unlab,1048,3024,2103,1927,54.0,4,1,150,,166764,0.288
unlab,1329,3984,2021,1886,192.0,4,1,148,,259061,0.288
unlab,1635,1040,1922,1599,330.0,4,1,142,,68054,0.288
unlab,2064,5904,2159,1878,156.0,5,1,117,,223883,0.288
unlab,2084,10128,1853,1556,162.0,5,1,150,,512497,0.288
unlab,3462,1424,1742,1680,18.0,7,2,174,,63448,0.288
unlab,3820,11088,1008,2026,186.0,7,1,169,,652511,0.288
unlab,3986,7312,2015,1937,252.0,7,1,152,,389843,0.288
unlab,4010,5456,2010,1966,264.0,7,1,118,,318847,0.288
unlab,4212,8336,1843,1959,348.0,7,1,210,,409097,0.288
unlab,4372,9936,2035,1688,78.0,8,1,183,,522772,0.288
unlab,4695,6032,2059,1948,252.0,8,1,124,,344152,0.288
unlab,5109,5968,2196,1889,132.0,9,1,154,,223883,0.288
unlab,6125,9424,2016,1769,90.0,11,1,158,,469771,0.288
unlab,6281,2256,1812,1543,228.0,11,1,144,,126825,0.288
unlab,6679,5136,2002,1866,210.0,12,1,134,,223883,0.288
unlab,7011,7120,2062,1841,216.0,13,1,124,,381598,0.288
unlab,7304,9040,1643,1770,258.0,14,1,154,,442831,0.288
unlab,7342,6160,2019,2069,306.0,14,1,158,,352073,0.288
unlab,7514,5904,2015,1981,288.0,15,1,135,,223883,0.288
unlab,7781,1232,1736,1317,198.0,17,1,124,,62394,0.288
unlab,8408,7760,2205,1837,114.0,27,1,126,,404196,0.288
unlab,8415,976,2087,1143,174.0,27,1,150,,67304,0.288
unlab,43,10640,1782,1714,36.0,2,1,182,,598277,0.28
unlab,222,9616,1874,1660,192.0,2,1,148,,453587,0.28
unlab,803,4752,1990,1913,264.0,3,1,149,,297363,0.28
unlab,1067,7952,1998,1913,60.0,4,1,162,,413239,0.28
unlab,1140,9680,1970,1676,102.0,4,1,168,,484332,0.28
unlab,1525,9552,1836,1732,282.0,4,1,130,,479161,0.28
unlab,2481,1040,1924,1564,318.0,5,2,154,,67644,0.28
unlab,2660,5456,2148,2026,42.0,6,1,149,,325697,0.28
unlab,3529,9104,1912,1864,54.0,7,1,157,,449316,0.28
unlab,4352,9168,1935,1843,72.0,8,1,138,,459335,0.28
unlab,4498,6800,2232,1867,138.0,8,1,133,,223883,0.28
unlab,4967,9296,2010,1900,60.0,9,1,168,,470385,0.28
unlab,6737,9616,1728,1680,252.0,12,1,130,,479262,0.28
unlab,6766,8080,1806,1878,270.0,12,1,137,,395683,0.28
unlab,7099,6224,2049,2018,294.0,13,1,141,,337849,0.28
unlab,7172,1424,1890,1646,78.0,14,1,157,,78528,0.28
unlab,7303,7056,2024,1919,258.0,14,1,135,,381666,0.28
unlab,7348,5648,2005,2083,312.0,14,1,132,,332195,0.28
unlab,7627,5776,2234,1842,138.0,16,1,152,,223883,0.28
unlab,8294,5712,2321,1898,108.0,24,1,155,,223883,0.28
unlab,8318,6864,1986,2019,288.0,24,1,131,,366689,0.28
unlab,8665,1232,1626,1141,204.0,42,1,147,,77204,0.28
unlab,2634,11088,1038,2150,24.0,6,1,130,,650347,0.272
unlab,3104,2448,1893,1683,222.0,6,1,134,,141690,0.272
unlab,3157,10448,1683,1558,240.0,6,1,175,,566820,0.272
unlab,3448,9168,1858,2094,0.0,7,1,137,,442759,0.272
unlab,3548,7568,2110,2018,60.0,7,1,116,,382073,0.272
unlab,3626,9360,2011,1779,90.0,7,1,142,,469799,0.272
unlab,4280,9680,2002,1812,42.0,8,1,141,,470035,0.272
unlab,4508,5456,2158,1900,144.0,8,1,141,,318178,0.272
unlab,4538,9872,1917,1570,156.0,8,1,169,,500842,0.272
unlab,4986,2832,2137,1885,72.0,9,1,124,,165500,0.272
unlab,5156,9936,1928,1523,156.0,9,1,175,,223883,0.272
unlab,5550,7504,2155,2002,72.0,10,1,160,,396002,0.272
unlab,6291,10640,1548,1486,228.0,11,1,155,,599381,0.272
unlab,6601,8144,1989,1864,108.0,12,1,135,,223883,0.272
unlab,6707,8464,1753,1746,234.0,12,1,144,,415918,0.272
unlab,6927,6032,2235,1949,102.0,13,1,162,,223883,0.272
unlab,7313,5712,2004,1964,270.0,14,1,139,,338126,0.272
unlab,7382,1680,1831,1642,66.0,15,1,142,,63448,0.272
unlab,7710,6544,2049,2114,318.0,16,1,144,,360234,0.272
unlab,7714,9744,1732,1876,324.0,16,1,168,,479519,0.272
unlab,7811,10960,1103,1908,264.0,17,1,153,,629431,0.272
unlab,8122,4944,2233,1955,90.0,21,1,130,,223883,0.272
unlab,8575,6160,2399,1993,90.0,34,1,162,,355604,0.272
unlab,945,8336,1855,1903,348.0,3,2,184,,395683,0.267
unlab,780,3856,1948,1882,246.0,3,1,117,,220325,0.264
unlab,1279,10704,1770,1568,162.0,4,1,110,,598720,0.264
unlab,2128,3152,2006,1721,186.0,5,1,131,,181265,0.264
unlab,2989,3664,2055,1860,168.0,6,1,167,,240099,0.264
unlab,3212,10256,1756,1678,258.0,6,1,178,,538757,0.264
unlab,3407,5520,2083,2029,336.0,6,1,152,,332078,0.264
unlab,3873,9808,1791,1562,210.0,7,1,164,,493426,0.264
unlab,4286,5008,2127,2034,48.0,8,1,136,,318152,0.264
unlab,4501,9488,1956,1698,138.0,8,1,160,,483787,0.264
unlab,5454,10704,1773,1784,12.0,10,1,183,,598400,0.264
unlab,5527,3536,2154,1989,66.0,10,1,157,,218989,0.264
unlab,6371,6672,2066,1970,270.0,11,1,126,,365802,0.264
unlab,6756,11024,955,1987,264.0,12,1,151,,649729,0.264
unlab,6784,2128,1746,1613,282.0,12,1,161,,126319,0.264
unlab,7107,8144,1751,1981,300.0,13,1,124,,417194,0.264
unlab,7882,6032,2255,1916,114.0,18,1,134,,223883,0.264
unlab,8389,7504,1821,1996,276.0,26,1,137,,223883,0.264
unlab,8535,6288,1796,2150,300.0,31,1,101,,350190,0.264
wedge,3090,9744,1503,2195,324.0,57,,,1,494033,0.264
unlab,2254,1680,1649,1540,228.0,5,1,160,,109804,0.256
unlab,4724,8848,1796,1725,264.0,8,1,131,,409097,0.256
unlab,4919,10384,1821,1770,30.0,9,2,164,,566643,0.256
unlab,5171,4752,2043,1802,180.0,9,1,115,,309600,0.256
unlab,5595,1680,1803,1571,96.0,10,1,151,,63448,0.256
unlab,5602,8400,1954,1835,96.0,10,1,255,,223883,0.256
unlab,5776,6992,2080,1929,228.0,10,1,164,,382183,0.256
unlab,5798,9296,1828,1795,240.0,10,1,170,,465348,0.256
unlab,6136,9872,2014,1640,96.0,11,1,146,,500948,0.256
unlab,6583,5520,2216,1944,102.0,12,1,139,,332509,0.256
unlab,6701,1552,1615,1519,234.0,12,1,134,,93182,0.256
unlab,7126,10640,1627,1829,324.0,13,1,147,,598191,0.256
unlab,7419,10192,2014,1638,102.0,15,1,163,,546126,0.256
unlab,7565,1936,1865,1615,84.0,16,1,158,,122375,0.256
unlab,8021,1680,1540,1513,246.0,19,1,175,,66130,0.256
unlab,8226,2704,1768,1818,270.0,22,1,160,,63448,0.256
unlab,8246,10256,2030,1918,42.0,23,1,125,,548701,0.256
unlab,8344,2512,2182,1458,144.0,25,1,154,,151857,0.256
unlab,8391,8016,1698,1957,288.0,26,1,134,,409328,0.256
unlab,8584,6096,2388,1963,96.0,35,1,157,,341509,0.256
wedge,310,1648,2329,1873,66.0,69,,,1,116230,0.256
unlab,82,10128,1881,1635,78.0,2,1,180,,523543,0.248
unlab,1383,6928,2114,1873,210.0,4,1,133,,373803,0.248
unlab,1722,1936,1749,1679,12.0,5,1,139,,119990,0.248
unlab,1865,9360,1983,1803,72.0,5,1,108,,469771,0.248
unlab,2096,6544,2195,1879,168.0,5,1,146,,223883,0.248
unlab,2124,11024,1125,1939,180.0,5,1,154,,652738,0.248
unlab,3924,5520,2048,1910,228.0,7,1,167,,332075,0.248
unlab,4375,2896,2157,1861,84.0,8,1,141,,152072,0.248
unlab,4749,8336,1750,1874,276.0,8,1,144,,409097,0.248
unlab,4880,3664,2017,2041,348.0,8,1,162,,241791,0.248
unlab,5174,3664,2025,1814,186.0,9,1,144,,240185,0.248
unlab,6172,8720,1982,1702,114.0,11,1,145,,428488,0.248
unlab,6287,7056,2064,1869,228.0,11,1,139,,382413,0.248
unlab,6397,7632,1925,1992,282.0,11,1,115,,396312,0.248
unlab,6431,5968,2030,2020,306.0,11,1,131,,223883,0.248
unlab,7334,6800,2057,1986,294.0,14,1,143,,366837,0.248
unlab,7975,9168,2028,1836,84.0,19,1,141,,438514,0.248
unlab,7997,7760,2126,1785,138.0,19,1,146,,223883,0.248
unlab,8469,2960,1806,1589,216.0,29,1,162,,160250,0.248
unlab,8846,1360,1017,2121,306.0,59,1,119,,74430,0.248
wedge,2688,8496,1524,2112,312.0,23,,,1,425954,0.248
unlab,160,4304,2054,1888,156.0,2,1,143,,273319,0.24
unlab,473,5392,2176,2031,54.0,3,1,182,,223883,0.24
unlab,1757,10960,1291,2016,24.0,5,1,154,,629723,0.24
unlab,2693,2448,1992,1775,54.0,6,1,151,,132122,0.24
unlab,3789,8144,1929,1820,162.0,7,1,113,,408922,0.24
unlab,5457,2128,1914,1718,24.0,10,1,140,,122230,0.24
unlab,5686,8080,1970,1820,138.0,10,2,140,,412767,0.24
unlab,6572,5072,2185,1956,96.0,12,1,143,,310035,0.24
unlab,7121,3216,1938,1928,318.0,13,1,157,,200130,0.24
unlab,7410,7184,2259,1922,96.0,15,1,111,,223883,0.24
unlab,7626,4048,2217,1778,138.0,16,1,143,,121319,0.24
unlab,7963,10320,1964,1808,48.0,19,1,148,,546542,0.24
unlab,8578,7632,2300,1912,102.0,34,1,145,,223883,0.24
unlab,8597,7632,2307,1846,114.0,36,1,155,,389215,0.24
unlab,8791,6544,2640,1822,108.0,55,1,120,,369175,0.24
wedge,751,2704,1185,2286,300.0,72,,,1,145999,0.24
wedge,2143,6640,2678,1759,114.0,64,,,1,223883,0.24
unlab,38,3216,2052,1867,36.0,2,1,111,,200105,0.232
unlab,2995,10064,1864,1503,168.0,6,1,154,,512734,0.232
unlab,3036,7888,1961,1809,198.0,6,1,186,,412523,0.232
unlab,3535,10448,1870,1676,54.0,7,1,156,,566776,0.232
unlab,3926,6096,2087,1945,228.0,7,1,118,,352062,0.232
unlab,4834,3216,1974,1903,324.0,8,1,135,,200749,0.232
unlab,5695,5328,2197,1825,144.0,10,1,146,,223883,0.232
unlab,5917,7888,1827,1941,288.0,10,1,162,,223883,0.232
unlab,7063,10704,1449,1551,252.0,13,1,116,,599560,0.232
unlab,7199,6032,2238,1960,96.0,14,1,129,,223883,0.232
unlab,7406,6416,2288,1962,96.0,15,1,142,,223883,0.232
unlab,7434,5904,2238,1866,126.0,15,1,154,,223883,0.232
unlab,7662,4304,1844,1807,240.0,16,1,121,,268512,0.232
unlab,7969,5904,2297,1979,78.0,19,1,146,,337877,0.232
unlab,8164,9808,1632,1722,282.0,21,1,156,,493838,0.232
unlab,8249,10064,2128,1733,66.0,23,1,156,,523270,0.232
unlab,8567,1424,1480,1394,228.0,33,1,189,,77684,0.232
wedge,1673,5264,2674,2034,84.0,59,,,1,223883,0.232
wedge,2021,6256,1655,2181,294.0,44,,,1,349763,0.232
wedge,2600,8272,2331,1638,120.0,55,,,1,423147,0.232
unlab,1656,3728,1995,1996,336.0,4,1,165,,242270,0.224
unlab,1724,3536,2033,1996,12.0,5,1,148,,220613,0.224
unlab,2651,3728,2055,1995,36.0,6,2,111,,121319,0.224
unlab,3195,3024,1918,1844,258.0,6,1,134,,181687,0.224
unlab,3247,10960,1158,1923,270.0,6,1,181,,629497,0.224
unlab,3335,9872,1757,1744,306.0,6,1,144,,493452,0.224
unlab,3458,4752,2068,2035,12.0,7,1,161,,299685,0.224
unlab,5368,5776,2043,2012,300.0,9,1,174,,331428,0.224
unlab,5455,1424,1752,1710,18.0,10,1,121,,78528,0.224
unlab,5927,7120,2065,1969,294.0,10,2,144,,382447,0.224
unlab,6911,2064,1968,1586,90.0,13,1,151,,122545,0.224
unlab,7066,6864,2061,1935,258.0,13,1,144,,374327,0.224
unlab,7130,4368,1942,2123,336.0,13,1,118,,288145,0.224
unlab,7500,3024,1812,1866,270.0,15,1,147,,174036,0.224
unlab,7974,7376,2285,1991,84.0,19,1,130,,389414,0.224
unlab,8152,10576,1540,1602,252.0,21,1,178,,567010,0.224
unlab,99,2896,2055,1834,102.0,2,1,115,,165748,0.216
unlab,1081,9232,1924,1828,66.0,4,1,147,,459619,0.216
unlab,2117,2896,2004,1748,180.0,5,1,132,,165707,0.216
unlab,2503,8400,1819,1917,324.0,5,1,226,,409177,0.216
unlab,3322,10640,1654,1718,300.0,6,1,223,,598325,0.216
unlab,3755,10768,1732,1613,144.0,7,1,131,,598597,0.216
unlab,5194,9232,1833,1696,198.0,9,2,170,,442653,0.216
unlab,6851,1616,1747,1827,12.0,13,2,131,,63448,0.216
unlab,7873,6544,2355,1955,96.0,18,1,169,,369670,0.216
unlab,8016,3664,1855,1806,234.0,19,1,111,,230908,0.216
unlab,8108,8784,1979,2083,18.0,21,1,142,,438588,0.216
unlab,8287,10512,2002,1674,84.0,24,1,149,,575887,0.216
unlab,8585,7568,2350,1917,102.0,35,1,147,,398755,0.216
unlab,4365,3216,2134,1855,78.0,8,1,104,,181062,0.213
unlab,1734,10256,1853,1813,12.0,5,1,162,,538265,0.208
unlab,1861,7376,2151,1990,72.0,5,1,135,,390099,0.208
unlab,2586,9808,1867,1779,6.0,6,1,255,,500984,0.208
unlab,2959,8272,1916,1818,156.0,6,1,153,,408922,0.208
unlab,4529,10320,1838,1577,150.0,8,1,176,,538385,0.208
unlab,5035,1232,2002,1560,96.0,9,1,166,,82992,0.208
unlab,5729,1808,1676,1451,198.0,10,1,140,,93339,0.208
unlab,6507,2640,2079,1883,48.0,12,1,159,,152180,0.208
unlab,6903,10640,1924,1703,78.0,13,1,150,,608385,0.208
unlab,7231,6352,2259,1875,126.0,14,1,131,,223883,0.208
unlab,7740,6032,2262,1999,78.0,17,1,132,,223883,0.208
unlab,8229,4496,1789,1939,276.0,22,1,156,,283919,0.208
unlab,8316,1360,1448,1636,276.0,24,1,115,,73217,0.208
unlab,4059,9360,1774,1807,282.0,7,1,254,,442680,0.2
unlab,4103,7248,2026,2025,300.0,7,1,128,,389595,0.2
unlab,4646,8976,1742,1661,228.0,8,1,154,,442834,0.2
unlab,6615,5008,2196,1879,120.0,12,1,120,,310035,0.2
unlab,6992,1168,1817,1397,198.0,13,1,149,,77110,0.2
unlab,7111,6544,2067,2052,306.0,13,1,133,,366071,0.2
unlab,7672,6992,1980,1944,252.0,16,1,149,,374069,0.2
unlab,8093,4304,1765,1920,270.0,20,1,120,,269344,0.2
unlab,8442,5904,2328,1856,114.0,28,1,145,,223883,0.2
unlab,8525,3472,1855,1422,204.0,31,1,145,,173439,0.2
unlab,1762,3216,2071,1910,30.0,5,2,140,,200804,0.192
unlab,2479,10640,1644,1758,312.0,5,1,232,,598410,0.192
unlab,2672,2128,1926,1652,48.0,6,1,154,,122464,0.192
unlab,5386,2064,1754,1657,312.0,9,1,136,,63448,0.192
unlab,5600,7184,2223,1926,96.0,10,1,166,,382082,0.192
unlab,6100,9104,1958,1842,78.0,11,1,159,,459439,0.192
unlab,6554,7056,2259,1957,84.0,12,1,135,,382040,0.192
unlab,7037,5392,1972,1901,240.0,13,1,138,,223883,0.192
unlab,7058,6736,2051,1911,252.0,13,1,132,,366865,0.192
unlab,7216,6032,2236,1937,108.0,14,1,151,,223883,0.192
unlab,7289,8912,1719,1685,240.0,14,1,138,,442833,0.192
unlab,7351,2000,1634,1708,318.0,14,1,122,,119760,0.192
unlab,7577,8464,2010,1830,90.0,16,1,115,,223883,0.192
unlab,8434,10960,1507,2210,42.0,28,1,160,,640027,0.192
unlab,8679,7184,1744,1709,240.0,43,1,131,,223883,0.192
wedge,3207,10160,1117,1349,246.0,54,,,1,530034,0.192
unlab,726,2768,1952,1780,216.0,3,2,152,,152549,0.184
unlab,1240,5200,2114,1916,150.0,4,1,117,,318178,0.184
unlab,1823,2896,2087,1893,60.0,5,1,130,,165624,0.184
unlab,2604,2128,1897,1713,18.0,6,1,142,,130609,0.184
unlab,5015,8272,1971,1902,84.0,9,1,135,,223883,0.184
unlab,5212,5712,2059,1860,210.0,9,1,141,,223883,0.184
unlab,5331,7696,1893,1966,276.0,9,1,129,,404841,0.184
unlab,6460,8720,1804,1853,324.0,11,1,231,,431705,0.184
unlab,6560,2256,2018,1606,90.0,12,1,108,,122397,0.184
unlab,6563,6736,2288,1951,90.0,12,1,129,,223883,0.184
unlab,6983,4816,2058,1754,174.0,13,1,138,,309819,0.184
unlab,7556,5712,2265,2029,66.0,16,1,129,,223883,0.184
unlab,7642,4752,1949,1477,192.0,16,1,163,,223883,0.184
unlab,8223,5840,1952,1946,258.0,22,1,133,,337460,0.184
unlab,8303,1552,1548,1302,210.0,24,1,255,,93429,0.184
unlab,4574,10128,1808,1520,192.0,8,3,179,,512497,0.176
unlab,5438,4752,2029,2055,354.0,9,1,144,,299578,0.176
unlab,5633,2192,1957,1546,114.0,10,1,112,,122475,0.176
unlab,7343,6224,2031,2055,306.0,14,1,137,,352087,0.176
unlab,9005,3600,2754,1696,108.0,75,1,158,,227541,0.176
unlab,9029,3600,2754,1696,108.0,79,1,158,,227541,0.176
unlab,648,1296,1772,1508,180.0,3,1,182,,78353,0.168
unlab,2845,10576,1807,1644,108.0,6,1,166,,599038,0.168
unlab,4392,4112,2145,1946,90.0,8,1,125,,272337,0.168
unlab,5604,1168,2084,1499,102.0,10,1,201,,83625,0.168
unlab,5648,5072,2162,1909,120.0,10,1,120,,317404,0.168
unlab,5714,9616,1924,1655,156.0,10,1,121,,484485,0.168
unlab,6228,6864,2236,1848,150.0,11,1,152,,223883,0.168
unlab,6462,10128,1736,1755,324.0,11,1,255,,538563,0.168
unlab,6531,9936,2006,1714,66.0,12,1,142,,522753,0.168
unlab,8031,8912,1663,1716,258.0,19,1,128,,431666,0.168
unlab,8069,8272,2052,1837,108.0,20,1,149,,420765,0.168
unlab,8549,1680,1450,1361,228.0,32,1,143,,109148,0.168
unlab,8612,6032,2397,1852,114.0,37,1,154,,223883,0.168
wedge,1913,5904,1641,1843,258.0,60,,,1,329505,0.168
unlab,5071,2192,1950,1549,114.0,9,1,132,,130631,0.16
unlab,6575,7120,2250,1927,96.0,12,1,164,,223883,0.16
wedge,1855,5776,2588,1701,120.0,63,,,1,223883,0.16
unlab,384,3728,2018,2004,0.0,3,1,119,,242270,0.152
unlab,642,3600,2034,1878,174.0,3,3,109,,220699,0.152
unlab,2585,7312,2127,2140,6.0,6,1,118,,389389,0.152
unlab,5097,7888,2069,1830,126.0,9,1,158,,404337,0.152
unlab,5741,4432,1959,1725,204.0,10,1,177,,286034,0.152
unlab,8439,7120,2386,1912,96.0,28,1,136,,223883,0.152
unlab,4455,7824,2071,1874,114.0,8,1,143,,223883,0.144
unlab,4813,7248,2030,2055,312.0,8,1,145,,389654,0.144
unlab,6253,8784,1792,1510,198.0,11,2,161,,431618,0.144
unlab,7104,1296,1563,1718,300.0,13,1,119,,78478,0.144
unlab,7582,6160,2253,1980,96.0,16,1,155,,352402,0.144
unlab,8110,9104,2066,2059,42.0,21,1,143,,460980,0.144
wedge,1542,4816,1423,2205,294.0,82,,,1,206505,0.144
unlab,1744,1232,1845,1633,24.0,5,1,209,,78137,0.136
unlab,3313,5136,1951,2053,300.0,6,1,124,,318178,0.136
unlab,4049,4752,1955,1937,282.0,7,1,123,,311032,0.136
unlab,5372,8144,1785,1961,300.0,9,1,123,,417208,0.136
unlab,5959,10960,1155,1992,306.0,10,1,153,,629571,0.136
unlab,6383,7376,1991,1980,276.0,11,1,133,,390106,0.136
unlab,7809,7376,1954,1956,264.0,17,1,146,,389466,0.136
unlab,2190,2768,1954,1770,210.0,5,1,133,,152549,0.128
unlab,2643,5712,2174,2058,30.0,6,1,134,,337848,0.128
unlab,6736,9296,1815,1814,252.0,12,1,200,,442759,0.128
unlab,6924,1744,1839,1522,102.0,13,1,152,,109539,0.128
unlab,7082,4176,1896,1944,276.0,13,1,151,,272562,0.128
unlab,7318,4048,1699,1997,276.0,14,1,100,,254157,0.128
unlab,7588,6288,2270,1924,102.0,16,1,159,,223883,0.128
unlab,8321,10320,1593,1801,306.0,24,1,164,,537998,0.128
wedge,1458,4560,1646,2803,336.0,80,,,1,206505,0.128
unlab,3473,11088,1041,2157,24.0,7,2,141,,653429,0.12
unlab,7243,9616,2008,1601,138.0,14,1,130,,484435,0.12
unlab,7755,8272,2021,1863,102.0,17,1,148,,421146,0.12
unlab,4120,8144,1818,1956,306.0,7,1,143,,417327,0.112
unlab,7752,5712,2264,1933,102.0,17,1,186,,223883,0.112
unlab,8459,10832,1920,1816,96.0,29,1,158,,643719,0.112
unlab,7496,2704,1849,1803,264.0,15,1,138,,63448,0.104
unlab,8189,1360,1985,1522,108.0,22,1,142,,83449,0.104
unlab,4237,4048,2084,2104,12.0,8,1,145,,259307,0.096
unlab,1814,9552,1979,1774,54.0,5,1,148,,470008,0.088
unlab,7557,7376,2248,2041,66.0,16,1,131,,223883,0.088
unlab,1445,8976,1782,1707,234.0,4,1,148,,442540,0.08
unlab,8353,7440,1845,2001,276.0,25,1,146,,223883,0.072
