{
 "pearson": -0.7963728800275405,
 "spearman": -0.9080684041023871,
 "mean": 0.0637262583246476,
 "median": 0.047441499149421876,
 "p90": 0.1423742976693341,
 "th_conf": 0.65
}