{
 "curvature": {
  "bins": [
   [
    3.993511199951172e-06,
    0.0060849785804748535,
    599996,
    707259,
    0.9526065587294247,
    0.9569499660659537,
    0.9569896876021322
   ],
   [
    0.0060849785804748535,
    0.008970260620117188,
    599995,
    673836,
    0.9399082028018655,
    0.9463414850344509,
    0.9464502508603879
   ],
   [
    0.008970260620117188,
    0.012477618455886852,
    600009,
    657211,
    0.9249433695695098,
    0.9332531930045347,
    0.9336079292733301
   ],
   [
    0.012477618455886852,
    0.017206788063049316,
    599999,
    642719,
    0.907401800966877,
    0.9188818125917644,
    0.9190855967635821
   ],
   [
    0.017206788063049316,
    0.023728787899017334,
    599999,
    621477,
    0.8879020752932612,
    0.9007356682306851,
    0.9010892556033109
   ],
   [
    0.023728787899017334,
    0.03259807825088501,
    599998,
    589342,
    0.8671242778627473,
    0.8805662536250997,
    0.880948303700484
   ],
   [
    0.03259807825088501,
    0.045020341873168945,
    600003,
    554526,
    0.841560575199484,
    0.8588503814861703,
    0.859098868730598
   ],
   [
    0.045020341873168945,
    0.06410801410675049,
    600000,
    530903,
    0.8109404675916944,
    0.8361144946094986,
    0.8364292032693983
   ],
   [
    0.06410801410675049,
    0.10280772447586073,
    600001,
    556682,
    0.7671303529284249,
    0.8095033760613228,
    0.8099431352960803
   ],
   [
    0.10280772447586073,
    0.585384951663971,
    600000,
    466044,
    0.6550886162983895,
    0.7577244481011092,
    0.7592489929134016
   ]
  ],
  "arms": [
   "baseline",
   "ft_ctrl",
   "ft_ign"
  ]
 },
 "spacing": {
  "bins": [
   [
    0.0,
    4.0,
    11028,
    2245,
    0.41273179507437235,
    0.6472817723341193,
    0.6522558896447431
   ],
   [
    4.0,
    6.0,
    12180,
    1932,
    0.5564426970188375,
    0.6888660686663471,
    0.6937219527991106
   ],
   [
    6.0,
    8.0,
    112855,
    102284,
    0.6675058210284813,
    0.7006457701698193,
    0.7017092983349916
   ],
   [
    8.0,
    11.0,
    765695,
    491859,
    0.774364179261802,
    0.79606095923126,
    0.7961897636343408
   ],
   [
    11.0,
    15.0,
    1263177,
    1125552,
    0.8373341213107008,
    0.8587708570839637,
    0.8588706857885848
   ],
   [
    15.0,
    22.0,
    1692912,
    1887246,
    0.8775970529918282,
    0.9024468595091725,
    0.9029057539361057
   ],
   [
    22.0,
    39.0,
    1594033,
    1824759,
    0.8856539396110792,
    0.9207278926648191,
    0.921144125908087
   ],
   [
    39.0,
    41.0,
    548120,
    564123,
    0.8735144642463188,
    0.9297378703234013,
    0.930011229369293
   ]
  ],
  "arms": [
   "baseline",
   "ft_ctrl",
   "ft_ign"
  ]
 }
}