{
 "pA": [
  0.41273183546558545,
  0.5564426970188375,
  0.6675058215049497,
  0.7743641793162344,
  0.8373341211805815,
  0.8775970531514555,
  0.8856539394622168,
  0.8735144640959343
 ],
 "pB": [
  0.7711483545023682,
  0.7578844931275859,
  0.7896010993451675,
  0.8655233304489716,
  0.9116589755965763,
  0.9369678900297475,
  0.942991693811209,
  0.9378130987075919
 ],
 "phase": [
  0.5027944256894578,
  0.5238337676399896,
  0.529414345547119,
  0.5784331207750365,
  0.593825912590518,
  0.5865035602111671,
  0.5823288816992082,
  0.6120821599503435
 ],
 "pA+phase": [
  0.46878453953613114,
  0.5758461755516799,
  0.6234522573578997,
  0.723281695094613,
  0.7768104671811139,
  0.8115382750079042,
  0.8385749499594892,
  0.8444609937615651
 ],
 "pB+phase": [
  0.6818346981524251,
  0.679219382655611,
  0.6975909101913544,
  0.7803353257614184,
  0.823126565022529,
  0.8497324733583201,
  0.8780586114778562,
  0.8768222080080293
 ]
}