{
 "msr@0.4": [
  0.5725625104437423,
  0.29633750088861366,
  0.8481193777197122,
  0.5337699370721685
 ],
 "msr@0.5": [
  0.575676872163864,
  0.30626995334893603,
  0.8495198422315828,
  0.532754118223226
 ],
 "msr@0.6": [
  0.571188917210271,
  0.2969191512916981,
  0.8468916148255131,
  0.5305745903823771
 ]
}