{
 "aligned->oblique": [
  0.9057574187100508,
  0.8716565779876215,
  177596
 ],
 "oblique->aligned": [
  0.9120181435430041,
  0.8929969798546508,
  119821
 ],
 "stays oblique": [
  0.8897580874223608,
  0.8760148652825871,
  170839
 ],
 "stays aligned": [
  0.87761640900226,
  0.8661767812763378,
  87056
 ]
}