{
 "sweep": {
  "base@0.3": [
   0.6889407666666666,
   0.4087607666666667,
   0.9715211666666669,
   0.6465145000000001
  ],
  "base@0.4": [
   0.6929156,
   0.41390939999999987,
   0.9724744333333333,
   0.6525048333333333
  ],
  "base@0.5": [
   0.5599118999999999,
   0.21204513333333327,
   0.9730592000000002,
   0.44493643333333327
  ],
  "base@0.6": [
   0.5576860666666666,
   0.20179076666666665,
   0.9725840666666666,
   0.4478410666666667
  ],
  "base@0.7": [
   0.5558553333333334,
   0.19319266666666665,
   0.9718750333333332,
   0.4506894333333333
  ],
  "loso_s1@0.3": [
   0.6070609999999999,
   0.26367646666666666,
   0.9326887,
   0.5757628
  ],
  "loso_s1@0.4": [
   0.6172448666666668,
   0.2850877666666667,
   0.9411180666666666,
   0.5780777333333333
  ],
  "loso_s1@0.5": [
   0.6241490666666665,
   0.30102500000000004,
   0.9464040666666667,
   0.5788576666666667
  ],
  "loso_s1@0.6": [
   0.6210953666666669,
   0.29529150000000004,
   0.9457773333333334,
   0.5756740666666665
  ],
  "loso_s1@0.7": [
   0.6117792999999999,
   0.27025646666666664,
   0.9429011333333333,
   0.5733912333333334
  ]
 },
 "best_base": "base@0.4",
 "best_loso": "loso_s1@0.5",
 "fair_delta": -0.06876653333333349,
 "n": 30
}