{
 "msr@0.4": [
  0.5564782610492452,
  0.28497092967433324,
  0.8085727457341253,
  0.5371043461142901
 ],
 "msr@0.5": [
  0.5652839540862776,
  0.30041558169369303,
  0.8216889898011596,
  0.5359089518507543
 ],
 "msr@0.6": [
  0.5667446128748251,
  0.2952523215420919,
  0.8300476642534278,
  0.536149239781422
 ]
}