{
 "base@0.4": [
  0.5777668414220282,
  0.3100764915448613,
  0.8217713081959117,
  0.5632112459714297
 ],
 "ft@0.6": [
  0.5673026039562414,
  0.28883725402615956,
  0.8450295510947553,
  0.5282602424720833
 ],
 "ft@0.4": [
  0.5712069566267999,
  0.296310743960785,
  0.8471559323660621,
  0.5308833060298362
 ]
}