{
 "ALL points": [
  [
   0.577,
   0.7,
   391674,
   0.8956557044441155,
   0.9129019813037818
  ],
  [
   0.7,
   0.8,
   1446081,
   0.8901628861309849,
   0.9090839503337843
  ],
  [
   0.8,
   0.88,
   1400682,
   0.8725227545346079,
   0.8939405919291282
  ],
  [
   0.88,
   0.94,
   1207894,
   0.8528266931607034,
   0.880535885241145
  ],
  [
   0.94,
   0.98,
   1019228,
   0.8407983606845052,
   0.8770736177888413
  ],
  [
   0.98,
   1.001,
   534441,
   0.8032251738495241,
   0.871684358084668
  ]
 ],
 "LOW-curvature half only": [
  [
   0.577,
   0.7,
   187017,
   0.9554656022631327,
   0.9493864967035308
  ],
  [
   0.7,
   0.8,
   736468,
   0.9471392809172244,
   0.9464916348701204
  ],
  [
   0.8,
   0.88,
   700194,
   0.9363935480154281,
   0.9375299559459155
  ],
  [
   0.88,
   0.94,
   599174,
   0.9200602729365572,
   0.927504145358553
  ],
  [
   0.94,
   0.98,
   542065,
   0.8999672541602459,
   0.9175481302641056
  ],
  [
   0.98,
   1.001,
   235080,
   0.8528218570921589,
   0.9087894541131077
  ]
 ]
}