{
 "base": [
  0.5777668749999999,
  0.31007657499999997,
  0.8217713000000002,
  0.5632112249999998
 ],
 "base_peel": [
  0.54703985,
  0.20209319999999997,
  0.8268926000000001,
  0.562855725
 ],
 "full": [
  0.575676875,
  0.3062700000000001,
  0.8495198749999997,
  0.532754125
 ],
 "full_peel": [
  0.5455737249999999,
  0.20585194999999995,
  0.8497385000000002,
  0.5325988500000001
 ]
}