{
 "base@0.3": [
  0.1691695883900326,
  0.8132816456393984,
  0.4655882201762555,
  0.4983553295524886
 ],
 "base@0.4": [
  0.1940567757266092,
  0.8217713081959117,
  0.47350126144070054,
  0.511562432090797
 ],
 "base@0.5": [
  0.20688251784837347,
  0.8278788896878524,
  0.42525775303373,
  0.5006625803070659
 ],
 "base@0.6": [
  0.22040300015674147,
  0.8314444872747773,
  0.4305516282793507,
  0.5078195404909672
 ],
 "ft@0.3": [
  0.11332167527637915,
  0.8437965898127004,
  0.4388153119530143,
  0.4829106682009139
 ],
 "ft@0.4": [
  0.14481529504538884,
  0.8471559323660621,
  0.4449719630771346,
  0.4956893519187355
 ],
 "ft@0.5": [
  0.17735046363379364,
  0.8477346356713843,
  0.4505690610606279,
  0.5076114329463424
 ],
 "ft@0.6": [
  0.19514715729820026,
  0.8450295510947553,
  0.4539535880561726,
  0.5131882458922848
 ]
}