{
 "curvature": [
  [
   3.993511199951172e-06,
   0.0060849785804748535,
   599996,
   707259,
   0.9526065588979166,
   0.9697978145651738
  ],
  [
   0.0060849785804748535,
   0.008970260620117188,
   599995,
   673836,
   0.9399082028797783,
   0.9608740747333553
  ],
  [
   0.008970260620117188,
   0.012477618455886852,
   600009,
   657211,
   0.924943369527667,
   0.9518849360447499
  ],
  [
   0.012477618455886852,
   0.017206788063049316,
   599999,
   642719,
   0.9074018007257136,
   0.9416033999082948
  ],
  [
   0.017206788063049316,
   0.023728787899017334,
   599999,
   621477,
   0.8879020751859896,
   0.9311277464048775
  ],
  [
   0.023728787899017334,
   0.03259807825088501,
   599998,
   589342,
   0.867124278080505,
   0.919499284011078
  ],
  [
   0.03259807825088501,
   0.045020341873168945,
   600003,
   554526,
   0.8415605750927868,
   0.9056240637701726
  ],
  [
   0.045020341873168945,
   0.06410801410675049,
   600000,
   530903,
   0.8109404680468937,
   0.8917888799884348
  ],
  [
   0.06410801410675049,
   0.10280772447586073,
   600001,
   556682,
   0.7671303523131735,
   0.8755255055046703
  ],
  [
   0.10280772447586073,
   0.585384951663971,
   600000,
   466044,
   0.6550886155777852,
   0.8461817080576083
  ]
 ],
 "spacing": [
  [
   0.0,
   4.0,
   11028,
   2245,
   0.41273183546558545,
   0.7711483545023682
  ],
  [
   4.0,
   6.0,
   12180,
   1932,
   0.5564426970188375,
   0.7578844931275859
  ],
  [
   6.0,
   8.0,
   112855,
   102284,
   0.6675058215049497,
   0.7896010993451675
  ],
  [
   8.0,
   11.0,
   765695,
   491859,
   0.7743641793162344,
   0.8655233304489716
  ],
  [
   11.0,
   15.0,
   1263177,
   1125552,
   0.8373341211805815,
   0.9116589755965763
  ],
  [
   15.0,
   22.0,
   1692912,
   1887246,
   0.8775970531514555,
   0.9369678900297475
  ],
  [
   22.0,
   39.0,
   1594033,
   1824759,
   0.8856539394622168,
   0.942991693811209
  ],
  [
   39.0,
   41.0,
   548120,
   564123,
   0.8735144640959343,
   0.9378130987075919
  ]
 ]
}