{
 "curvature": [
  [
   3.993511199951172e-06,
   0.0060877203941345215,
   599985,
   0.8204755118877972
  ],
  [
   0.0060877203941345215,
   0.008962631225585938,
   600013,
   0.7986043635721226
  ],
  [
   0.008962631225585938,
   0.01246941089630127,
   600000,
   0.7741533333333334
  ],
  [
   0.01246941089630127,
   0.01720330715179444,
   600002,
   0.7495758347472176
  ],
  [
   0.01720330715179444,
   0.023715823888778687,
   600000,
   0.7209483333333333
  ],
  [
   0.023715823888778687,
   0.03260403871536255,
   599999,
   0.6943528239213732
  ],
  [
   0.03260403871536255,
   0.04499995708465576,
   599999,
   0.6651111085185142
  ],
  [
   0.04499995708465576,
   0.06409436464309692,
   600001,
   0.6281839530267449
  ],
  [
   0.06409436464309692,
   0.1026776492595673,
   600001,
   0.5711373814376977
  ],
  [
   0.1026776492595673,
   0.5726522670516968,
   600000,
   0.4708233333333333
  ]
 ],
 "spacing": [
  [
   0.0,
   4.0,
   11138,
   0.3468306697791345
  ],
  [
   4.0,
   6.0,
   11972,
   0.49181423321082524
  ],
  [
   6.0,
   8.0,
   112996,
   0.5595684803001876
  ],
  [
   8.0,
   11.0,
   766502,
   0.6232625616110591
  ],
  [
   11.0,
   15.0,
   1261479,
   0.6804671342130943
  ],
  [
   15.0,
   22.0,
   1694257,
   0.7099383387526214
  ],
  [
   22.0,
   39.0,
   1593468,
   0.7146211910123077
  ],
  [
   39.0,
   41.0,
   548188,
   0.7029851072989558
  ]
 ],
 "per_scroll": {
  "s1": [
   0.563311796554595,
   0.5089245234598518,
   162
  ],
  "s4": [
   0.8579072689878765,
   0.8600869773189469,
   36
  ],
  "s5": [
   0.6082092239957295,
   0.6082092239957295,
   2
  ]
 },
 "th": 0.4
}